price,year,manufacturer,model,condition,cylinders,fuel,odometer,title_status,transmission,drive,size,type,paint_color,state
44495,2019.0,audi,s5 3.0t quattro,,,gas,27079.0,clean,automatic,,,,,il
17500,2015.0,chevrolet,express 2500 v8,like new,8 cylinders,gas,78223.0,clean,automatic,rwd,full-size,van,white,in
6285,2008.0,lincoln,mkz,excellent,6 cylinders,gas,133921.0,clean,automatic,fwd,full-size,sedan,black,fl
10200,2016.0,hyundai,elantra se 4dr sedan,excellent,4 cylinders,gas,107220.0,clean,automatic,fwd,mid-size,sedan,black,ca
3800,2013.0,ford,escape,fair,4 cylinders,gas,116401.0,clean,automatic,fwd,,,grey,mi
2500,1999.0,,International 3800 School Bus,,8 cylinders,diesel,244660.0,clean,manual,rwd,full-size,bus,yellow,va
6995,2012.0,kia,optima lx,good,4 cylinders,gas,151000.0,clean,automatic,fwd,,,,va
245,2010.0,gmc,sierra 1500 sl,,8 cylinders,gas,,clean,automatic,rwd,,,,ca
29990,2014.0,gmc,sierra 1500 crew cab sle,good,8 cylinders,gas,69200.0,clean,other,4wd,,pickup,,nc
16995,2014.0,ford,expedition,like new,8 cylinders,gas,113455.0,clean,automatic,,,,silver,la
2900,1995.0,chevrolet,lumina,,6 cylinders,gas,85000.0,clean,automatic,fwd,,sedan,green,tx
6200,2010.0,nissan,altima 2.5 s,excellent,4 cylinders,gas,123000.0,clean,automatic,fwd,mid-size,sedan,green,tx
18590,2018.0,jeep,renegade sport suv 4d,good,,gas,28553.0,clean,other,,,other,,az
2990,2007.0,chevrolet,equinox lt awd,,6 cylinders,gas,179328.0,clean,automatic,4wd,,SUV,red,ma
267,2016.0,honda,cr-v ex-l,,4 cylinders,gas,,clean,automatic,4wd,,SUV,,ma
6900,2006.0,mercedes-benz,benz e350,excellent,6 cylinders,gas,58000.0,clean,automatic,fwd,full-size,sedan,black,fl
27000,2015.0,jeep,wrangler sahara unlimited,good,6 cylinders,gas,71000.0,clean,automatic,4wd,mid-size,SUV,black,nj
500,2012.0,,PROGRAMS as little as $500 DOWN!,,,gas,50000.0,clean,automatic,,,,,me
17809,2016.0,jeep,cherokee,,,gas,100859.0,clean,automatic,4wd,,SUV,,oh
8500,2008.0,jeep,grand cherokee,excellent,10 cylinders,gas,105722.0,clean,other,4wd,full-size,SUV,blue,fl
28325,2019.0,ford,mustang,,,gas,10842.0,clean,automatic,,,convertible,black,in
7495,2012.0,jeep,liberty,,6 cylinders,gas,102315.0,clean,automatic,4wd,,SUV,silver,ny
19500,2015.0,mercedes-benz,benz ml350,good,6 cylinders,gas,109405.0,clean,automatic,rwd,mid-size,SUV,white,az
26496,2014.0,ford,f-150,,,gas,130044.0,clean,automatic,4wd,,pickup,black,fl
13500,2016.0,toyota,camry,,,gas,75201.0,clean,automatic,fwd,,sedan,,ct
9900,2016.0,nissan,altima,like new,4 cylinders,gas,125000.0,clean,automatic,fwd,,sedan,grey,fl
15990,2014.0,volvo,s60 t5 premier plus sedan,good,,gas,46169.0,clean,other,fwd,,sedan,white,fl
12900,2017.0,nissan,altima,excellent,4 cylinders,gas,71000.0,clean,automatic,fwd,,sedan,black,ny
3700,2002.0,toyota,camry le,good,4 cylinders,gas,130000.0,clean,automatic,,mid-size,sedan,white,az
6500,2009.0,ram,1500,,,gas,190000.0,clean,automatic,,,,,il
22990,2013.0,hyundai,genesis coupe 3.8 track,good,,other,21116.0,clean,other,rwd,,coupe,black,tx
14995,2017.0,volkswagen,jetta sel premium,,,gas,80989.0,clean,automatic,,,,,mt
1500,2005.0,lexus,ls,,,gas,222315.0,clean,automatic,,,,,tn
3300,2009.0,nissan,altima,good,,hybrid,240000.0,clean,automatic,,,,grey,ny
5995,2009.0,honda,accord,good,4 cylinders,gas,161000.0,clean,automatic,,,,red,ky
1800,2008.0,mini,cooper hardtop s,good,,gas,0.0,rebuilt,automatic,,,,red,la
10500,1991.0,dodge,ramcharger,fair,8 cylinders,gas,155000.0,clean,automatic,4wd,full-size,SUV,blue,ny
3600,2008.0,buick,enclave,,,gas,175000.0,clean,automatic,,,,,ia
14999,2011.0,chevrolet,camaro lt coupe 2d,excellent,6 cylinders,gas,97791.0,,automatic,,,coupe,,ca
15495,2014.0,toyota,rav4,excellent,4 cylinders,gas,145002.0,clean,automatic,fwd,full-size,SUV,custom,il
10995,2016.0,toyota,corolla,excellent,4 cylinders,gas,75000.0,clean,automatic,fwd,,sedan,black,ga
36590,2019.0,infiniti,q60 3.0t luxe coupe 2d,good,,other,18605.0,clean,other,,,coupe,blue,ok
17985,2014.0,toyota,sienna xle,excellent,,gas,103845.0,clean,automatic,,,,,il
19999,2015.0,ford,transit cargo van,excellent,,gas,67421.0,clean,automatic,,,mini-van,white,ny
8900,2005.0,dodge,grand caravan sxt,excellent,6 cylinders,gas,57000.0,clean,automatic,fwd,,mini-van,silver,pa
9700,2011.0,honda,cr-v ex,excellent,4 cylinders,gas,92000.0,salvage,automatic,4wd,mid-size,SUV,white,nm
28590,2019.0,lexus,ux 200 f sport suv 4d,good,,gas,20474.0,clean,other,fwd,,hatchback,,fl
19990,2020.0,mitsubishi,outlander sport es,good,,other,11103.0,clean,other,,,hatchback,orange,pa
26995,2015.0,chevrolet,suburban,good,8 cylinders,gas,93970.0,clean,automatic,4wd,full-size,SUV,black,mi
13988,2014.0,subaru,outback,,,gas,122794.0,clean,automatic,,,other,,co
30000,1970.0,,Plymouth Duster,good,8 cylinders,gas,1.0,clean,manual,rwd,,,blue,wi
20990,2018.0,acura,ilx special edition sedan,good,,other,18972.0,clean,other,,,sedan,silver,ny
57995,2015.0,gmc,sierra 2500hd available wifi,,8 cylinders,diesel,68080.0,clean,automatic,4wd,,,silver,wy
5500,2007.0,hyundai,sonata,good,6 cylinders,gas,76000.0,clean,automatic,fwd,mid-size,sedan,blue,ny
13699,2012.0,toyota,sienna,,,gas,135840.0,clean,automatic,fwd,,,,ia
15000,2013.0,chevrolet,silverado z71 4x4,excellent,8 cylinders,gas,180000.0,clean,automatic,4wd,full-size,truck,brown,ca
3490,2005.0,jeep,liberty,good,,gas,125000.0,clean,automatic,,,,,oh
8995,2013.0,toyota,prius,like new,4 cylinders,hybrid,101005.0,clean,automatic,fwd,full-size,hatchback,blue,ny
7995,2009.0,kia,sorento,,,gas,155097.0,clean,other,,,,,or
1999,2003.0,dodge,neon,,,gas,1.0,clean,automatic,,,,,mi
36900,2014.0,tesla,s,excellent,,electric,39000.0,clean,other,rwd,,,,id
44881,2011.0,ford,f250 super duty lariat,,,diesel,84616.0,clean,automatic,,,,,nc
7100,2005.0,subaru,legacy gt,excellent,6 cylinders,gas,138000.0,clean,automatic,4wd,full-size,hatchback,blue,mi
58995,2017.0,gmc,sierra 2500hd,,8 cylinders,diesel,99470.0,clean,automatic,4wd,,,black,nm
7995,2011.0,nissan,juke,excellent,,gas,158770.0,clean,automatic,4wd,,wagon,grey,or
7195,2006.0,ford,expedition,,,gas,196260.0,clean,automatic,4wd,,SUV,black,oh
12999,2008.0,mercedes-benz,cls550,like new,8 cylinders,gas,74000.0,clean,automatic,rwd,full-size,sedan,brown,tx
31590,2019.0,cadillac,xt4 sport suv 4d,good,,other,12102.0,clean,other,fwd,,hatchback,black,il
4250,2006.0,chevrolet,trailblazer,excellent,6 cylinders,gas,188000.0,clean,automatic,rwd,mid-size,SUV,white,ca
9998,2010.0,subaru,outback,,6 cylinders,gas,154817.0,clean,automatic,4wd,,wagon,,mt
2400,2000.0,honda,civic lx,good,4 cylinders,gas,203000.0,clean,manual,fwd,compact,coupe,black,ca
4399,2005.0,hyundai,tiburon,good,4 cylinders,gas,168555.0,rebuilt,automatic,fwd,mid-size,coupe,blue,ok
26990,2020.0,toyota,tacoma access cab sr5,good,,gas,8625.0,clean,other,,,pickup,red,pa
6995,2006.0,toyota,highlander,good,6 cylinders,gas,168235.0,clean,automatic,4wd,mid-size,SUV,blue,co
20900,2007.0,bmw,6-series,,10 cylinders,gas,68029.0,clean,manual,rwd,,convertible,black,nj
29500,1981.0,pontiac,firebird,like new,8 cylinders,gas,42000.0,clean,automatic,rwd,,,black,sc
9288,2014.0,honda,civic,excellent,,gas,114148.0,clean,automatic,fwd,,sedan,black,ca
9999,2010.0,subaru,legacy,excellent,4 cylinders,gas,79000.0,clean,automatic,4wd,,sedan,,wa
11995,2012.0,jeep,grand cherokee laredo x,excellent,8 cylinders,gas,167365.0,,automatic,4wd,,SUV,,co
27999,2014.0,jeep,wrangler,,,gas,41187.0,clean,manual,4wd,,SUV,silver,wa
4995,2008.0,nissan,altima,good,4 cylinders,gas,157165.0,clean,automatic,fwd,,sedan,silver,pa
25990,2019.0,honda,civic si sedan 4d,good,,gas,25067.0,clean,other,fwd,,sedan,,pa
46990,2019.0,bmw,5 series 540i xdrive sedan,good,,other,14900.0,clean,other,,,sedan,white,mo
6795,2016.0,chevrolet,sonic,,4 cylinders,gas,90426.0,clean,automatic,fwd,,other,red,fl
32995,2018.0,toyota,tacoma,,6 cylinders,gas,37867.0,clean,automatic,rwd,,truck,,fl
11900,2013.0,dodge,challenger,good,8 cylinders,gas,132000.0,clean,automatic,rwd,full-size,coupe,purple,in
55000,2018.0,gmc,sierra 3500hd denali duramax,excellent,10 cylinders,diesel,97500.0,clean,automatic,4wd,full-size,pickup,black,ma
9995,2008.0,ford,expedition,,,gas,169501.0,clean,automatic,,,,,mi
18500,2012.0,chevrolet,silverado,like new,8 cylinders,gas,168000.0,lien,automatic,4wd,,,,az
8400,2014.0,volkswagen,routan se,good,6 cylinders,gas,102000.0,clean,automatic,fwd,full-size,mini-van,green,md
3000,1989.0,,International 1800S,fair,8 cylinders,diesel,223804.0,clean,automatic,rwd,compact,bus,white,va
3650,2004.0,toyota,solara,good,4 cylinders,gas,120974.0,clean,automatic,,mid-size,coupe,white,va
22590,2017.0,honda,accord ex w/honda sensing,good,,gas,13672.0,clean,other,fwd,,sedan,,ca
18990,2019.0,dodge,journey se sport utility,good,,other,5378.0,clean,other,fwd,,SUV,white,sc
15590,2016.0,,Scion iM Hatchback 4D,good,,gas,32573.0,clean,other,fwd,,hatchback,green,fl
8977,2010.0,ford,transit connect,excellent,4 cylinders,gas,100901.0,clean,automatic,fwd,mid-size,van,yellow,or
11990,2014.0,dodge,charger,excellent,8 cylinders,gas,136095.0,clean,automatic,rwd,full-size,sedan,white,nc
52000,1996.0,,Peterbilt 379,,6 cylinders,other,840000.0,clean,manual,rwd,,,red,mi
32590,2020.0,,Genesis G70 2.0T Sedan 4D,good,,other,4171.0,clean,other,,,sedan,white,mn
21995,2005.0,ford,excursion limited,good,8 cylinders,diesel,148000.0,clean,automatic,4wd,full-size,SUV,black,sc
46950,2013.0,ram,2500 laramie longhorn,,6 cylinders,diesel,118944.0,clean,automatic,4wd,,truck,,wa
12495,2010.0,ford,f-150 lariat,,,gas,177808.0,clean,automatic,,,,,il
103,2010.0,mazda,mazda3 4dr sdn auto i spo,,4 cylinders,gas,80724.0,clean,manual,fwd,,sedan,,hi
18500,2011.0,bmw,7-series 750li,new,8 cylinders,gas,75200.0,clean,automatic,rwd,full-size,sedan,grey,tx
18990,2016.0,mazda,mazda3 i touring hatchback,good,,other,32642.0,clean,other,fwd,,hatchback,,ca
19800,2015.0,ford,explorer,excellent,6 cylinders,gas,96281.0,clean,automatic,4wd,,wagon,silver,ny
14995,2018.0,bmw,320i,,,gas,71481.0,clean,automatic,,compact,sedan,,pa
19990,2013.0,lexus,es 350 sedan 4d,good,6 cylinders,gas,62039.0,clean,other,fwd,,sedan,,ny
7800,2008.0,rover,hse,like new,8 cylinders,gas,158625.0,clean,automatic,4wd,full-size,SUV,grey,va
21995,2017.0,ford,mustang,,,gas,75235.0,clean,automatic,rwd,,,,tx
8400,1994.0,mercedes-benz,500,excellent,8 cylinders,gas,106000.0,clean,automatic,rwd,mid-size,convertible,red,fl
28082,2017.0,ford,explorer limited,,,gas,47596.0,clean,automatic,,,,,fl
36990,2013.0,mercedes-benz,sl-class sl 550,good,8 cylinders,gas,56553.0,clean,automatic,rwd,,convertible,black,mi
19999,2017.0,nissan,rogue,excellent,4 cylinders,gas,36300.0,rebuilt,automatic,fwd,full-size,SUV,grey,tn
12500,1965.0,ford,galaxy ltd,good,8 cylinders,gas,15500.0,clean,automatic,rwd,full-size,sedan,white,wa
4500,2009.0,ford,focus,excellent,4 cylinders,gas,120000.0,clean,manual,fwd,,sedan,white,ga
7500,2010.0,jeep,grand cherokee limited,good,4 cylinders,gas,159600.0,lien,automatic,4wd,,SUV,blue,co
3995,2008.0,,chryler town and country,excellent,6 cylinders,gas,190200.0,clean,automatic,fwd,full-size,truck,red,oh
13995,2014.0,toyota,rav4,excellent,,gas,118000.0,clean,automatic,4wd,,SUV,blue,me
12000,2013.0,hyundai,sonata se 4dr sedan,excellent,4 cylinders,gas,70550.0,clean,automatic,fwd,full-size,sedan,blue,fl
25990,2017.0,jaguar,xf 35t premium sedan 4d,good,,other,29170.0,clean,other,,,sedan,blue,ga
38500,2017.0,ford,explorer,,6 cylinders,gas,27284.0,clean,automatic,4wd,,SUV,red,mn
5500,2014.0,chrysler,200,like new,4 cylinders,gas,104000.0,clean,automatic,,,,,oh
800,2001.0,ram,1500,,8 cylinders,gas,118345.0,clean,automatic,4wd,,,red,wi
29999,2010.0,chevrolet,camaro,,,gas,58015.0,clean,automatic,,compact,coupe,black,oh
406,2014.0,chevrolet,silverado 1500,,8 cylinders,gas,86596.0,clean,automatic,4wd,,truck,,ca
57495,2015.0,ford,f350 super duty crew cab,excellent,,diesel,58786.0,clean,automatic,4wd,,pickup,white,ca
4000,2012.0,nissan,versa,excellent,4 cylinders,gas,190970.0,clean,manual,fwd,compact,hatchback,red,ok
10900,2018.0,kia,forte,excellent,4 cylinders,gas,40000.0,clean,automatic,fwd,mid-size,,,ia
10999,2014.0,hyundai,santa fe sport,excellent,4 cylinders,gas,129170.0,clean,automatic,4wd,mid-size,SUV,white,ne
30337,2016.0,mercedes-benz,c-class c450 amg,,,gas,110453.0,clean,automatic,4wd,,sedan,,co
199,2017.0,dodge,charger,,,gas,19213.0,clean,automatic,,,,,ia
25990,2019.0,honda,insight touring sedan 4d,good,,hybrid,16069.0,clean,other,fwd,,sedan,white,tn
21590,2018.0,volkswagen,golf sportwagen tsi s,good,,gas,14775.0,clean,other,fwd,,wagon,,mi
16991,2016.0,ram,promaster city wagon slt,excellent,4 cylinders,gas,77353.0,,automatic,,,van,,ca
19999,2014.0,rover,lr2,excellent,,gas,74641.0,clean,automatic,4wd,,SUV,,ca
41991,2018.0,toyota,4runner,,,gas,35203.0,clean,automatic,,,,white,or
66588,2020.0,gmc,sierra at4,like new,8 cylinders,gas,8141.0,clean,automatic,4wd,,,,ok
27990,1999.0,ford,f-250,,,diesel,122463.0,clean,automatic,4wd,,pickup,blue,or
3550,2009.0,,ACRUA TSX,fair,4 cylinders,gas,244000.0,clean,manual,fwd,,sedan,black,ny
21990,2011.0,mercedes-benz,s-class,excellent,8 cylinders,gas,69363.0,clean,automatic,rwd,full-size,sedan,silver,fl
27990,2015.0,ford,f150 supercrew cab xl,good,,other,56080.0,clean,other,,,pickup,,va
8900,2008.0,,mercedez benz,,,gas,105000.0,clean,automatic,,,,,mi
14990,2013.0,bmw,x5,,,gas,86710.0,clean,automatic,,,other,black,oh
29900,2012.0,toyota,sienna le,excellent,6 cylinders,gas,29561.0,,automatic,,,wagon,,fl
3950,2005.0,toyota,camry,good,4 cylinders,gas,187048.0,clean,automatic,fwd,full-size,sedan,silver,il
21968,2018.0,toyota,tacoma,,4 cylinders,gas,93557.0,clean,automatic,rwd,compact,pickup,white,tx
13995,2017.0,honda,accord,excellent,,gas,97084.0,clean,automatic,fwd,,sedan,silver,or
4877,2002.0,ford,taurus,,,gas,93735.0,clean,automatic,,,sedan,,mt
19590,2018.0,ford,escape sel sport utility 4d,good,,gas,26238.0,clean,other,fwd,,other,,co
7500,2013.0,volkswagen,jetta,excellent,4 cylinders,gas,128000.0,clean,manual,fwd,compact,sedan,silver,nj
21029,2021.0,chevrolet,trax ls,good,3 cylinders,gas,10.0,clean,automatic,,,other,silver,az
28998,2020.0,toyota,tacoma sr5,good,,gas,63995.0,clean,automatic,,,pickup,red,nc
2500,2017.0,ford,escape,,,gas,100185.0,clean,automatic,,,,,tx
4300,2006.0,toyota,sienna xle,,6 cylinders,gas,195000.0,clean,automatic,fwd,,,,mi
15600,2011.0,lexus,rx350,excellent,6 cylinders,gas,158962.0,clean,automatic,4wd,mid-size,SUV,grey,co
7900,2014.0,mazda,mazd6,good,4 cylinders,gas,138000.0,clean,automatic,fwd,,,red,mi
6995,2009.0,chrysler,sebring,,,gas,74344.0,clean,automatic,fwd,,convertible,,fl
16388,2016.0,nissan,pathfinder sv,good,6 cylinders,other,64816.0,clean,automatic,fwd,,hatchback,black,ar
34990,2017.0,jeep,grand cherokee trailhawk,,6 cylinders,gas,32978.0,clean,automatic,4wd,,SUV,,or
19950,2018.0,bmw,330xi xdrive awd sport sedan,,,gas,65709.0,clean,automatic,,,,,wi
12999,2015.0,subaru,impreza,,,gas,83204.0,clean,automatic,,,sedan,blue,ma
18999,2010.0,toyota,tundra,excellent,8 cylinders,gas,133203.0,clean,automatic,4wd,,,grey,nj
17990,2018.0,ford,focus sel hatchback 4d,good,,other,15141.0,clean,other,fwd,,hatchback,black,ny
16450,2017.0,toyota,86 2.0l,excellent,4 cylinders,gas,32230.0,salvage,manual,rwd,,coupe,black,nc
17950,2012.0,toyota,tacoma 4dr double cab,,6 cylinders,gas,159000.0,clean,automatic,4wd,,,black,nh
15900,2012.0,toyota,camry se sedan,,,gas,53750.0,clean,automatic,,,,,hi
6490,2012.0,nissan,juke s,excellent,4 cylinders,gas,109959.0,clean,automatic,4wd,,SUV,red,va
34977,2019.0,jeep,grand cherokee,,6 cylinders,gas,26324.0,clean,automatic,4wd,mid-size,SUV,grey,il
41991,2014.0,ram,2500 crew cab,,6 cylinders,diesel,93643.0,clean,automatic,4wd,,pickup,red,nc
23995,2016.0,toyota,highlander,excellent,6 cylinders,gas,59000.0,clean,automatic,4wd,,SUV,grey,nh
34990,2009.0,lexus,lx 570 sport utility 4d,good,8 cylinders,gas,73105.0,clean,other,4wd,,SUV,black,ca
64995,2017.0,ford,f-250 superduty lariat crew 6.7 liter,,8 cylinders,other,67340.0,clean,automatic,4wd,,pickup,white,az
9500,2006.0,toyota,tundra,excellent,8 cylinders,gas,240300.0,clean,automatic,rwd,full-size,truck,white,ca
55990,2015.0,,Freightliner M2 106 Medium Duty,good,6 cylinders,diesel,207548.0,clean,automatic,rwd,,,white,nj
2500,2000.0,mazda,mpv,,6 cylinders,gas,165071.0,clean,automatic,fwd,,mini-van,,pa
25990,2016.0,bmw,3 series 340i sedan 4d,good,,gas,45611.0,clean,automatic,rwd,,sedan,black,tx
14995,2013.0,subaru,outback,,4 cylinders,gas,83763.0,clean,other,4wd,,wagon,black,hi
76990,2016.0,bmw,i8 hybrid 1.5l turbo,like new,,hybrid,18941.0,clean,automatic,,,,,ca
1,2011.0,nissan,titan crew cab,,,gas,188000.0,clean,automatic,,,,,va
1900,2007.0,honda,civic hybrid,,,electric,1.0,clean,automatic,,compact,other,,wi
8900,2013.0,ford,taurus,like new,4 cylinders,gas,85000.0,clean,automatic,fwd,mid-size,sedan,red,wi
10900,2013.0,ford,c-max energi,excellent,4 cylinders,gas,75479.0,clean,automatic,fwd,,hatchback,custom,ca
5990,2005.0,toyota,4runner,good,8 cylinders,gas,261145.0,clean,automatic,4wd,,SUV,grey,wi
24990,2019.0,nissan,frontier crew cab sv,good,6 cylinders,gas,44934.0,clean,other,fwd,,pickup,white,tx
12988,1990.0,toyota,4x4 pickup,good,6 cylinders,gas,153401.0,clean,manual,4wd,,pickup,white,az
35998,2015.0,ford,f-150,,,gas,104286.0,clean,automatic,4wd,,truck,,id
16800,2007.0,gmc,c2500,excellent,,gas,98000.0,clean,automatic,,,,white,mi
3000,2004.0,honda,civic,like new,4 cylinders,gas,240005.0,clean,automatic,fwd,compact,coupe,grey,ny
2500,2004.0,honda,pilot,,,gas,210783.0,clean,automatic,,,,blue,co
14988,2014.0,kia,sorento,,,gas,39058.0,clean,automatic,,,,,ia
41900,,,500,,8 cylinders,gas,68580.0,clean,automatic,4wd,,pickup,black,nv
41999,2016.0,ford,f150 platinum fx4 4x4 gas,,,gas,80875.0,clean,automatic,4wd,,truck,grey,wa
5995,2002.0,ford,ranger,,,gas,175000.0,clean,automatic,,,,,ma
47999,2016.0,ford,f350,,,diesel,111536.0,clean,automatic,,,,,nm
27997,2017.0,dodge,durango,,,gas,80151.0,clean,automatic,,,SUV,,sd
3900,2012.0,chrysler,200,,,,,,,,,,,pa
30990,2017.0,toyota,tundra double cab sr,good,8 cylinders,gas,41124.0,clean,other,,,pickup,red,co
16990,2011.0,ford,f150 super cab xlt pickup,good,8 cylinders,other,98298.0,clean,other,,,pickup,brown,pa
33995,2019.0,ford,transit van,excellent,6 cylinders,gas,22060.0,clean,automatic,rwd,mid-size,van,white,wi
11955,2011.0,ford,edge,,,gas,94931.0,clean,other,4wd,,,white,ma
12999,2014.0,hyundai,tucson limited,excellent,4 cylinders,gas,80000.0,clean,automatic,,,SUV,,ca
3995,2007.0,subaru,forester,good,4 cylinders,gas,170000.0,clean,manual,4wd,,,,ny
25500,2018.0,ford,edge,,4 cylinders,gas,29904.0,clean,automatic,4wd,,SUV,black,mn
220,2011.0,toyota,prius,good,4 cylinders,hybrid,100000.0,clean,automatic,fwd,,,,il
9500,2013.0,volkswagen,passat,excellent,5 cylinders,gas,102627.0,clean,automatic,fwd,,sedan,grey,ca
19786,2020.0,honda,civic,,4 cylinders,gas,27268.0,clean,automatic,fwd,mid-size,sedan,black,ca
62995,2017.0,chevrolet,silverado 3500 high country drw 4wd 6.6l duramax,,8 cylinders,other,74015.0,clean,automatic,4wd,,pickup,white,co
27590,2020.0,ford,fusion plug-in hybrid,good,,hybrid,12706.0,clean,other,fwd,,sedan,red,co
28500,2016.0,mercedes-benz,benz e400,like new,6 cylinders,gas,47000.0,clean,automatic,,full-size,,silver,ca
32985,2015.0,ford,f150 supercrew cab,excellent,,gas,92025.0,clean,automatic,4wd,,pickup,grey,ca
2499,2007.0,ford,focus,good,4 cylinders,gas,218725.0,clean,automatic,fwd,compact,sedan,red,wa
29995,2000.0,ford,e-series van e-250 class b conversion camper rv van class b motorhome campervan high roof rv camper van -motorhome great service history,,8 cylinders,gas,144259.0,clean,automatic,,,van,white,wa
47100,2015.0,bmw,alpina b6 gran coupe xdrive,like new,8 cylinders,gas,47600.0,clean,automatic,4wd,full-size,sedan,black,wi
2800,2003.0,toyota,camry le,good,4 cylinders,gas,173000.0,clean,automatic,fwd,,sedan,white,nc
1000,1999.0,chrysler,lhs,fair,6 cylinders,gas,217505.0,clean,automatic,,full-size,,silver,md
10995,2006.0,toyota,4runner,good,6 cylinders,gas,174859.0,clean,automatic,rwd,,SUV,silver,wa
22999,2007.0,ram,2500,,,diesel,207000.0,clean,manual,,,,,tx
6950,2010.0,chevrolet,equinox,excellent,,gas,151013.0,clean,automatic,fwd,,SUV,white,pa
20590,2014.0,chevrolet,tahoe,,8 cylinders,gas,117710.0,clean,automatic,4wd,full-size,SUV,black,co
39990,2018.0,ford,f150 supercrew cab xl,good,8 cylinders,other,41886.0,clean,other,4wd,,pickup,blue,mn
4995,2007.0,dodge,nitro,,,gas,158494.0,clean,automatic,,,,,mi
10999,2013.0,hyundai,sonata gls pzev,excellent,4 cylinders,gas,101048.0,,automatic,,,sedan,,ca
24500,2013.0,ford,mustang,excellent,,gas,56894.0,clean,automatic,rwd,,coupe,,il
22750,2018.0,ford,transit van,good,6 cylinders,gas,115098.0,clean,automatic,rwd,mid-size,van,white,wi
18800,2013.0,ford,f250,,,gas,186000.0,clean,automatic,,,,,al
7000,2009.0,buick,lucerne super,like new,8 cylinders,gas,100262.0,rebuilt,automatic,fwd,full-size,sedan,black,pa
7225,2011.0,chevrolet,cruze,,,gas,105662.0,clean,automatic,fwd,,sedan,black,mn
29990,2012.0,toyota,tacoma double cab pickup,good,6 cylinders,gas,43182.0,clean,other,4wd,,pickup,white,tn
13895,2013.0,volkswagen,passat,,,diesel,57011.0,clean,automatic,fwd,,,,ks
26500,2004.0,jeep,wrangler,,6 cylinders,gas,84000.0,clean,other,4wd,,SUV,silver,fl
28500,2015.0,,Silverado k2500hd,good,8 cylinders,diesel,149728.0,rebuilt,automatic,4wd,full-size,truck,black,ne
18990,2015.0,volvo,s60 t5 premier sedan 4d,good,,gas,9882.0,clean,automatic,fwd,,sedan,blue,ca
7997,2014.0,nissan,sentra,excellent,4 cylinders,gas,106000.0,clean,automatic,,,sedan,grey,ca
23995,2014.0,ford,f-150,excellent,6 cylinders,gas,100514.0,clean,automatic,,,,,wi
21995,2013.0,rover,lr4,,8 cylinders,gas,57336.0,rebuilt,automatic,,,SUV,,ia
18600,2011.0,cadillac,escalade esv,like new,8 cylinders,gas,124000.0,clean,automatic,rwd,,SUV,,tx
2500,2001.0,honda,accord,,4 cylinders,gas,277443.0,clean,manual,fwd,,other,custom,pa
15590,2012.0,acura,tsx wagon 4d,good,,gas,101213.0,clean,automatic,fwd,,wagon,white,ky
39590,2013.0,audi,tt rs quattro coupe 2d,good,,gas,44631.0,clean,other,,,coupe,,fl
20183,2018.0,kia,sportage,,,gas,54029.0,clean,automatic,,,,,ks
18990,2019.0,jeep,renegade latitude sport,good,,other,9110.0,clean,other,,,SUV,blue,ga
3000,2012.0,acura,tsx 2.4,good,4 cylinders,gas,136359.0,clean,automatic,fwd,full-size,sedan,grey,nc
11990,2012.0,chevrolet,cruze eco,,,other,77249.0,clean,manual,fwd,,other,silver,id
5995,2008.0,cadillac,cts awd,,,gas,142100.0,clean,automatic,,,,,ia
6900,2008.0,lexus,rx350,good,6 cylinders,gas,136000.0,clean,automatic,,,,silver,ca
32990,2017.0,chevrolet,tahoe lt sport utility,good,,other,90642.0,clean,automatic,,,other,black,tx
8999,2011.0,toyota,venza,,,gas,183914.0,clean,automatic,4wd,,,,wi
5495,1995.0,chevrolet,camaro,new,6 cylinders,gas,53000.0,clean,automatic,rwd,,,red,wa
32990,2013.0,tesla,model s signature,good,,electric,62588.0,clean,other,rwd,,sedan,white,in
20000,2015.0,cadillac,srx premium,excellent,6 cylinders,gas,75500.0,clean,automatic,,mid-size,SUV,grey,al
18991,2004.0,lexus,gx470,,8 cylinders,gas,68398.0,clean,automatic,4wd,,,blue,la
10450,2013.0,hyundai,elantra,,,gas,79508.0,clean,automatic,,,sedan,silver,ct
19280,2015.0,mercedes-benz,c-class,,4 cylinders,gas,69310.0,clean,automatic,rwd,compact,sedan,white,fl
20999,2016.0,toyota,avalon,excellent,6 cylinders,gas,76209.0,clean,automatic,fwd,mid-size,sedan,silver,or
24990,2020.0,chevrolet,bolt ev lt hatchback,good,,electric,5670.0,clean,other,fwd,,hatchback,blue,ca
18999,2011.0,chevrolet,avalanche lt sport,excellent,8 cylinders,gas,0.0,,automatic,,,truck,,ca
35590,2018.0,acura,mdx sh-awd w/advance pkg,good,6 cylinders,gas,35799.0,clean,automatic,,,other,,mn
29999,2014.0,chevrolet,silverado 1500 double,,,gas,66781.0,clean,automatic,,,other,silver,nv
27590,2016.0,acura,mdx sh-awd sport utility,good,6 cylinders,gas,40762.0,clean,automatic,,,SUV,,va
2500,2013.0,dodge,avenger r/t,,,gas,136000.0,rebuilt,automatic,,,,,tx
29990,2018.0,toyota,tacoma access cab sr5,good,,other,20624.0,clean,other,,,pickup,white,ky
34999,2011.0,chevrolet,silverado 3500hd,,,diesel,95138.0,salvage,other,,,,,md
1800,2005.0,infiniti,g35x,good,6 cylinders,gas,290000.0,clean,automatic,4wd,,sedan,silver,co
14991,2015.0,kia,optima lx sedan 4d,,,gas,,clean,automatic,,,sedan,,wa
24990,2009.0,chevrolet,3500 lcf gas,good,8 cylinders,gas,72789.0,clean,automatic,rwd,full-size,truck,white,nc
6000,2008.0,chevrolet,silverado truck,fair,8 cylinders,gas,360000.0,clean,automatic,4wd,,truck,red,wa
12500,2001.0,mercedes-benz,benz cl600 lorinser,,,gas,100000.0,clean,automatic,,,,,ca
12500,2012.0,chevrolet,silverado,good,8 cylinders,gas,116471.0,clean,automatic,4wd,,truck,black,sc
33749,2019.0,chevrolet,silverado 1500 ld,,8 cylinders,gas,42858.0,clean,automatic,4wd,full-size,pickup,custom,tx
7995,2009.0,nissan,altima 3.5 se,excellent,,gas,97300.0,clean,automatic,,,,black,md
6000,2013.0,nissan,versa,good,4 cylinders,gas,78000.0,clean,automatic,fwd,,sedan,blue,oh
6950,2009.0,honda,civic lx,good,4 cylinders,gas,96500.0,clean,automatic,fwd,compact,sedan,red,or
5995,2016.0,nissan,sentra sv,excellent,4 cylinders,gas,116525.0,clean,automatic,fwd,full-size,sedan,white,nh
15590,2016.0,,Scion iM Hatchback 4D,good,,gas,32573.0,clean,other,fwd,,hatchback,green,nc
20892,2018.0,gmc,terrain sle,good,,other,56151.0,clean,automatic,fwd,,other,red,co
12900,2014.0,mazda,cx-5 grand touring,,,gas,109582.0,lien,automatic,fwd,mid-size,SUV,grey,tn
9995,2004.0,gmc,2500hd duramax 4x4 crew,good,8 cylinders,diesel,246000.0,clean,automatic,4wd,full-size,truck,white,ks
43999,2020.0,ford,f150 xlt 4x4 1/2 ton gas,,,gas,25650.0,clean,automatic,4wd,,truck,grey,wa
515,2016.0,rover,evoque hs,,,other,35742.0,clean,automatic,,,,white,or
3350,2005.0,hyundai,tucson gls,excellent,6 cylinders,gas,148000.0,clean,automatic,4wd,,SUV,black,fl
8995,2011.0,audi,a3 2.0t premium plus pzev,,4 cylinders,gas,150184.0,clean,automatic,fwd,,wagon,black,or
5200,1980.0,toyota,,,,gas,98688.0,clean,manual,,,,,va
26990,2020.0,hyundai,sonata sel plus sedan 4d,good,,gas,2769.0,clean,other,fwd,,sedan,,il
57900,2018.0,mercedes-benz,s-class,like new,6 cylinders,gas,24655.0,clean,automatic,4wd,mid-size,sedan,black,ca
11995,2006.0,nissan,titan se,excellent,8 cylinders,gas,146650.0,clean,automatic,4wd,full-size,truck,blue,ca
1500,2001.0,toyota,tundra 4wd truck,fair,8 cylinders,gas,310000.0,clean,automatic,4wd,full-size,truck,silver,mt
16700,2018.0,chevrolet,equinox,,,gas,57129.0,clean,automatic,fwd,,SUV,silver,sc
221,2013.0,gmc,terrain,,6 cylinders,other,120688.0,clean,automatic,4wd,,SUV,black,mi
10999,2010.0,cadillac,srx,excellent,6 cylinders,gas,124230.0,clean,automatic,4wd,full-size,SUV,black,ca
9999,2015.0,mazda,cx-5,excellent,4 cylinders,gas,81694.0,rebuilt,automatic,4wd,mid-size,SUV,white,nc
13988,2016.0,toyota,camry,,,gas,129025.0,clean,automatic,fwd,,sedan,white,ok
3500,2015.0,hyundai,sonata,,,gas,105852.0,clean,automatic,,,,,tn
7995,2004.0,lincoln,aviator,excellent,,gas,128386.0,clean,automatic,4wd,,SUV,,nj
29000,2015.0,chevrolet,tahoe,excellent,,gas,146694.0,clean,automatic,,,SUV,white,tn
9500,2007.0,audi,q7 3.6 premium s line,good,6 cylinders,gas,124000.0,clean,automatic,4wd,,SUV,grey,ca
1,1978.0,chevrolet,k5 blazer,fair,8 cylinders,gas,0.0,clean,manual,4wd,,offroad,,ca
8500,2005.0,ford,mustang gt,excellent,8 cylinders,gas,149000.0,clean,manual,rwd,mid-size,coupe,white,tn
21500,2013.0,chevrolet,tahoe,good,8 cylinders,gas,115000.0,clean,automatic,4wd,full-size,SUV,white,pa
32990,2014.0,ford,mustang,,,other,16297.0,clean,manual,rwd,,coupe,,az
22326,2014.0,ford,f-150,,6 cylinders,gas,134499.0,clean,automatic,4wd,full-size,pickup,white,tx
6000,2007.0,mercedes-benz,benz c230,like new,6 cylinders,gas,68000.0,clean,automatic,rwd,mid-size,sedan,white,ca
35990,2018.0,honda,civic type r touring,good,,other,40831.0,clean,other,,,sedan,black,ca
22995,2010.0,chevrolet,silverado 1500 lt,excellent,8 cylinders,gas,73807.0,clean,automatic,rwd,full-size,pickup,black,ca
59995,2012.0,,PETERBILT 337 DUMP,good,,gas,100175.0,clean,other,,,pickup,,ny
34990,2018.0,jeep,grand cherokee trailhawk,good,6 cylinders,gas,37509.0,clean,other,4wd,,other,black,in
16696,2017.0,toyota,rav4,,4 cylinders,gas,71874.0,clean,automatic,fwd,mid-size,SUV,white,fl
14950,2016.0,ford,escape,excellent,4 cylinders,gas,79950.0,clean,automatic,4wd,,SUV,grey,mt
54995,2019.0,ford,f-350,,,other,76675.0,clean,automatic,4wd,,pickup,silver,tx
41990,2019.0,lincoln,continental reserve,good,6 cylinders,gas,9345.0,clean,other,fwd,,sedan,blue,oh
4900,2004.0,chevrolet,avalanche,good,8 cylinders,gas,192000.0,clean,automatic,4wd,full-size,truck,green,ny
7995,2009.0,kia,borrego,,,gas,185202.0,clean,automatic,fwd,,SUV,red,or
45950,1968.0,pontiac,gto,,,gas,0.0,clean,automatic,,,convertible,blue,sc
5000,1997.0,ford,f-350,,8 cylinders,diesel,315700.0,clean,automatic,4wd,,truck,red,il
35653,2015.0,chevrolet,silverado 1500,,,gas,72185.0,clean,automatic,4wd,,pickup,,il
22990,2017.0,lincoln,mkz premiere sedan 4d,good,,gas,13210.0,clean,other,fwd,,sedan,black,ia
34900,2019.0,ford,edge sel awd,like new,4 cylinders,gas,11000.0,clean,automatic,4wd,mid-size,SUV,red,ia
4999,2006.0,chrysler,town & country,excellent,6 cylinders,gas,131649.0,clean,automatic,fwd,,,,az
35990,2015.0,ford,mustang gt premium coupe 2d,good,8 cylinders,gas,4899.0,clean,other,rwd,,coupe,red,al
7998,2013.0,hyundai,sonata limited 2.0t,good,6 cylinders,gas,133000.0,clean,automatic,fwd,,,,tx
30990,2018.0,audi,q5 premium sport utility 4d,good,,gas,30390.0,clean,other,,,SUV,black,ma
29990,2015.0,audi,s5 premium plus coupe 2d,good,6 cylinders,gas,35846.0,clean,other,,,coupe,silver,fl
30590,2020.0,ford,ranger supercab xl pickup,good,,gas,10740.0,clean,other,,,pickup,,nc
33900,2018.0,ford,super duty f-250,,8 cylinders,gas,111612.0,clean,automatic,4wd,,truck,white,in
2500,1993.0,honda,civic si hatchback,fair,4 cylinders,gas,218000.0,salvage,manual,,,hatchback,green,wa
8999,2006.0,acura,tl,excellent,6 cylinders,gas,130321.0,clean,automatic,,,sedan,,ca
22999,2010.0,toyota,tundra,,,gas,90000.0,clean,automatic,,,,,ak
20952,2010.0,ford,f-150,,8 cylinders,gas,84617.0,clean,automatic,4wd,full-size,pickup,custom,id
21500,2017.0,subaru,outback 2.5i limited,excellent,4 cylinders,gas,49300.0,clean,automatic,,mid-size,SUV,silver,vt
25990,2016.0,gmc,sierra 1500 regular cab,good,8 cylinders,gas,24688.0,clean,other,,,pickup,white,il
3500,2007.0,chrysler,pt cruiser touring,excellent,4 cylinders,gas,131000.0,clean,automatic,fwd,mid-size,hatchback,black,ok
7266,2009.0,gmc,acadia slt-2,excellent,6 cylinders,gas,138161.0,,automatic,,,SUV,,mi
35990,2019.0,ram,1500 crew cab big horn,good,6 cylinders,gas,8920.0,clean,other,,,pickup,black,ok
4600,2004.0,acura,tsx sedan,good,,gas,173150.0,clean,automatic,,,sedan,silver,tx
90,2010.0,honda,accord sdn lx-p,,4 cylinders,gas,126466.0,clean,automatic,fwd,,sedan,,ca
4750,2009.0,ford,focus ses,excellent,4 cylinders,gas,132000.0,clean,automatic,fwd,,,blue,ny
15000,2016.0,ford,edge,,4 cylinders,gas,91098.0,clean,automatic,fwd,,SUV,blue,mn
7999,2011.0,chevrolet,cruze 2lt rs,excellent,4 cylinders,gas,134250.0,clean,automatic,fwd,mid-size,sedan,red,ca
24999,2016.0,toyota,rav4 se awd gas suv auto,,,gas,41594.0,clean,automatic,4wd,,SUV,silver,wa
3450,2009.0,chevrolet,malibu,good,4 cylinders,gas,131000.0,clean,automatic,fwd,mid-size,sedan,silver,tx
59999,2016.0,ford,lifted f350 diesels lariat,,,diesel,41753.0,clean,automatic,4wd,,truck,silver,wa
44995,2014.0,ford,f-150 svt raptor,,8 cylinders,gas,108287.0,clean,automatic,4wd,,pickup,black,ca
4000,2005.0,subaru,outback,good,4 cylinders,gas,214000.0,clean,automatic,,,wagon,black,mi
21980,2013.0,ford,f-150,,8 cylinders,gas,120061.0,clean,automatic,4wd,,truck,brown,mt
23559,2011.0,ram,2500,excellent,6 cylinders,diesel,195036.0,clean,automatic,4wd,full-size,truck,blue,in
3999,2001.0,acura,mdx,,,other,250492.0,clean,automatic,,,SUV,silver,oh
28950,2015.0,chevrolet,silverado,,,gas,87919.0,clean,automatic,4wd,,pickup,black,co
25750,2000.0,,International 4700,good,,diesel,104314.0,clean,manual,,,,white,co
1495,1999.0,toyota,camry,,,gas,234000.0,clean,automatic,,,,,or
2999,1995.0,pontiac,grand prix,excellent,6 cylinders,gas,218000.0,clean,automatic,fwd,mid-size,coupe,red,tx
44997,2018.0,toyota,"tacoma trd off-road full ads coil over adjustable resivoirs kit* koning ultra light 17""wheels*bfg ko2 tires*trd off road*camburg upper control arms*trd pro grill & roof rack*nav*tech pkg*",,6 cylinders,gas,25053.0,clean,automatic,4wd,,pickup,white,or
41200,1997.0,lexus,lx 450,,6 cylinders,gas,233000.0,clean,automatic,4wd,,SUV,green,ny
6500,2013.0,dodge,dart sxt,excellent,4 cylinders,gas,116312.0,clean,automatic,fwd,mid-size,sedan,black,sc
10000,2012.0,ford,e250 cargo van,good,8 cylinders,gas,90000.0,clean,automatic,rwd,full-size,,,in
43473,,,olet Tahoe,,8 cylinders,,37949.0,,automatic,rwd,,SUV,silver,az
31988,2019.0,ram,1500,like new,,gas,58808.0,clean,automatic,,,,,tx
12999,2013.0,honda,cr-v 2wdlx,excellent,4 cylinders,gas,85102.0,clean,other,,,SUV,,ca
33393,2019.0,buick,envision premium ii,good,,gas,25048.0,clean,other,,,other,white,id
9995,2006.0,toyota,rav4,good,4 cylinders,gas,129813.0,clean,automatic,fwd,full-size,SUV,green,tx
15900,2016.0,kia,sorento,,,gas,75639.0,clean,automatic,,,,,ar
20995,2015.0,ford,explorer limited front wheel drive w/4x4,,6 cylinders,gas,74197.0,clean,automatic,4wd,,SUV,black,ca
27990,2014.0,toyota,tacoma access cab pickup,good,,other,17805.0,clean,other,,,pickup,red,ny
13500,2015.0,ford,transit connect,excellent,4 cylinders,gas,119037.0,clean,automatic,rwd,,van,white,ca
6995,2009.0,honda,fit,,,gas,128717.0,clean,automatic,,compact,hatchback,blue,pa
17985,2014.0,honda,accord,excellent,,gas,75435.0,clean,automatic,fwd,,sedan,black,ca
6495,2009.0,dodge,charger,good,6 cylinders,gas,111000.0,clean,automatic,rwd,full-size,sedan,black,ma
16575,2009.0,toyota,tacoma sr5,,,gas,127322.0,clean,automatic,,,,,nh
12900,1970.0,chevrolet,impala,good,,gas,26782.0,clean,automatic,,full-size,sedan,yellow,pa
12995,2011.0,ford,e450,,,gas,80000.0,clean,automatic,,,,,ca
15990,2018.0,toyota,corolla,,,gas,60996.0,clean,automatic,,,,,wa
31590,2020.0,mazda,mx-5 miata club,good,,gas,2195.0,clean,other,rwd,,other,,ky
8250,2008.0,rover,lr3 se,good,8 cylinders,gas,135800.0,clean,automatic,4wd,full-size,SUV,black,ny
14995,2016.0,chevrolet,equinox,,6 cylinders,gas,43129.0,rebuilt,automatic,,,SUV,red,ia
4895,2009.0,kia,sedona,,6 cylinders,gas,191420.0,clean,automatic,fwd,full-size,mini-van,custom,oh
25675,2011.0,jeep,wrangler unlimited,,,gas,85151.0,clean,automatic,4wd,,convertible,black,wa
16988,2013.0,chevrolet,suburban,excellent,,gas,170004.0,clean,automatic,4wd,,SUV,silver,ca
33652,2016.0,chevrolet,silverado 2500hd,,,gas,146625.0,clean,automatic,4wd,,pickup,black,mo
40590,2018.0,lexus,rx 350l sport utility 4d,good,6 cylinders,gas,9173.0,clean,other,,,other,,mi
7996,2009.0,honda,cr-v,good,4 cylinders,gas,98805.0,rebuilt,automatic,4wd,,wagon,blue,vt
21999,2013.0,bmw,6 series,,8 cylinders,gas,89710.0,clean,automatic,rwd,,other,,ks
5229,2002.0,jeep,grand cherokee,excellent,6 cylinders,gas,146195.0,clean,automatic,rwd,,SUV,,ia
9910,2010.0,honda,civic lxs,excellent,4 cylinders,gas,109534.0,clean,automatic,4wd,,sedan,black,ca
22900,2016.0,ford,mustang,excellent,,gas,28912.0,clean,automatic,rwd,,convertible,red,tn
25990,2019.0,ford,f150 regular cab xlt pickup,good,6 cylinders,gas,21480.0,clean,other,,,pickup,black,ca
11888,2013.0,volkswagen,passat,,,gas,78664.0,clean,automatic,,,sedan,black,fl
10395,2008.0,,HUMMER H3,excellent,,gas,157778.0,clean,automatic,4wd,,SUV,white,pa
10500,2011.0,bmw,328ix,excellent,6 cylinders,gas,113700.0,clean,automatic,4wd,mid-size,wagon,silver,ca
4800,2001.0,chevrolet,monte carlo ss,,6 cylinders,gas,156000.0,clean,automatic,fwd,,,,mi
13950,2013.0,honda,accord,,,gas,65082.0,clean,automatic,,,sedan,silver,ct
30595,2015.0,chevrolet,silverado 1500,,,gas,90500.0,clean,automatic,4wd,,pickup,,il
10995,2013.0,cadillac,cts,,,gas,126741.0,clean,automatic,rwd,,sedan,black,fl
38500,2019.0,ram,1500 classic slt,,6 cylinders,diesel,15979.0,clean,automatic,4wd,,,,wa
13424,2013.0,nissan,pathfinder sl 4wd,excellent,6 cylinders,gas,96334.0,,other,4wd,,SUV,,mi
15894,2018.0,hyundai,elantra,,,gas,37791.0,clean,automatic,fwd,,,silver,fl
35990,2020.0,dodge,challenger r/t coupe 2d,good,8 cylinders,gas,1548.0,clean,other,rwd,,coupe,black,nc
9995,2008.0,toyota,4runner limited,excellent,6 cylinders,gas,183293.0,clean,automatic,4wd,full-size,SUV,blue,ny
24590,2013.0,gmc,sierra 1500 extended cab slt,good,8 cylinders,other,80318.0,clean,other,,,pickup,,ky
32990,2018.0,ford,f150 super cab xlt pickup,good,,other,11360.0,clean,other,,,pickup,white,ma
10900,2002.0,chevrolet,silverado 2500,,,gas,178000.0,clean,automatic,,,,,tn
42990,2008.0,gmc,sierra 3500hd cc,good,,diesel,41928.0,clean,automatic,,,pickup,white,ca
6499,2010.0,mitsubishi,lancer,excellent,4 cylinders,gas,124121.0,clean,automatic,fwd,compact,sedan,grey,ny
12798,2015.0,ford,escape,,4 cylinders,gas,82029.0,clean,automatic,4wd,mid-size,SUV,grey,tn
14999,2016.0,ford,fusion se awd,,4 cylinders,gas,68009.0,clean,automatic,4wd,,sedan,white,ma
13995,2014.0,nissan,frontier sv 4x4,excellent,6 cylinders,gas,144000.0,clean,automatic,4wd,,pickup,black,nh
21990,2007.0,ram,3500 slt,excellent,6 cylinders,diesel,161691.0,clean,automatic,rwd,,pickup,,fl
12495,2016.0,kia,forte lx,,4 cylinders,gas,21753.0,clean,automatic,fwd,,sedan,silver,ca
18877,2015.0,honda,cr-v,excellent,4 cylinders,gas,31974.0,clean,automatic,4wd,mid-size,SUV,,oh
8499,2014.0,chevrolet,equinox,good,4 cylinders,gas,120500.0,clean,automatic,fwd,mid-size,SUV,blue,pa
3888,2006.0,chevrolet,cobalt,excellent,4 cylinders,gas,146719.0,clean,manual,fwd,,coupe,black,ia
3900,2003.0,chrysler,town and country,good,6 cylinders,gas,152000.0,clean,automatic,4wd,full-size,mini-van,custom,mn
24999,2013.0,ford,f-150,,,other,133538.0,clean,automatic,4wd,,pickup,silver,nm
2800,2005.0,buick,century,excellent,6 cylinders,gas,124617.0,clean,automatic,,mid-size,sedan,white,ri
31990,2020.0,ram,1500 classic crew cab slt,good,8 cylinders,gas,20042.0,clean,other,,,pickup,white,az
13500,2017.0,dodge,chargers,like new,6 cylinders,gas,51282.0,rebuilt,automatic,4wd,full-size,sedan,silver,pa
5500,2010.0,honda,civic,good,,gas,197000.0,clean,automatic,,,,,mo
7999,2000.0,ford,super duty f-650,excellent,6 cylinders,diesel,274820.0,clean,automatic,rwd,full-size,pickup,white,ca
750,1980.0,cadillac,limousine,fair,8 cylinders,gas,100000.0,missing,automatic,fwd,full-size,sedan,white,ca
39990,2018.0,mercedes-benz,gle 350 4matic,good,,other,27579.0,clean,other,,,other,white,ny
12499,2013.0,hyundai,santa fe sport,,4 cylinders,gas,97092.0,clean,automatic,,,SUV,white,tx
36990,2019.0,chevrolet,silverado 1500 ld,good,8 cylinders,gas,14508.0,clean,other,4wd,,pickup,red,in
22499,2014.0,ram,pickup 1500 tradesman,excellent,8 cylinders,gas,97362.0,,automatic,4wd,,truck,,nc
7995,2015.0,chrysler,200 limited,,4 cylinders,gas,109000.0,clean,automatic,fwd,,,,mi
3995,2009.0,chevrolet,cobalt,,,gas,154546.0,clean,manual,,,,,mi
18999,2013.0,toyota,tacoma 4x4,excellent,6 cylinders,gas,132000.0,salvage,automatic,4wd,,,black,nc
26250,2015.0,toyota,4runner sr5 premium,excellent,6 cylinders,gas,101390.0,clean,automatic,4wd,full-size,SUV,grey,mo
540,2019.0,honda,hr v,excellent,4 cylinders,gas,21325.0,clean,automatic,fwd,,SUV,silver,az
40950,2018.0,chevrolet,tahoe ls,,8 cylinders,gas,65533.0,clean,automatic,4wd,,SUV,silver,co
25995,2017.0,ford,f250 super duty,,8 cylinders,gas,142000.0,clean,automatic,4wd,full-size,pickup,white,mn
38999,2019.0,dodge,durango citadel awd gas,,,gas,41106.0,clean,automatic,4wd,,SUV,white,wa
39999,2013.0,ram,3500,,,diesel,198188.0,clean,automatic,,,,,tx
7499,2010.0,toyota,prius hybrid,excellent,4 cylinders,hybrid,174366.0,clean,automatic,fwd,compact,hatchback,silver,co
14997,2015.0,toyota,prius,,,gas,61859.0,clean,automatic,fwd,,hatchback,white,ca
60990,2019.0,audi,q8 premium sport utility 4d,good,6 cylinders,gas,8798.0,clean,automatic,,,other,black,ks
28999,2017.0,toyota,highlander limited v6(,excellent,6 cylinders,gas,38729.0,,automatic,,,SUV,,tx
22995,2015.0,acura,mdx,,,gas,69850.0,clean,automatic,,,SUV,black,dc
10000,2012.0,volkswagen,golf tdi,excellent,4 cylinders,diesel,106000.0,clean,automatic,fwd,compact,hatchback,blue,wa
30798,2017.0,dodge,challenger,,,gas,62802.0,clean,automatic,rwd,,,,mo
16943,2014.0,buick,regal,,,gas,87181.0,clean,automatic,,,other,,co
10695,2013.0,ford,edge,,,gas,138863.0,clean,automatic,,,SUV,black,ct
19998,2012.0,chevrolet,silverado 1500,,,,,,,,,,,nc
6999,2006.0,cadillac,cts,excellent,6 cylinders,gas,126111.0,clean,automatic,rwd,mid-size,sedan,white,ca
41590,2018.0,audi,s5 premium plus sedan 4d,good,6 cylinders,gas,34184.0,clean,automatic,,,sedan,red,wv
43988,2017.0,ford,f-250 stx,,,diesel,1.0,clean,automatic,,,,,sc
6000,2011.0,nissan,rogue,good,,gas,118000.0,clean,automatic,,,,black,ca
39733,2019.0,ford,transit utility van,excellent,6 cylinders,gas,42648.0,clean,automatic,rwd,full-size,van,white,nc
29990,2012.0,toyota,tacoma double cab pickup,good,6 cylinders,gas,43182.0,clean,other,4wd,,pickup,white,fl
5950,1982.0,chevrolet,c/30,good,8 cylinders,gas,42058.0,clean,automatic,rwd,full-size,truck,white,tx
35590,2019.0,dodge,challenger r/t coupe 2d,good,8 cylinders,gas,15202.0,clean,other,rwd,,coupe,black,ny
4500,2007.0,toyota,camry,excellent,4 cylinders,gas,164000.0,clean,automatic,,,sedan,red,md
10798,2012.0,chevrolet,camaro,,,gas,161727.0,clean,automatic,rwd,,,blue,ks
15995,2016.0,kia,sorento,excellent,,gas,154556.0,clean,automatic,,,,,co
15980,2012.0,nissan,frontier,excellent,,gas,138945.0,clean,automatic,4wd,,pickup,,mt
25990,2019.0,ram,1500 classic regular cab,good,6 cylinders,gas,27709.0,clean,other,,,pickup,,ca
22900,2017.0,ford,mustang,excellent,,gas,49532.0,clean,automatic,rwd,mid-size,coupe,white,ca
17999,2016.0,nissan,altima sr,like new,,gas,49000.0,clean,automatic,,,sedan,white,ca
35590,2018.0,ram,1500 crew cab big horn,good,6 cylinders,other,22805.0,clean,other,4wd,,pickup,black,ma
48998,2020.0,lexus,rx,excellent,,gas,10765.0,clean,automatic,fwd,,SUV,,ca
45590,2020.0,nissan,titan crew cab sl pickup,good,8 cylinders,gas,10873.0,clean,other,,,pickup,black,fl
8695,2011.0,honda,odyssey,good,6 cylinders,gas,189621.0,clean,automatic,fwd,full-size,van,black,mn
51721,2017.0,chevrolet,silverado 2500 ltz,,,diesel,126867.0,clean,automatic,,,,,tn
3800,2008.0,hyundai,accent,good,4 cylinders,gas,110469.0,clean,manual,fwd,,,black,mt
29990,2003.0,ford,super duty f-550 drw,good,8 cylinders,diesel,54703.0,clean,manual,4wd,full-size,truck,red,sc
7900,2008.0,ford,f350 xl,excellent,8 cylinders,gas,181090.0,clean,automatic,rwd,full-size,truck,white,oh
11500,2010.0,chevrolet,tahoe ls,,,gas,157370.0,clean,automatic,,,,,tx
14942,2013.0,ford,econoline cargo van e-250 ext commercial,,8 cylinders,,121466.0,clean,automatic,rwd,,van,white,nj
6250,2008.0,bmw,x3,excellent,6 cylinders,gas,104070.0,clean,automatic,4wd,,SUV,blue,ct
9995,2012.0,chevrolet,impala,,,other,72170.0,clean,automatic,,full-size,sedan,white,pa
7995,2011.0,nissan,leaf,good,,gas,46395.0,clean,automatic,fwd,,hatchback,white,il
23477,2015.0,lexus,es 350,,,gas,42069.0,clean,automatic,,,,,hi
2300,1998.0,lincoln,continental,excellent,8 cylinders,gas,137000.0,clean,automatic,fwd,full-size,sedan,yellow,fl
59999,2016.0,ram,3500 longhorn limited,,6 cylinders,diesel,92931.0,clean,automatic,4wd,,truck,,hi
14882,2016.0,jeep,cherokee,,,gas,76350.0,clean,automatic,fwd,,SUV,black,tn
9880,2008.0,toyota,solara se,excellent,4 cylinders,gas,67000.0,clean,automatic,fwd,,coupe,blue,ca
40000,1970.0,chevrolet,chevelle,good,8 cylinders,gas,1234.0,clean,automatic,,,,red,ca
21499,2008.0,jeep,wrangler,good,6 cylinders,gas,125000.0,clean,automatic,4wd,full-size,SUV,white,or
1900,2002.0,chevrolet,monte carlo ss,,6 cylinders,gas,1.0,clean,automatic,,,coupe,silver,wi
1,2015.0,audi,a7,excellent,6 cylinders,gas,62627.0,clean,other,4wd,compact,sedan,grey,fl
14999,2017.0,ford,escape se automatic,,,gas,85592.0,clean,automatic,fwd,,SUV,silver,tn
38625,2019.0,jeep,wrangler unlimited sport,good,6 cylinders,gas,16713.0,clean,automatic,4wd,,other,silver,ca
1500,2004.0,,SUZUKI XL-7 V6 4X4,,,gas,255190.0,clean,automatic,,,,,ks
6999,1996.0,audi,a6 quattro,good,6 cylinders,gas,118000.0,clean,automatic,4wd,mid-size,sedan,blue,nj
25000,2014.0,ram,3500,good,8 cylinders,diesel,139000.0,clean,automatic,4wd,full-size,truck,white,vt
40000,2019.0,jeep,wrangler unlimited,,,gas,30996.0,clean,automatic,4wd,,,,sc
24990,2017.0,alfa-romeo,romeo giulia sedan 4d,good,,gas,51087.0,clean,other,,,sedan,black,ca
26764,2015.0,chevrolet,tahoe,excellent,8 cylinders,gas,144764.0,clean,automatic,rwd,,SUV,silver,ca
38615,2021.0,chevrolet,silverado 1500,,4 cylinders,gas,1.0,clean,automatic,4wd,full-size,pickup,black,va
46999,2019.0,ford,f150 xlt fx4 4x4 half ton,,,gas,17170.0,clean,automatic,4wd,,truck,white,id
22995,2012.0,ford,f-150,,,gas,115828.0,clean,automatic,fwd,,pickup,black,ca
10500,2015.0,kia,forte5,excellent,4 cylinders,gas,46700.0,clean,automatic,fwd,,hatchback,grey,md
41445,2020.0,ford,f150 xl 4wd,,,gas,14548.0,clean,automatic,,,,,fl
19588,2018.0,hyundai,tucson sel,good,4 cylinders,gas,45191.0,clean,automatic,,,other,blue,ca
30590,2018.0,audi,q3 sport premium plus,good,,other,13927.0,clean,other,,,other,,ga
4495,2009.0,subaru,forester,good,4 cylinders,gas,171727.0,clean,automatic,4wd,full-size,SUV,blue,oh
23990,2017.0,lincoln,mkz reserve sedan 4d,good,,other,41152.0,clean,other,,,sedan,,dc
52933,2019.0,ram,2500,,6 cylinders,diesel,20001.0,clean,automatic,4wd,,truck,red,nc
19999,2013.0,ford,e-series chassis e-350,,8 cylinders,other,179474.0,clean,automatic,,,truck,white,il
7998,2010.0,subaru,forester,,,gas,146146.0,clean,automatic,,,SUV,silver,ct
5900,2011.0,ford,escape,,,gas,175000.0,clean,automatic,,,,,mi
6490,2012.0,chevrolet,cruze,good,4 cylinders,gas,87500.0,salvage,manual,fwd,mid-size,sedan,black,wi
33947,2016.0,ram,1500,excellent,,gas,49518.0,clean,automatic,4wd,,,blue,mt
12345678,2019.0,chevrolet,,good,8 cylinders,gas,100000.0,clean,automatic,4wd,full-size,truck,black,oh
4995,2010.0,ford,escape,good,4 cylinders,gas,157157.0,clean,automatic,fwd,full-size,SUV,grey,ny
18999,2013.0,mercedes-benz,gl450 4matic,excellent,8 cylinders,gas,124000.0,clean,automatic,4wd,full-size,SUV,black,tx
24990,2017.0,fiat,124 spider classica,good,,gas,30075.0,clean,other,rwd,,other,black,nm
10494,2014.0,ford,focus,,,gas,45534.0,clean,automatic,,compact,hatchback,black,oh
8990,2016.0,chevrolet,trax,,,gas,81978.0,rebuilt,automatic,fwd,,SUV,white,fl
6999,2009.0,subaru,impreza awd gas wagon,,,gas,126589.0,clean,manual,,,,,ca
4200,2004.0,jaguar,xj8,excellent,,gas,170000.0,clean,automatic,,full-size,sedan,white,fl
61981,2020.0,ford,expedition,,,other,13745.0,clean,automatic,fwd,,SUV,,tx
10999,2013.0,ford,mustang,excellent,,gas,113488.0,clean,automatic,rwd,,coupe,,fl
59995,2016.0,chevrolet,silverado 2500 4wd,excellent,,diesel,64878.0,clean,automatic,4wd,,,silver,ca
8999,2011.0,toyota,prius,,,other,136817.0,clean,automatic,fwd,,sedan,silver,ca
16799,2016.0,mazda,mazda3 s touring,good,,other,49442.0,clean,automatic,fwd,,hatchback,,ca
19500,2018.0,hyundai,sonata limited 2.0t,excellent,4 cylinders,gas,88346.0,,automatic,,,other,,ks
22990,2017.0,volkswagen,golf gti se hatchback,good,,gas,34443.0,clean,other,fwd,,sedan,silver,ct
12450,2004.0,toyota,tacoma,excellent,6 cylinders,gas,162000.0,clean,automatic,4wd,mid-size,pickup,red,nh
44500,2017.0,infiniti,qx80,excellent,8 cylinders,gas,41610.0,clean,automatic,4wd,full-size,SUV,grey,nv
44000,2016.0,ford,f-250,good,8 cylinders,gas,78000.0,clean,automatic,4wd,full-size,truck,black,pa
24900,2010.0,mercedes-benz,c-class,like new,,gas,70000.0,clean,automatic,,,sedan,black,nj
20975,2015.0,dodge,challenger,excellent,6 cylinders,gas,66057.0,clean,automatic,rwd,,coupe,black,mo
20990,2011.0,nissan,titan,,,other,112528.0,clean,automatic,4wd,,pickup,black,or
18500,2017.0,chevrolet,malibu ls,,,gas,47430.0,clean,automatic,,,,,hi
35000,1969.0,ford,mustang,,,gas,59000.0,clean,manual,,,,,ca
3499,2008.0,volkswagen,jetta,excellent,5 cylinders,gas,134000.0,clean,automatic,fwd,mid-size,sedan,black,mn
6200,2012.0,ford,fusion,excellent,4 cylinders,gas,104000.0,clean,automatic,fwd,mid-size,sedan,blue,wa
10999,2006.0,lexus,is 350,excellent,6 cylinders,gas,163856.0,clean,automatic,rwd,sub-compact,sedan,blue,ca
14999,2009.0,chevrolet,silverado 1500,excellent,8 cylinders,gas,125000.0,clean,automatic,4wd,full-size,truck,white,ok
16590,2015.0,chrysler,200 limited sedan 4d,good,,gas,25360.0,clean,other,fwd,,sedan,white,co
63990,2019.0,porsche,cayenne,excellent,6 cylinders,gas,12148.0,clean,automatic,4wd,full-size,SUV,custom,ca
9995,2014.0,kia,soul ! 4dr crossover,good,,gas,94988.0,clean,automatic,,,other,red,ar
11999,2013.0,mercedes-benz,benz e350,excellent,6 cylinders,gas,101858.0,clean,automatic,rwd,,,white,az
16211,2015.0,subaru,legacy,good,6 cylinders,gas,70045.0,clean,automatic,4wd,,sedan,grey,ma
8995,2014.0,ford,focus,excellent,4 cylinders,gas,91819.0,clean,automatic,fwd,compact,sedan,,ca
34500,2016.0,ford,f-150,excellent,,gas,98000.0,clean,automatic,,,,,ca
16999,2010.0,dodge,grand caravan,,6 cylinders,gas,49194.0,clean,automatic,,,mini-van,red,wi
1500,2007.0,dodge,charger,fair,6 cylinders,gas,95090.0,clean,automatic,fwd,full-size,sedan,grey,nc
2500,2006.0,,Mustange Convrtible,fair,6 cylinders,gas,170000.0,clean,manual,fwd,,sedan,,ca
35590,2014.0,ford,f150 supercrew cab lariat,good,6 cylinders,gas,36284.0,clean,other,,,pickup,white,ca
37990,2016.0,chevrolet,camaro ss coupe 2d,good,8 cylinders,gas,9704.0,clean,other,rwd,,coupe,red,ct
68995,2020.0,ram,3500 lifted tradesman drw 6.7 cummins,,6 cylinders,diesel,14140.0,clean,automatic,4wd,,pickup,white,ca
25988,2017.0,ford,f-150,like new,,gas,155722.0,clean,automatic,,,,,ok
4500,2004.0,ford,f250 super duty,good,8 cylinders,gas,190000.0,clean,automatic,4wd,full-size,truck,grey,mi
47988,2018.0,chevrolet,2500hd crew cab,excellent,8 cylinders,gas,50364.0,clean,automatic,4wd,full-size,pickup,silver,id
3700,2002.0,honda,accord,good,4 cylinders,gas,152974.0,clean,automatic,fwd,mid-size,sedan,custom,tx
11995,2015.0,jeep,renegade latitude awd,excellent,4 cylinders,gas,95280.0,clean,manual,4wd,compact,SUV,white,vt
6900,2006.0,chevrolet,tahoe,excellent,,gas,120000.0,clean,automatic,,,,,ca
31450,2014.0,jeep,wrangler unlimited rubicon,excellent,6 cylinders,gas,94052.0,clean,automatic,4wd,full-size,SUV,red,co
34999,2008.0,gmc,c5500,,,diesel,68560.0,clean,automatic,,,,,nj
49988,2016.0,ram,3500,,6 cylinders,diesel,0.0,,automatic,4wd,,pickup,silver,nv
37995,2020.0,ford,transit,excellent,6 cylinders,gas,32000.0,clean,automatic,rwd,full-size,van,white,wi
26990,2017.0,ford,expedition xlt sport,good,,other,71758.0,clean,other,,,other,white,ca
13999,2014.0,ford,explorer,,,gas,108378.0,clean,automatic,,,,,nc
2400,2002.0,mercury,sable wagon,,,gas,85000.0,clean,automatic,,,,,pa
38503,2017.0,gmc,sierra 1500,,8 cylinders,gas,82004.0,clean,automatic,4wd,full-size,pickup,custom,tx
29999,2020.0,ford,mustang,excellent,,gas,10638.0,clean,automatic,rwd,,convertible,white,oh
12765,2016.0,nissan,altima 2.5,,,gas,70396.0,clean,other,,,sedan,black,ks
14900,1969.0,mercury,cougar,good,8 cylinders,gas,16751.0,clean,automatic,rwd,,,green,oh
5000,2004.0,chevrolet,,,,gas,216526.0,clean,automatic,,,,,ca
14990,2016.0,,Scion iM Hatchback 4D,good,,gas,65203.0,clean,other,fwd,,hatchback,red,mi
18500,2015.0,ford,f-150,excellent,,gas,101366.0,clean,automatic,rwd,,pickup,black,tn
11495,2017.0,hyundai,accent se hatchback,,4 cylinders,gas,71585.0,clean,automatic,,,hatchback,white,az
33883,2017.0,chevrolet,silverado 1500 lt z71,,,gas,1.0,clean,automatic,,,,,sc
1300,2005.0,ford,freestar,good,6 cylinders,gas,252000.0,clean,automatic,fwd,,,,co
5500,2009.0,hyundai,santa fe limited,like new,6 cylinders,gas,131000.0,clean,automatic,fwd,full-size,SUV,black,pa
18995,2016.0,chrysler,300-series,,6 cylinders,gas,71110.0,clean,automatic,rwd,,sedan,,ca
42990,2019.0,kia,k900 luxury sedan 4d,good,6 cylinders,gas,8270.0,clean,other,,,sedan,black,va
15285,2010.0,chevrolet,tahoe ltz,good,8 cylinders,other,181801.0,clean,automatic,4wd,,other,black,wi
21629,2011.0,ford,f-250 super duty,,8 cylinders,other,125390.0,clean,automatic,4wd,full-size,pickup,custom,tx
21590,2018.0,buick,encore essence sport,good,,gas,13031.0,clean,other,fwd,,other,,dc
33990,2018.0,toyota,sienna se minivan 4d,good,6 cylinders,gas,16607.0,clean,other,fwd,,van,white,ca
3500,2011.0,honda,insight ex 4dr hatchback,good,4 cylinders,hybrid,196238.0,clean,automatic,,,hatchback,black,me
26750,2015.0,bmw,x5 xdrive35d,excellent,6 cylinders,diesel,53523.0,clean,automatic,4wd,,SUV,grey,ca
4100,2006.0,saturn,ion,like new,4 cylinders,gas,58000.0,clean,automatic,fwd,full-size,sedan,green,pa
12995,2009.0,chevrolet,suburban,,,other,221757.0,clean,automatic,,,,,tx
4799,2001.0,cadillac,deville,like new,8 cylinders,gas,76000.0,clean,automatic,fwd,full-size,sedan,white,fl
49900,2018.0,ford,f-150 xlt,,,gas,12729.0,clean,automatic,,,,,vt
21988,2013.0,ford,f-150,,,gas,157505.0,clean,automatic,4wd,,pickup,blue,ok
8999,2012.0,jeep,liberty limited jet,like new,6 cylinders,gas,85909.0,clean,automatic,rwd,,SUV,black,nv
22995,2004.0,chevrolet,corvette,like new,,gas,48000.0,clean,manual,,,,grey,sc
10900,2006.0,dodge,dakota,excellent,6 cylinders,gas,106000.0,clean,automatic,4wd,mid-size,truck,white,co
33999,2019.0,honda,odyssey,,,gas,999999.0,clean,automatic,,,,,tx
9995,2005.0,acura,rsx type-s,excellent,4 cylinders,gas,147622.0,clean,manual,,,,grey,ca
9995,2010.0,honda,odyssey,,,gas,87000.0,clean,automatic,,,,,nh
5500,1954.0,chrysler,new yorker,,,gas,1.0,clean,automatic,,,,,mi
15995,2008.0,mercedes-benz,gl-class gl 450,excellent,8 cylinders,gas,76834.0,,automatic,4wd,,SUV,,ca
10500,2013.0,ford,edge limited,,,gas,158000.0,clean,automatic,,,,,nm
3400,1994.0,,Isuzu Box Truck,,,diesel,190000.0,clean,automatic,,,,,ca
11998,2007.0,lexus,ls 460 lwb,,8 cylinders,gas,169194.0,clean,automatic,rwd,,sedan,,mt
30590,2020.0,volvo,s60 t5 momentum sedan 4d,good,,gas,12029.0,clean,other,fwd,,sedan,red,nm
23950,2015.0,chevrolet,silverado 2500hd,,8 cylinders,gas,124635.0,clean,automatic,4wd,full-size,pickup,white,tx
16990,2008.0,ford,super duty f-350 srw,good,8 cylinders,gas,147476.0,clean,automatic,4wd,,,white,il
3995,2009.0,pontiac,g6,,,gas,155320.0,clean,automatic,,,,,mi
18590,2012.0,subaru,outback 3.6r limited,good,,other,56325.0,clean,other,,,wagon,black,ga
8990,2005.0,chevrolet,colorado z71,,,gas,56414.0,clean,automatic,,,pickup,,pa
18500,1996.0,ford,f250xlt,excellent,8 cylinders,gas,71184.0,clean,manual,4wd,full-size,pickup,blue,il
12595,2017.0,toyota,yaris ia,,4 cylinders,gas,53999.0,clean,automatic,fwd,sub-compact,sedan,custom,tn
9995,2011.0,kia,sorento ex awd,excellent,6 cylinders,gas,109402.0,clean,automatic,4wd,full-size,SUV,,wa
6980,2015.0,kia,forte lx,good,4 cylinders,gas,90580.0,salvage,automatic,fwd,,,black,ar
14988,2016.0,kia,optima lx,good,4 cylinders,gas,71963.0,clean,automatic,fwd,,sedan,,ca
10995,2016.0,chevrolet,malibu limited,excellent,,gas,71354.0,clean,automatic,fwd,,sedan,,ca
13500,2017.0,nissan,sentra,,4 cylinders,gas,42333.0,clean,automatic,fwd,,,blue,az
13590,2017.0,jeep,renegade sport suv 4d,good,,gas,72885.0,clean,other,,,SUV,,ny
38885,2016.0,chevrolet,2500,,,diesel,151913.0,clean,automatic,,,,,in
2500,1994.0,chevrolet,g20,,,gas,93000.0,clean,automatic,,,,,or
5300,2007.0,saturn,vue basesuv (3.5l v6 5a,good,6 cylinders,gas,133045.0,,automatic,,,SUV,,pa
21000,2016.0,bmw,330e,,4 cylinders,hybrid,41010.0,clean,automatic,rwd,,sedan,,ca
30000,2013.0,honda,odyssey,excellent,,gas,30000.0,clean,automatic,,,mini-van,grey,dc
6800,2012.0,honda,accord,,,gas,165151.0,clean,automatic,,full-size,sedan,silver,ct
27250,2005.0,ford,,excellent,8 cylinders,diesel,129300.0,clean,automatic,4wd,full-size,SUV,blue,nc
30990,2019.0,ford,ranger supercrew xl pickup,good,,other,1834.0,clean,other,,,pickup,black,tx
4500,1966.0,,Ward LaFrance Fire Truck,good,,diesel,200.0,clean,manual,,full-size,truck,red,fl
38998,2018.0,audi,q7 premium plus,,6 cylinders,gas,62850.0,clean,automatic,4wd,,SUV,,id
15995,2012.0,rover,,,,gas,113335.0,clean,automatic,,,SUV,,tx
26990,2014.0,chevrolet,silverado 1500 crew,good,6 cylinders,gas,63129.0,clean,automatic,,,pickup,black,tn
17995,2012.0,,ISUZU NPR-HD,excellent,4 cylinders,diesel,203000.0,clean,automatic,rwd,full-size,truck,white,wa
7950,1989.0,chevrolet,corvette,,,gas,148000.0,clean,automatic,,,,,nm
30590,2020.0,ford,ranger supercab xl pickup,good,,gas,10740.0,clean,other,,,pickup,,tn
5800,2010.0,mini,cooper s.,like new,4 cylinders,gas,0.0,clean,manual,fwd,compact,convertible,black,nc
35800,2019.0,gmc,sierra 2500hd,like new,8 cylinders,gas,101928.0,clean,automatic,4wd,full-size,truck,blue,ga
46990,2014.0,mercedes-benz,sl-class sl 550,good,8 cylinders,other,28834.0,clean,other,rwd,,convertible,blue,ca
16950,2015.0,ford,transit t250 medium roof,excellent,6 cylinders,gas,201947.0,clean,automatic,rwd,full-size,van,white,nc
24999,2018.0,ford,mustang ecoboost rwd gas,,,gas,37590.0,clean,manual,rwd,,coupe,blue,wa
22995,2015.0,chevrolet,2500 w/t,good,,gas,120591.0,clean,automatic,,,,,ia
6700,2011.0,hyundai,sonata gls,excellent,4 cylinders,gas,104100.0,clean,automatic,fwd,compact,sedan,blue,ca
14500,2012.0,bmw,335i xdrive m-sport,like new,6 cylinders,gas,90654.0,clean,automatic,4wd,,coupe,white,ky
35900,2019.0,jeep,wrangler,,,gas,19315.0,clean,automatic,4wd,,SUV,,fl
13990,2013.0,gmc,acadia slt2,good,6 cylinders,gas,144353.0,clean,automatic,4wd,,,red,pa
9888,2015.0,chevrolet,cruze 1lt,good,,other,85291.0,clean,automatic,fwd,,sedan,red,ar
9443,2005.0,mercedes-benz,slk,,6 cylinders,gas,111315.0,clean,automatic,rwd,sub-compact,convertible,brown,fl
13887,2014.0,mercedes-benz,c-class c300 4matic sport sedan,,6 cylinders,,73707.0,clean,automatic,,,sedan,grey,nj
9000,2006.0,ford,f-150,good,,gas,182000.0,clean,automatic,,,,grey,al
22999,2015.0,lexus,es 300h,,4 cylinders,hybrid,39140.0,clean,automatic,fwd,,sedan,,co
28995,2005.0,ram,2500,excellent,6 cylinders,diesel,193350.0,clean,other,4wd,full-size,truck,red,ca
10977,2010.0,cadillac,dts,,,gas,108253.0,clean,automatic,fwd,,,black,wi
477,2019.0,ram,1500,,8 cylinders,gas,39256.0,clean,automatic,4wd,,truck,,wa
36990,2016.0,gmc,sierra 2500 hd double cab,good,8 cylinders,gas,23190.0,clean,other,4wd,,pickup,black,ok
10999,2006.0,ram,3500,,,gas,200214.0,clean,automatic,,,,,ia
27900,2017.0,acura,mdx,excellent,6 cylinders,gas,45681.0,clean,automatic,4wd,mid-size,SUV,black,ny
12999,2015.0,nissan,altima 2.5 s,excellent,4 cylinders,gas,59225.0,clean,automatic,fwd,full-size,sedan,black,co
7980,2008.0,toyota,rav4,good,4 cylinders,gas,198128.0,clean,automatic,4wd,full-size,SUV,red,or
26500,2015.0,ford,f-150,,,gas,84952.0,clean,automatic,4wd,,pickup,black,mi
9700,1998.0,jeep,wrangler,good,4 cylinders,gas,161254.0,clean,manual,4wd,,,black,nj
10677,2012.0,honda,civic ex,,,gas,89114.0,clean,automatic,fwd,,sedan,grey,mn
850,2007.0,ford,focus se sedan,good,4 cylinders,gas,151100.0,clean,automatic,fwd,compact,sedan,silver,wa
5300,2009.0,ford,escape,good,,gas,120491.0,clean,automatic,,,SUV,grey,nj
24999,2007.0,chevrolet,silverado 3500 lt,like new,8 cylinders,gas,123456.0,clean,automatic,rwd,full-size,truck,grey,fl
7500,2009.0,subaru,forester,,,gas,133000.0,clean,automatic,,,wagon,blue,ny
31990,2018.0,audi,q5 premium sport utility 4d,good,,gas,19179.0,clean,other,,,other,,al
22919,2019.0,hyundai,sonata,,,other,32492.0,clean,automatic,,full-size,sedan,red,ca
18500,2015.0,harley-davidson,electra glide ul,,,,4639.0,clean,other,rwd,,van,silver,pa
22990,2018.0,honda,civic si sedan 4d,good,,other,39082.0,clean,other,fwd,,sedan,red,md
12995,2016.0,dodge,grand caravan,like new,6 cylinders,gas,74674.0,clean,automatic,fwd,full-size,van,blue,ca
49900,2019.0,tesla,model 3 performance,,,electric,39000.0,clean,automatic,,,,,ny
8995,2012.0,subaru,impreza awd,like new,4 cylinders,gas,150663.0,clean,automatic,4wd,full-size,sedan,blue,ca
5000,2009.0,honda,accord exl coupe,salvage,6 cylinders,gas,238000.0,salvage,automatic,,,coupe,black,ca
5400,2006.0,bmw,x5,,,gas,113707.0,clean,automatic,,,SUV,silver,mn
24590,2017.0,chevrolet,silverado 1500 regular,good,6 cylinders,gas,40784.0,clean,other,,,pickup,white,ny
31998,2013.0,ram,2500,,,diesel,132402.0,clean,automatic,,,,,in
4500,2004.0,acura,rsx,good,4 cylinders,gas,186000.0,clean,automatic,fwd,compact,coupe,silver,ga
7499,2011.0,ford,fusion,excellent,4 cylinders,gas,87500.0,clean,manual,fwd,mid-size,,blue,mi
33999,2007.0,ford,mustang shelby gt500,,8 cylinders,gas,38271.0,clean,manual,rwd,,coupe,,wa
5200,2006.0,bmw,530i,good,6 cylinders,gas,90890.0,rebuilt,automatic,rwd,mid-size,sedan,blue,or
28990,2016.0,lexus,es 350 sedan 4d,good,6 cylinders,gas,11264.0,clean,other,fwd,,sedan,red,ca
23900,2016.0,bmw,528i,like new,4 cylinders,gas,52930.0,clean,automatic,rwd,,,black,tn
28995,2019.0,ford,edge,,,gas,72075.0,clean,automatic,fwd,,SUV,brown,tx
23500,2015.0,ford,transit 350,excellent,6 cylinders,gas,159288.0,clean,automatic,,,van,white,tx
17990,2019.0,chevrolet,trax lt sport utility,good,,other,19938.0,clean,other,,,hatchback,white,ga
28588,2020.0,subaru,crosstrek limited automatic,,,gas,32429.0,clean,automatic,4wd,,hatchback,silver,ak
8795,2013.0,volkswagen,jetta wagon,excellent,4 cylinders,gas,112866.0,clean,automatic,fwd,,wagon,black,ny
25990,2019.0,chrysler,300 touring l sedan 4d,good,,other,19690.0,clean,other,,,sedan,white,ct
16890,2016.0,subaru,outback 2.5i premium,excellent,4 cylinders,gas,109000.0,clean,automatic,4wd,compact,hatchback,green,wi
5995,2003.0,dodge,dakota sport,excellent,6 cylinders,gas,143236.0,clean,manual,rwd,mid-size,pickup,grey,wi
20900,2011.0,ram,1500,like new,8 cylinders,gas,151000.0,clean,automatic,4wd,full-size,pickup,grey,mo
12895,2014.0,chevrolet,traverse lt awd,,6 cylinders,gas,122399.0,clean,automatic,4wd,,,,ny
32590,2015.0,mercedes-benz,gla-class gla 45,good,,gas,34811.0,clean,other,,,other,black,ca
41999,2016.0,ford,f150 xlt sport 4x4 1/2 ton,,,gas,35654.0,clean,automatic,4wd,,truck,grey,wa
8750,2009.0,mercury,milan premiere,,,gas,80000.0,clean,automatic,,,,,pa
34990,2020.0,cadillac,xt4 sport suv 4d,good,,diesel,4174.0,clean,other,,,hatchback,white,ar
4500,2009.0,mitsubishi,galant,good,4 cylinders,gas,129000.0,clean,automatic,fwd,full-size,,black,nc
5400,2009.0,chevrolet,traverse lt,good,6 cylinders,gas,167000.0,clean,automatic,4wd,,,,oh
31990,2017.0,jaguar,f-pace 35t r-sport suv 4d,good,6 cylinders,gas,60077.0,clean,automatic,,,SUV,silver,pa
30990,2014.0,chevrolet,suburban 1500 ltz,good,8 cylinders,other,87922.0,clean,other,4wd,,other,white,mi
17990,2015.0,honda,civic ex-l sedan 4d,good,,gas,32385.0,clean,other,fwd,,sedan,white,co
4900,2008.0,mazda,mazda5 grand touringmini,good,4 cylinders,gas,116280.0,,automatic,,,wagon,,pa
8950,2015.0,honda,civic,,4 cylinders,gas,142369.0,clean,automatic,fwd,compact,sedan,custom,wi
5000,2005.0,acura,tl,excellent,6 cylinders,gas,205000.0,clean,automatic,fwd,mid-size,sedan,black,tn
37990,2020.0,volvo,xc40 t4 inscription sport,good,,gas,9316.0,clean,other,fwd,,other,white,ok
36988,2017.0,ford,expedition,like new,,gas,70335.0,clean,automatic,,,,,ks
24990,2020.0,honda,civic ex-l sedan 4d,good,,gas,4152.0,clean,other,fwd,,sedan,,ca
33986,2018.0,honda,pilot,,6 cylinders,gas,51134.0,clean,automatic,4wd,full-size,SUV,white,ca
8995,2008.0,ford,f150 sxt,,,gas,411.0,clean,automatic,,,,,ar
6988,2001.0,chevrolet,suburban 1500 lt,excellent,8 cylinders,gas,163044.0,,automatic,4wd,,SUV,,wa
12900,2015.0,nissan,altima,excellent,6 cylinders,gas,106060.0,clean,automatic,fwd,mid-size,sedan,white,fl
11900,2019.0,chevrolet,sonic lt,,,gas,53225.0,clean,automatic,,,,,tx
41987,2017.0,gmc,sierra 1500 sle,good,,gas,39945.0,clean,other,,,pickup,blue,mt
19950,2015.0,dodge,durango,good,6 cylinders,other,85034.0,clean,automatic,,,other,grey,ma
6500,2008.0,chevrolet,impala lt,excellent,6 cylinders,gas,42000.0,clean,automatic,fwd,full-size,sedan,grey,ny
15000,1999.0,bmw,z3 convertible,excellent,4 cylinders,gas,60337.0,clean,manual,,compact,convertible,red,fl
17590,2013.0,buick,lacrosse premium ii sedan,good,6 cylinders,gas,40737.0,clean,other,fwd,,sedan,white,nv
7995,2012.0,ford,escape,,,gas,137440.0,clean,automatic,fwd,,SUV,,va
6000,1995.0,ford,bronco eddie bauer,good,8 cylinders,gas,158000.0,clean,automatic,4wd,,,,pa
3000,2007.0,pontiac,g6,good,4 cylinders,gas,217130.0,clean,automatic,fwd,mid-size,sedan,brown,in
16988,2017.0,ram,promaster city cargo van,good,4 cylinders,gas,89068.0,clean,automatic,fwd,mid-size,van,white,tx
19590,2016.0,ford,taurus sel sedan 4d,good,6 cylinders,gas,9793.0,clean,other,fwd,,sedan,red,ct
10995,2017.0,toyota,corolla im cvt,excellent,4 cylinders,gas,120414.0,clean,other,,,hatchback,,ca
12995,1979.0,,1979 AMC Spirit GT AMX,,,gas,80100.0,clean,manual,,,,black,la
6900,2003.0,chevrolet,,good,8 cylinders,gas,139000.0,clean,automatic,4wd,,,,ny
4150,2006.0,jeep,commander,good,8 cylinders,gas,180000.0,clean,automatic,4wd,full-size,SUV,custom,il
20590,2015.0,volkswagen,eos komfort,good,,gas,43470.0,clean,automatic,fwd,,convertible,black,nc
29000,2008.0,gmc,sierra 3500hd c/c dump,excellent,8 cylinders,diesel,80000.0,clean,automatic,4wd,full-size,truck,white,ny
18599,2015.0,toyota,sienna xle premium,like new,6 cylinders,gas,82000.0,clean,automatic,fwd,full-size,mini-van,grey,vt
3850,2003.0,bmw,745i,excellent,,gas,163000.0,clean,automatic,,,,,de
19995,2013.0,ford,f150 xlt,excellent,8 cylinders,gas,115041.0,clean,automatic,rwd,full-size,pickup,,nm
16988,2014.0,kia,sportage,,4 cylinders,gas,55063.0,clean,automatic,4wd,,SUV,,or
11900,2004.0,chevrolet,express cutaway cube,good,8 cylinders,gas,168259.0,clean,automatic,rwd,full-size,van,white,wa
27590,2017.0,infiniti,q60 2.0t coupe 2d,good,,other,33011.0,clean,other,,,coupe,blue,ma
13500,2014.0,nissan,frontier sv,,6 cylinders,gas,160805.0,clean,automatic,4wd,,pickup,blue,ut
34999,2019.0,toyota,highlander le awd gas suv,,,gas,30121.0,clean,automatic,4wd,,SUV,black,wa
1295,2000.0,buick,century custom,,6 cylinders,gas,162384.0,clean,automatic,fwd,,sedan,white,co
12990,2013.0,chrysler,200 touring sedan 4d,good,,other,57792.0,clean,other,fwd,,sedan,silver,co
62950,1976.0,alfa-romeo,romeo gtv 2000,excellent,4 cylinders,gas,64500.0,clean,manual,rwd,,coupe,red,pa
206,2015.0,buick,encore,,4 cylinders,other,101940.0,clean,automatic,fwd,,SUV,black,mi
7995,2011.0,jeep,grand cherokee laredo,,,gas,201360.0,clean,automatic,,,,,mi
12499,2013.0,acura,rdx,,6 cylinders,gas,140988.0,clean,automatic,fwd,,SUV,silver,tx
4000,2010.0,mazda,rx8,good,other,gas,67693.0,clean,automatic,rwd,compact,coupe,black,ga
3977,2000.0,toyota,camry,,,gas,162829.0,clean,automatic,,,sedan,black,mt
37590,2014.0,audi,rs 5 coupe 2d,good,8 cylinders,gas,51672.0,clean,automatic,,,coupe,silver,fl
45000,2016.0,bmw,m4,excellent,6 cylinders,gas,43000.0,clean,other,rwd,full-size,coupe,white,ny
29990,2018.0,chevrolet,colorado crew cab work,good,6 cylinders,gas,11401.0,clean,other,4wd,,pickup,red,ky
12916,2013.0,cadillac,xts,excellent,6 cylinders,gas,114263.0,clean,automatic,4wd,,sedan,black,ca
32990,2018.0,ford,mustang gt coupe 2d,good,8 cylinders,gas,27726.0,clean,other,rwd,,coupe,red,il
6500,2006.0,lincoln,town car signature,excellent,8 cylinders,gas,133500.0,clean,automatic,,,,,nc
8500,2000.0,ram,b1500,excellent,8 cylinders,gas,113000.0,clean,automatic,rwd,full-size,van,brown,ca
18000,2016.0,mazda,cx-5,excellent,4 cylinders,gas,33000.0,clean,automatic,,,,,al
5000,2007.0,honda,accord ex,good,4 cylinders,gas,119000.0,clean,automatic,fwd,,sedan,silver,ca
17597,2014.0,subaru,xv crosstrek,,4 cylinders,gas,35250.0,clean,manual,4wd,compact,wagon,custom,co
12000,2009.0,ford,f-150,good,8 cylinders,gas,194829.0,clean,automatic,4wd,full-size,truck,black,tx
11250,2013.0,ford,explorer xlt 4x4,excellent,6 cylinders,gas,122000.0,rebuilt,automatic,4wd,,SUV,,tn
17990,2018.0,chevrolet,cruze lt diesel,good,,gas,41076.0,clean,other,fwd,,hatchback,,mn
17995,2001.0,ford,excursion,,,gas,124060.0,clean,automatic,fwd,,SUV,red,or
7000,2009.0,mercedes-benz,benz e350,excellent,6 cylinders,gas,129000.0,clean,automatic,4wd,mid-size,sedan,black,ri
10000,2005.0,bmw,z4 2.5i,excellent,6 cylinders,gas,86700.0,clean,other,rwd,compact,convertible,black,ca
18000,2007.0,ram,3500,good,,diesel,210000.0,clean,automatic,4wd,full-size,truck,black,ky
7488,2007.0,toyota,camry,,,gas,177598.0,clean,automatic,fwd,,sedan,white,id
31988,2017.0,bmw,x5,,,gas,34036.0,clean,automatic,fwd,,other,white,ca
1000,2019.0,,Janesville,,,gas,1.0,clean,automatic,,,,,wi
28995,2016.0,ford,f-150,,8 cylinders,gas,72185.0,clean,automatic,4wd,,truck,white,wa
5295,2013.0,nissan,sentra,,4 cylinders,gas,143000.0,clean,automatic,fwd,compact,sedan,black,ma
22000,2012.0,,kenworth t700,,,diesel,740000.0,clean,automatic,,,,,tx
9995,2002.0,chrysler,town and country,excellent,6 cylinders,gas,151490.0,clean,automatic,fwd,mid-size,mini-van,blue,ak
4700,2007.0,mini,cooper,excellent,4 cylinders,gas,121382.0,clean,automatic,fwd,compact,hatchback,yellow,nj
99,2018.0,hyundai,elantra,,,gas,27180.0,clean,automatic,fwd,full-size,sedan,grey,vt
999,2014.0,jeep,grand cherokee,,,gas,82000.0,clean,automatic,,,,,tx
19500,2017.0,toyota,camry xle,excellent,4 cylinders,gas,10700.0,clean,automatic,fwd,compact,sedan,,va
36590,2019.0,gmc,sierra 1500 limited double,good,8 cylinders,gas,14222.0,clean,other,4wd,,pickup,blue,ok
4500,2009.0,mini,cooper,good,8 cylinders,gas,182000.0,clean,automatic,,mid-size,mini-van,custom,nc
405,2018.0,ram,1500 tradesman hemi 4x4,excellent,8 cylinders,gas,47710.0,,automatic,4wd,,truck,,or
16500,2005.0,ford,mustang,good,8 cylinders,gas,9639.0,clean,manual,rwd,,coupe,silver,pa
20000,2004.0,chevrolet,silverado 2500,good,8 cylinders,gas,98912.0,clean,automatic,4wd,full-size,pickup,silver,va
31998,2018.0,lexus,nx,excellent,,gas,,clean,automatic,4wd,,SUV,,ca
7000,2006.0,nissan,frontier,fair,6 cylinders,gas,148000.0,rebuilt,manual,4wd,,,,va
8288,2011.0,mazda,mazda3 i sport,good,4 cylinders,gas,121452.0,clean,automatic,fwd,,sedan,silver,ca
24950,2018.0,toyota,rav4 limited awd,excellent,4 cylinders,gas,28000.0,clean,automatic,4wd,,SUV,white,ia
7200,2007.0,toyota,highlander,excellent,4 cylinders,gas,155490.0,clean,automatic,fwd,,SUV,silver,al
20000,2006.0,bmw,m5,excellent,10 cylinders,gas,63300.0,clean,automatic,rwd,full-size,sedan,blue,nj
35000,2017.0,ram,1500 sport,excellent,8 cylinders,gas,35363.0,clean,automatic,4wd,,truck,,nj
52899,2018.0,gmc,sierra 3500 slt,,,diesel,135072.0,clean,automatic,,,,,tn
4000,2005.0,honda,pilot,fair,6 cylinders,gas,215290.0,clean,automatic,4wd,full-size,SUV,grey,al
29000,2014.0,dodge,durango,,8 cylinders,gas,68612.0,clean,automatic,4wd,,SUV,,wa
29999,2015.0,gmc,2500,,,diesel,238515.0,clean,automatic,,,,,ar
2200,2010.0,jeep,compass sport,good,4 cylinders,gas,222000.0,clean,manual,4wd,,SUV,white,pa
22791,2018.0,chevrolet,equinox lt,,,gas,26345.0,clean,automatic,,,,,fl
3800,2004.0,jeep,grand cherokee,good,6 cylinders,gas,183600.0,clean,automatic,fwd,,,,fl
60000,2020.0,ram,promaster 1500,,,gas,15000.0,clean,automatic,fwd,,,,co
11500,2017.0,chevrolet,cruze,like new,4 cylinders,gas,54900.0,clean,automatic,,,,,mi
18300,2004.0,toyota,tacoma,,6 cylinders,gas,141000.0,clean,other,4wd,,pickup,green,fl
23990,2016.0,dodge,charger sxt sedan 4d,good,6 cylinders,gas,34262.0,clean,other,,,sedan,black,mn
14995,2014.0,mercedes-benz,glk-class,,,gas,138071.0,clean,automatic,,,SUV,,or
18990,2017.0,volkswagen,tiguan limited 2.0t,good,,other,26471.0,clean,other,,,other,,ca
3200,2004.0,nissan,sentra 1.8,good,4 cylinders,gas,176000.0,clean,manual,fwd,full-size,sedan,white,ca
123456,1989.0,chevrolet,camaro iroc-z28,like new,8 cylinders,gas,73450.0,clean,automatic,rwd,full-size,convertible,red,az
2100,2010.0,nissan,versa,,4 cylinders,gas,177082.0,clean,automatic,fwd,,sedan,black,md
10790,2011.0,lexus,es350,like new,6 cylinders,gas,150659.0,clean,automatic,fwd,mid-size,sedan,,tx
2800,2002.0,saturn,sl1,like new,4 cylinders,gas,101000.0,clean,automatic,fwd,compact,coupe,silver,nv
25499,2014.0,ford,f-150,,,gas,112934.0,clean,automatic,4wd,,,silver,mn
34990,2019.0,infiniti,q60 3.0t luxe coupe 2d,good,,other,27872.0,clean,other,,,coupe,black,az
14998,2017.0,chevrolet,impala lt sedan,excellent,4 cylinders,gas,96762.0,clean,automatic,fwd,full-size,sedan,white,fl
14496,2014.0,jeep,grand cherokee,,,gas,173699.0,clean,automatic,4wd,,,,nc
6250,2008.0,toyota,avalon xl,,other,gas,122000.0,clean,automatic,,,,,ny
6500,2009.0,audi,a4 quattro 2.0t awd,,,gas,128620.0,clean,automatic,4wd,,,,ca
4550,2002.0,toyota,avalon,,,gas,109519.0,clean,automatic,,,,,nh
19900,2016.0,cadillac,ats sedan,,4 cylinders,gas,39506.0,clean,other,4wd,,sedan,black,ny
9999,1995.0,cadillac,seville sts v8,,8 cylinders,gas,99850.0,clean,automatic,fwd,,sedan,green,or
7995,2014.0,ford,focus,good,4 cylinders,gas,62044.0,clean,automatic,fwd,compact,sedan,,ia
32590,2018.0,bmw,3 series 340i xdrive sedan,good,,gas,32757.0,clean,other,,,sedan,white,ky
19990,2015.0,infiniti,qx60 3.5 sport utility,good,,other,96003.0,clean,other,,,other,silver,al
11995,2017.0,chevrolet,cruze,excellent,4 cylinders,gas,86583.0,clean,automatic,fwd,,sedan,white,mi
17500,2018.0,buick,encore,,4 cylinders,gas,26260.0,clean,automatic,fwd,,SUV,silver,mi
12592,2013.0,ford,taurus sel sedan 4d automatic,,,gas,88953.0,clean,automatic,fwd,,sedan,silver,ca
59999,2016.0,chevrolet,silverado duramax,,,diesel,84565.0,clean,automatic,4wd,,truck,black,id
15995,2008.0,jeep,wrangler,,6 cylinders,gas,115540.0,clean,automatic,4wd,,SUV,black,md
27500,1998.0,,F8OO DUMP TRUCK,excellent,6 cylinders,diesel,139448.0,clean,automatic,rwd,full-size,truck,white,il
16999,2014.0,honda,civic,,,gas,83965.0,clean,manual,,,,,ca
5500,2007.0,toyota,prius,,4 cylinders,hybrid,131000.0,clean,automatic,,,,,nj
13995,2014.0,volkswagen,cc,,,gas,72797.0,clean,automatic,,compact,sedan,black,nh
24997,2019.0,mini,cooper s e countryman,excellent,,hybrid,26109.0,clean,automatic,4wd,,SUV,,ca
34900,2018.0,jeep,grand cherokee laredo,,,gas,68181.0,clean,automatic,,,,,vt
10995,2014.0,chevrolet,cruze,,,gas,95233.0,clean,automatic,,,sedan,red,ak
33999,2012.0,ford,f-250 lariat 6.7,excellent,8 cylinders,diesel,124596.0,clean,automatic,4wd,full-size,truck,grey,ak
18900,2011.0,ford,f-150 4x4 5.0l v8 360hp 380ft. lbs. torque super crew xlt one owner,,8 cylinders,other,167000.0,clean,automatic,4wd,,pickup,blue,ca
13454,2012.0,honda,cr-v,excellent,4 cylinders,gas,27326.0,clean,automatic,fwd,mid-size,SUV,silver,al
23590,2018.0,nissan,rogue sl sport utility 4d,good,,gas,25141.0,clean,other,,,hatchback,silver,tx
5500,2007.0,acura,mdx,,,gas,158000.0,rebuilt,automatic,,,,,al
27590,2020.0,volkswagen,golf gti s hatchback,good,,gas,1309.0,clean,other,fwd,,sedan,red,wi
3500,1999.0,ford,ranger xlt,good,6 cylinders,gas,134500.0,salvage,automatic,rwd,mid-size,pickup,green,or
27999,2008.0,toyota,tundra,,8 cylinders,gas,56000.0,clean,automatic,4wd,,truck,red,nv
3500,2002.0,toyota,camry,,,gas,225000.0,clean,automatic,,,,,ga
22900,2011.0,toyota,tacoma double cab trd sport 4wd,,,,140831.0,,automatic,4wd,,pickup,,co
27500,2014.0,,freightliner step van,like new,,diesel,216000.0,clean,automatic,,,,,ca
6500,2004.0,nissan,frontier crew cab,good,6 cylinders,gas,137000.0,clean,manual,4wd,mid-size,pickup,white,ks
13995,2015.0,nissan,altima,,4 cylinders,gas,65640.0,clean,automatic,fwd,,sedan,silver,mo
16990,2008.0,ford,super duty f-350 srw,good,8 cylinders,gas,147476.0,clean,automatic,4wd,,,white,ut
30990,2018.0,acura,mdx technology pkg sport,good,,other,29342.0,clean,other,,,other,,ks
2500,2013.0,ford,expedition,excellent,8 cylinders,gas,143999.0,clean,automatic,rwd,,,white,ok
1800,2001.0,saturn,sl2,good,4 cylinders,gas,182196.0,clean,automatic,fwd,mid-size,sedan,green,va
45285,2018.0,jaguar,xf,,,gas,12567.0,clean,automatic,,,,,ok
13849,2015.0,subaru,impreza,,,gas,58706.0,clean,automatic,,,,,pa
99,2015.0,gmc,yukon,,,gas,92653.0,clean,automatic,4wd,full-size,,,vt
1,2015.0,dodge,dart sxt,,,gas,105000.0,clean,automatic,,,,,nm
33996,2020.0,toyota,tacoma 2wd,,,gas,20750.0,clean,automatic,,,pickup,silver,tx
26990,2018.0,honda,accord ex-l sedan 4d,good,,gas,14787.0,clean,other,fwd,,sedan,black,tn
4250,1999.0,ford,explorer,excellent,6 cylinders,gas,112566.0,clean,automatic,4wd,mid-size,SUV,blue,ny
39999,2015.0,gmc,sierra 1500 crew cab,,8 cylinders,gas,77956.0,clean,automatic,4wd,,pickup,black,nv
30990,2015.0,ford,f150 super cab xlt pickup,good,6 cylinders,other,44830.0,clean,other,,,pickup,red,ca
8998,2008.0,subaru,forester 2.5 x,good,4 cylinders,gas,102617.0,clean,automatic,4wd,,wagon,brown,pa
20986,2016.0,honda,accord,,4 cylinders,gas,37753.0,clean,automatic,fwd,mid-size,sedan,,ca
11600,2007.0,dodge,sprinter 2500,good,6 cylinders,diesel,105000.0,clean,automatic,rwd,full-size,van,white,md
2150,1999.0,gmc,safari passenger,,,gas,160000.0,clean,automatic,,,,,ca
32998,2020.0,buick,enclave,excellent,,gas,38170.0,clean,automatic,fwd,,SUV,,oh
6497,2012.0,mini,cooper countryman,good,4 cylinders,gas,113000.0,clean,automatic,fwd,mid-size,wagon,blue,ca
6999,2008.0,bmw,x5,excellent,6 cylinders,gas,143000.0,clean,automatic,4wd,full-size,SUV,custom,sc
6995,2008.0,chevrolet,impala lt sedan 4d,excellent,6 cylinders,gas,101000.0,clean,automatic,fwd,full-size,sedan,red,pa
3850,2011.0,volkswagen,jetta,excellent,4 cylinders,gas,127000.0,clean,automatic,fwd,,,,ca
36500,2017.0,jeep,wrangler unlimited,excellent,6 cylinders,gas,44000.0,lien,automatic,4wd,,SUV,grey,sc
299,2009.0,hyundai,sonata,,,gas,131716.0,clean,automatic,,,,,oh
13772,2014.0,ford,explorer,,,other,146790.0,clean,automatic,4wd,,,black,ms
31000,2017.0,chevrolet,silverado 1500,,,gas,81973.0,clean,automatic,,,pickup,,sd
38995,2012.0,ram,3500,excellent,6 cylinders,diesel,127999.0,clean,automatic,4wd,full-size,,white,tx
119966,1966.0,chevrolet,corvette sting ray,,,gas,56455.0,clean,manual,,,convertible,,mt
46999,2016.0,ram,1500,,8 cylinders,gas,43904.0,clean,automatic,4wd,,truck,black,wa
7200,2008.0,toyota,avalon limited,excellent,6 cylinders,gas,135000.0,clean,automatic,fwd,full-size,sedan,white,oh
5995,2008.0,toyota,prius hb (natl,excellent,4 cylinders,hybrid,127611.0,,automatic,,,other,,ma
10500,2016.0,kia,soul,good,4 cylinders,gas,94000.0,clean,automatic,,compact,hatchback,red,ca
35900,2017.0,chrysler,pacifica,,6 cylinders,,86494.0,clean,automatic,fwd,,van,silver,mt
39590,2019.0,ram,1500 crew cab big horn,good,8 cylinders,other,9220.0,clean,other,,,pickup,,ca
6200,2004.0,toyota,tacoma,good,4 cylinders,gas,220000.0,clean,manual,rwd,compact,pickup,red,ks
19590,2013.0,bmw,1 series 135i coupe 2d,good,,gas,83600.0,clean,other,rwd,,coupe,black,ga
15000,1970.0,chevrolet,camaro,good,,gas,100001.0,clean,manual,,,,,fl
1550,2003.0,ford,explorer,excellent,6 cylinders,gas,123548.0,clean,automatic,4wd,,SUV,black,ma
1,1975.0,,1975 Isuzu 117 Coupe,,,gas,38000.0,clean,manual,,,,,fl
4800,2007.0,toyota,prius,,,hybrid,152000.0,clean,automatic,,,,red,pa
5200,1978.0,,mgb roadster,good,4 cylinders,gas,74000.0,clean,manual,rwd,,convertible,red,or
19990,2018.0,mazda,mazda3 touring hatchback,good,,other,14063.0,clean,other,fwd,,hatchback,blue,pa
23997,2015.0,,Isuzu NPR,,4 cylinders,diesel,249538.0,clean,other,rwd,,,white,fl
18990,2013.0,infiniti,jx jx35 sport utility,good,6 cylinders,gas,97133.0,clean,automatic,,,SUV,,ga
19995,2013.0,chevrolet,silverado,,,gas,155000.0,clean,automatic,,,,,ky
33495,2016.0,ram,1500,,,gas,62382.0,clean,automatic,,,,,nj
31900,2014.0,chevrolet,silverado 1500,excellent,6 cylinders,gas,69781.0,clean,automatic,rwd,full-size,truck,white,ca
16300,2012.0,ford,f150,excellent,6 cylinders,gas,144404.0,clean,automatic,rwd,full-size,pickup,blue,fl
20500,2017.0,ford,taurus sho awd,excellent,6 cylinders,gas,84100.0,clean,automatic,4wd,,,black,ny
36999,2019.0,toyota,tacoma trd sport rwd gas,,,gas,26524.0,clean,automatic,rwd,,truck,blue,wa
34500,1965.0,pontiac,gto,excellent,,gas,92000.0,clean,automatic,,,,,tx
14500,2016.0,dodge,journey,excellent,,gas,100000.0,lien,automatic,,full-size,SUV,red,oh
5999,2012.0,volkswagen,tiguan le,excellent,4 cylinders,gas,125466.0,clean,automatic,,,,,fl
15995,2012.0,chevrolet,silverado 1500 lt,,8 cylinders,other,145840.0,clean,automatic,4wd,,pickup,white,mt
12999,2017.0,hyundai,elantra,,4 cylinders,gas,85202.0,clean,automatic,fwd,,sedan,,ca
9100,2013.0,volkswagen,tiguan,,4 cylinders,gas,115489.0,clean,automatic,fwd,,SUV,red,nj
7800,2013.0,chrysler,town & country,good,,gas,148000.0,clean,automatic,,full-size,mini-van,silver,ca
10500,2014.0,ford,escape se,good,,other,107261.0,clean,automatic,fwd,,other,red,mi
5950,2012.0,jeep,patriot,excellent,4 cylinders,gas,163000.0,clean,automatic,4wd,mid-size,SUV,black,ny
34995,2017.0,jeep,wrangler unlimited,,,gas,23852.0,clean,automatic,4wd,,,white,ny
26500,1979.0,chevrolet,c10,,,gas,9416.0,clean,automatic,,,,,oh
3000,1986.0,bmw,528e,good,6 cylinders,gas,178000.0,clean,automatic,rwd,mid-size,sedan,silver,or
18999,2019.0,volkswagen,jetta sel fwd gas,,,gas,37620.0,clean,automatic,fwd,,sedan,silver,wa
2000,2016.0,chevrolet,impala lt,excellent,6 cylinders,gas,91474.0,clean,automatic,fwd,full-size,sedan,white,ca
13720,2019.0,nissan,sentra,,4 cylinders,gas,57992.0,clean,automatic,fwd,mid-size,sedan,custom,fl
15999,2015.0,bmw,320,,,gas,80070.0,clean,automatic,,,other,black,tx
2500,2008.0,kia,sorento,good,6 cylinders,gas,161000.0,clean,automatic,4wd,mid-size,SUV,white,oh
2800,2007.0,kia,rio,good,,gas,120000.0,clean,manual,,compact,,,pa
14900,2007.0,chevrolet,silverado 1500,excellent,8 cylinders,gas,146000.0,clean,automatic,4wd,full-size,truck,red,ar
3550,2009.0,kia,spectra,excellent,,gas,126000.0,clean,automatic,,,,,ny
5500,2008.0,nissan,altima,excellent,4 cylinders,gas,125000.0,clean,automatic,fwd,sub-compact,coupe,blue,mn
23900,2017.0,ford,transit 150,excellent,6 cylinders,gas,108482.0,clean,automatic,rwd,full-size,van,white,tn
4000,1999.0,gmc,sierra 1500,good,,gas,164000.0,salvage,automatic,,,,,ia
16990,2009.0,lexus,is 250 sport sedan 4d,good,6 cylinders,other,45037.0,clean,other,rwd,,sedan,white,ca
4850,2006.0,ford,escape,,,gas,143530.0,clean,automatic,fwd,,SUV,,va
14500,2012.0,toyota,highlander,excellent,6 cylinders,gas,118736.0,clean,automatic,fwd,,,black,nc
31995,2018.0,ford,explorer,,,gas,36858.0,clean,automatic,fwd,,SUV,white,tx
20995,2018.0,chevrolet,equinox,,4 cylinders,gas,36095.0,clean,automatic,fwd,mid-size,SUV,grey,az
20998,2017.0,nissan,maxima sv,,,gas,73135.0,clean,automatic,fwd,,sedan,,mt
25590,2018.0,volkswagen,golf gti s hatchback,good,,gas,13269.0,clean,other,fwd,,sedan,blue,fl
3000,2004.0,dodge,dakota,good,4 cylinders,gas,130000.0,clean,automatic,4wd,compact,truck,silver,oh
3000,2001.0,chevrolet,blazer,good,6 cylinders,gas,176750.0,clean,automatic,4wd,mid-size,SUV,grey,ga
92995,2019.0,mercedes-benz,e-class,,,gas,13562.0,clean,automatic,,,sedan,black,tx
27999,2016.0,mercedes-benz,cla,,other,gas,26145.0,clean,automatic,4wd,,sedan,custom,wa
37990,2016.0,toyota,tundra double cab sr,good,8 cylinders,gas,22870.0,clean,other,4wd,,pickup,black,in
5500,2014.0,chevrolet,traverse,,,gas,1.0,clean,automatic,fwd,,SUV,,wi
13995,2013.0,chevrolet,express,,,other,104394.0,clean,automatic,fwd,,van,white,va
35990,2020.0,cadillac,ct4 sport sedan 4d,good,,gas,3330.0,clean,other,rwd,,sedan,black,or
26000,2015.0,ford,f-150,excellent,6 cylinders,gas,135926.0,lien,automatic,4wd,full-size,pickup,white,mi
27990,2019.0,mercedes-benz,cla-class,,,gas,39772.0,clean,automatic,,compact,coupe,black,la
33900,1999.0,ford,f-350 diesel 4x4 7.3l power stroke turbo diesel ext cab long bed dually 6-speed manual,,8 cylinders,diesel,131000.0,clean,manual,4wd,,pickup,custom,ca
34590,2019.0,bmw,3 series 330i xdrive sedan,good,,other,7460.0,clean,other,,,sedan,black,oh
15900,2009.0,chevrolet,tahoe ltz 4x4,excellent,8 cylinders,gas,123566.0,clean,automatic,4wd,full-size,SUV,blue,in
29495,1939.0,ford,other,excellent,,gas,0.0,clean,manual,,,,orange,nv
36590,2020.0,gmc,acadia denali sport utility,good,6 cylinders,gas,33026.0,clean,other,,,SUV,black,al
6999,2017.0,nissan,sentra,like new,4 cylinders,gas,124456.0,clean,automatic,fwd,,sedan,,wi
17998,2018.0,nissan,rogue sv,good,4 cylinders,gas,39242.0,clean,automatic,4wd,mid-size,SUV,grey,vt
11000,1988.0,porsche,,good,,gas,190000.0,clean,manual,rwd,mid-size,coupe,silver,nj
4500,2006.0,kia,,,6 cylinders,gas,162601.0,clean,automatic,4wd,,,,pa
10450,2010.0,nissan,armada,,,gas,129000.0,clean,automatic,,,,,fl
4950,2010.0,subaru,outback,excellent,4 cylinders,gas,160000.0,clean,automatic,4wd,mid-size,wagon,grey,ny
17500,2005.0,ram,2500,good,6 cylinders,diesel,213000.0,clean,automatic,4wd,,truck,black,ky
13860,2012.0,kia,sorento ex,good,4 cylinders,gas,119668.0,clean,automatic,4wd,full-size,SUV,purple,id
25000,2002.0,porsche,911 carrera,excellent,6 cylinders,gas,125000.0,clean,automatic,rwd,compact,convertible,silver,ca
27990,2019.0,buick,regal tourx essence wagon,good,,other,37701.0,clean,automatic,,,wagon,white,ks
36000,2006.0,,bentley flying spur,excellent,12 cylinders,gas,74730.0,clean,automatic,,,,blue,tx
13500,2006.0,toyota,tacoma,good,6 cylinders,gas,270000.0,clean,manual,4wd,full-size,truck,grey,id
6488,2006.0,toyota,rav4,,4 cylinders,gas,164014.0,clean,automatic,fwd,,SUV,black,fl
9400,2014.0,volkswagen,jetta se,excellent,4 cylinders,gas,74980.0,clean,automatic,fwd,,sedan,,va
31590,2017.0,rover,discovery sport hse,good,,other,23488.0,clean,other,4wd,,SUV,silver,nm
17990,2019.0,chevrolet,trax lt sport utility,good,,gas,17677.0,clean,automatic,fwd,,hatchback,blue,mi
40590,2020.0,lincoln,corsair reserve sport,good,,gas,8405.0,clean,other,fwd,,other,black,ma
35990,2018.0,ford,f150 super cab lariat,good,6 cylinders,other,20596.0,clean,other,4wd,,pickup,blue,wi
9995,2007.0,lexus,ls 460,,8 cylinders,gas,120700.0,clean,automatic,rwd,,sedan,,ct
34950,2011.0,ford,f-550,,,gas,40541.0,clean,other,,,bus,white,ok
36995,2018.0,ram,3500,,,other,139748.0,clean,automatic,4wd,,pickup,white,tx
3750,2013.0,bmw,650i gran coupe,like new,6 cylinders,gas,71526.0,clean,automatic,rwd,full-size,sedan,silver,fl
23999,2007.0,chevrolet,silverado,excellent,,diesel,100977.0,clean,automatic,,,,white,ca
16921,2014.0,chevrolet,silverado flatbed,excellent,,gas,107230.0,clean,automatic,,,,,ks
5995,2009.0,toyota,corolla,excellent,4 cylinders,gas,122130.0,clean,manual,fwd,,,white,me
30990,2019.0,ford,ranger supercrew xl pickup,good,,gas,5468.0,clean,other,,,pickup,white,va
31590,2020.0,subaru,wrx premium sedan 4d,good,,gas,221.0,clean,other,,,sedan,black,ma
9995,2013.0,chevrolet,cruze ltz auto,,4 cylinders,gas,107000.0,clean,automatic,fwd,,sedan,white,ca
12995,2008.0,gmc,acadia,excellent,6 cylinders,gas,84128.0,clean,automatic,4wd,full-size,SUV,black,nv
7900,2009.0,gmc,sierra 1500,good,8 cylinders,gas,227000.0,clean,automatic,4wd,,,grey,mi
9995,2013.0,chevrolet,equinox ls,good,4 cylinders,gas,109007.0,clean,automatic,fwd,,other,silver,ca
30590,2017.0,jaguar,xe 35t r-sport sedan 4d,good,,other,17022.0,clean,other,rwd,,sedan,silver,nc
29990,2018.0,buick,enclave essence sport,good,,other,27177.0,clean,other,,,SUV,,fl
36572,2017.0,lincoln,navigator,,,gas,83988.0,clean,automatic,4wd,,,,ok
48995,2016.0,ford,f-350,,,diesel,98093.0,clean,automatic,4wd,,pickup,red,fl
33590,2013.0,lexus,ls 460 sedan 4d,good,8 cylinders,gas,33570.0,clean,other,rwd,,sedan,,ma
5495,2004.0,jeep,grand cherokee,excellent,8 cylinders,gas,146129.0,clean,automatic,4wd,full-size,SUV,silver,ny
8000,2004.0,,2004 STERLING L7500,good,6 cylinders,diesel,214000.0,clean,automatic,rwd,,,white,ca
22980,2018.0,ford,edge,,4 cylinders,gas,114045.0,clean,automatic,4wd,,SUV,blue,id
10999,2016.0,nissan,versa note sv,like new,4 cylinders,gas,58000.0,clean,automatic,fwd,compact,hatchback,grey,fl
43000,2004.0,,peterbilt 379,,,diesel,400.0,clean,manual,,,,,tx
22900,2013.0,dodge,grand caravan,,6 cylinders,gas,68228.0,clean,automatic,fwd,,,silver,az
9995,2011.0,buick,lucerne,excellent,6 cylinders,gas,124283.0,clean,automatic,fwd,full-size,sedan,grey,mi
7000,2008.0,saturn,sky redline,good,4 cylinders,gas,192000.0,clean,automatic,rwd,,,silver,nc
18495,2013.0,ford,f-150,,8 cylinders,gas,47147.0,clean,automatic,rwd,,truck,white,id
14000,2009.0,toyota,tacoma,excellent,,gas,107580.0,clean,automatic,rwd,,truck,grey,wi
16590,2017.0,chevrolet,trax lt sport utility,good,,gas,37400.0,clean,other,,,hatchback,white,sc
9000,2002.0,chevrolet,avalanche 2500,good,8 cylinders,gas,152725.0,clean,automatic,4wd,full-size,pickup,black,il
8900,2014.0,chevrolet,traverse,good,6 cylinders,gas,159000.0,clean,automatic,4wd,,,blue,mi
6500,2009.0,honda,cr-v,good,4 cylinders,gas,150000.0,clean,automatic,4wd,mid-size,SUV,blue,ri
14475,2011.0,ford,ranger,excellent,,gas,142842.0,clean,manual,4wd,,pickup,,tn
18500,2015.0,cadillac,cts,,,gas,63000.0,clean,automatic,,,,,az
12852,2015.0,volkswagen,jetta s,excellent,4 cylinders,gas,38647.0,clean,automatic,fwd,compact,sedan,custom,nm
2600,2000.0,acura,integra ls,excellent,4 cylinders,gas,225257.0,clean,automatic,fwd,compact,sedan,silver,ct
3600,2005.0,subaru,outback,good,4 cylinders,gas,201502.0,clean,automatic,4wd,,wagon,green,nc
24590,2013.0,chevrolet,silverado 1500,good,,other,96658.0,clean,other,,,pickup,red,ca
13000,2016.0,honda,accord,excellent,4 cylinders,gas,62000.0,rebuilt,automatic,fwd,mid-size,sedan,grey,mi
33995,2020.0,ford,ranger,,4 cylinders,gas,24238.0,clean,automatic,4wd,compact,pickup,silver,wa
10295,2012.0,gmc,acadia slt awd,,6 cylinders,gas,121254.0,clean,automatic,4wd,,,,ny
10988,2013.0,bmw,3-series,excellent,4 cylinders,gas,122578.0,clean,automatic,rwd,compact,sedan,blue,ca
15995,2010.0,toyota,tacoma v6 4x4,,6 cylinders,gas,123409.0,clean,automatic,4wd,,pickup,red,oh
27997,2018.0,ford,edge,,,gas,28113.0,clean,automatic,,,SUV,,or
6200,2009.0,dodge,charger,,6 cylinders,gas,189140.0,clean,automatic,rwd,,sedan,blue,ca
16800,2020.0,kia,forte lxs,good,,other,2862.0,clean,other,fwd,,sedan,white,ia
8900,2006.0,audi,a4 2.0t avant quattro,good,4 cylinders,gas,132095.0,clean,manual,4wd,,,,tx
6500,2001.0,toyota,4runner sr5,good,4 cylinders,gas,220000.0,clean,automatic,rwd,full-size,SUV,silver,ca
27990,2017.0,dodge,durango sxt sport utility,good,6 cylinders,gas,18296.0,clean,other,rwd,,other,white,az
1500,1965.0,ford,,,,gas,6759.0,clean,manual,,,,,ca
7450,2007.0,chevrolet,silverado,good,8 cylinders,gas,293000.0,clean,automatic,4wd,,pickup,white,mt
18990,2018.0,ford,transit connect cargo xl cargo,,4 cylinders,gas,41045.0,clean,automatic,fwd,,van,white,tn
19500,1983.0,chevrolet,20,,,diesel,50000.0,clean,automatic,rwd,,,,ca
12998,2015.0,chevrolet,equinox lt,,6 cylinders,gas,168635.0,clean,automatic,4wd,,SUV,,mt
10900,2015.0,ford,e350,good,8 cylinders,gas,118000.0,clean,automatic,rwd,,,white,mi
5900,2004.0,chevrolet,silverado 1500,good,8 cylinders,gas,155122.0,clean,automatic,rwd,full-size,truck,grey,ia
17990,2015.0,,Scion FR-S Coupe 2D,good,,gas,57984.0,clean,other,rwd,,coupe,red,ca
27590,2019.0,gmc,acadia sle-1 sport utility,good,,gas,7080.0,clean,other,fwd,,SUV,white,fl
11500,2015.0,subaru,forester premium,excellent,4 cylinders,gas,139137.0,clean,automatic,4wd,mid-size,wagon,silver,nh
33590,2014.0,toyota,tundra crewmax sr5 pickup,good,,other,55251.0,clean,other,,,pickup,red,nc
19468,2018.0,jeep,compass latitude,good,,other,52735.0,clean,automatic,4wd,,other,black,wi
15600,2018.0,chevrolet,impala,good,6 cylinders,gas,40636.0,clean,automatic,,,,,ca
11900,2017.0,ford,fiesta se,like new,4 cylinders,gas,27674.0,clean,automatic,fwd,compact,sedan,silver,ca
7991,2007.0,subaru,legacy 2.5i limited 4dr,,,gas,167067.0,,automatic,4wd,,sedan,,wa
25990,2017.0,jaguar,xe 20d sedan 4d,good,,gas,18271.0,clean,other,,,sedan,silver,sc
8000,2012.0,hyundai,veloster,excellent,4 cylinders,gas,86200.0,clean,automatic,fwd,,coupe,green,mt
16950,2015.0,bmw,x1 xdrive 28i,like new,4 cylinders,gas,34251.0,clean,automatic,4wd,,SUV,black,ma
23495,2015.0,ford,f-250,,,other,135382.0,clean,automatic,4wd,,pickup,white,ct
2500,2017.0,hyundai,elantra se,excellent,4 cylinders,gas,64584.0,clean,automatic,fwd,,sedan,white,ok
3500,2004.0,,isuzu ascender,excellent,6 cylinders,gas,148800.0,rebuilt,automatic,4wd,,,silver,pa
9000,2009.0,pontiac,g8,excellent,6 cylinders,gas,114000.0,clean,automatic,rwd,mid-size,sedan,blue,id
3500,1964.0,ford,thunderbird,good,8 cylinders,gas,34000.0,clean,automatic,rwd,full-size,sedan,custom,tn
85500,2010.0,ferrari,,,8 cylinders,other,14548.0,clean,automatic,fwd,compact,other,,nm
19990,2017.0,fiat,500 abarth hatchback 2d,good,,gas,6054.0,clean,other,fwd,,hatchback,,il
19995,2011.0,ram,1500,good,,gas,159693.0,clean,automatic,4wd,full-size,truck,brown,oh
17995,2012.0,ford,f-150,good,6 cylinders,gas,116738.0,clean,automatic,4wd,full-size,truck,blue,oh
15000,2008.0,ford,e350 passenger van,excellent,8 cylinders,gas,84000.0,clean,automatic,rwd,full-size,truck,white,wi
20995,2016.0,chevrolet,silverado 1500,excellent,,gas,150496.0,clean,automatic,4wd,,pickup,,ny
41990,2019.0,lincoln,continental reserve,good,6 cylinders,gas,9345.0,clean,other,fwd,,sedan,blue,va
23500,2002.0,chevrolet,c7500,good,8 cylinders,gas,44950.0,clean,manual,,,,orange,ca
33590,2018.0,mercedes-benz,gle 350 sport,good,6 cylinders,gas,41841.0,clean,automatic,rwd,,other,white,wy
6900,2010.0,toyota,corolla s,excellent,4 cylinders,gas,177967.0,clean,automatic,fwd,compact,sedan,silver,tx
30999,2018.0,jeep,wrangler jk unlimited,,6 cylinders,gas,83666.0,clean,automatic,4wd,,SUV,black,wa
21590,2019.0,volkswagen,jetta 1.4t sel,good,,gas,7898.0,clean,other,fwd,,sedan,blue,mi
6995,2009.0,subaru,forester 2.5x premium,like new,4 cylinders,gas,136000.0,clean,automatic,4wd,mid-size,wagon,blue,oh
29500,2013.0,jeep,wrangler 2dr sahara,excellent,6 cylinders,gas,43931.0,,automatic,4wd,,SUV,,tx
30590,2017.0,lincoln,continental premiere,good,,other,10537.0,clean,other,,,sedan,,pa
6495,2011.0,nissan,versa s,excellent,4 cylinders,gas,93000.0,clean,automatic,fwd,sub-compact,hatchback,grey,ca
17995,2016.0,gmc,terrain denali,excellent,6 cylinders,gas,129000.0,clean,automatic,4wd,compact,SUV,white,nh
38590,2016.0,mercedes-benz,mercedes-amg cla,good,,gas,26862.0,clean,other,,,coupe,black,nv
7998,2006.0,kia,optima,,,gas,102798.0,clean,automatic,,,sedan,white,sc
7900,2011.0,bmw,3-series,excellent,,gas,,clean,automatic,rwd,,coupe,black,mo
27995,2017.0,ford,expedition el,excellent,6 cylinders,gas,,clean,automatic,4wd,,,red,co
16997,2013.0,ford,edge,excellent,6 cylinders,gas,66594.0,clean,automatic,4wd,,,silver,mi
16480,2017.0,subaru,crosstrek,,,gas,111520.0,clean,automatic,,,wagon,blue,pa
8500,2013.0,chevrolet,traverse,excellent,6 cylinders,gas,169000.0,clean,automatic,fwd,,SUV,,sc
12900,2013.0,hyundai,tucson gls,excellent,4 cylinders,gas,46000.0,clean,automatic,,,SUV,,ca
26700,2009.0,ford,f-250 sd king ranch,excellent,8 cylinders,diesel,156178.0,clean,automatic,4wd,full-size,pickup,custom,fl
500,2015.0,,Flexible Down Payments,,,gas,500.0,clean,automatic,,,,,az
28495,2018.0,lexus,es,,,gas,21952.0,clean,automatic,fwd,,sedan,white,va
35990,2015.0,dodge,challenger srt 392 coupe,good,8 cylinders,gas,45460.0,clean,other,rwd,,coupe,,dc
49991,2018.0,ford,f-150,,,gas,51549.0,clean,automatic,4wd,,,white,or
38950,2017.0,rover,sport die,,,diesel,65703.0,clean,automatic,,,,,wi
14900,2018.0,kia,optima 4dr sdn lx,excellent,4 cylinders,gas,58000.0,clean,automatic,fwd,full-size,sedan,white,oh
32000,2020.0,,Food Trailer,new,,gas,40.0,clean,other,,mid-size,,orange,oh
296,2014.0,ford,escape titanium,excellent,4 cylinders,gas,103797.0,,automatic,4wd,,SUV,,mn
33990,2018.0,jaguar,f-pace 20d premium sport,good,,other,37647.0,clean,automatic,,,other,black,tx
48636,2020.0,ram,1500,,8 cylinders,gas,15185.0,clean,automatic,4wd,,truck,,or
25920,2018.0,toyota,rav4,,4 cylinders,gas,17829.0,clean,automatic,4wd,mid-size,SUV,grey,ga
7995,2008.0,chrysler,sebring,excellent,6 cylinders,gas,64000.0,clean,automatic,fwd,,convertible,silver,me
39990,2019.0,nissan,370z nismo coupe 2d,good,6 cylinders,gas,8373.0,clean,other,rwd,,coupe,white,pa
3000,2011.0,chevrolet,equinox ls,good,4 cylinders,gas,150000.0,clean,automatic,4wd,full-size,SUV,white,il
1,1996.0,toyota,4runner,fair,6 cylinders,gas,254000.0,clean,automatic,4wd,full-size,SUV,red,nj
8888,2006.0,ford,ranger,good,6 cylinders,gas,183524.0,clean,automatic,4wd,full-size,truck,grey,ia
22997,2015.0,ford,f-250 xl supercab 4wd,good,8 cylinders,gas,102567.0,clean,automatic,4wd,,pickup,black,mi
10000,2005.0,hyundai,xg 350l,like new,6 cylinders,gas,44800.0,clean,automatic,fwd,mid-size,sedan,red,nc
2495,2015.0,ford,taurus limited,like new,6 cylinders,gas,33433.0,rebuilt,automatic,fwd,full-size,SUV,red,fl
8995,2013.0,hyundai,sonata,,,gas,100882.0,clean,automatic,fwd,,sedan,,or
31999,2015.0,jeep,wrangler unlimited sahara,,,gas,79736.0,clean,automatic,4wd,,SUV,grey,wa
4495,2007.0,bmw,3-series,good,6 cylinders,gas,130700.0,clean,automatic,fwd,,sedan,custom,nj
14000,1992.0,pontiac,firebird trans am,excellent,,gas,104661.0,clean,automatic,,,hatchback,red,mi
8900,2013.0,hyundai,genesis,good,8 cylinders,gas,137000.0,clean,automatic,rwd,full-size,sedan,custom,nc
14688,2014.0,ford,escape,,,gas,82670.0,clean,automatic,,,other,black,il
39990,2019.0,,Genesis G70 3.3T Advanced Sedan,good,,other,11717.0,clean,other,rwd,,sedan,red,va
15000,2007.0,ram,1500,,8 cylinders,gas,140000.0,clean,automatic,4wd,,truck,,mi
21590,2019.0,volkswagen,jetta 1.4t sel,good,,gas,7898.0,clean,other,fwd,,sedan,blue,mi
299,2014.0,,ALL,,,gas,1.0,clean,automatic,,,,,oh
9894,2012.0,ford,transit connect cargo van xl,,4 cylinders,gas,128995.0,clean,automatic,fwd,,van,white,ca
16995,2014.0,honda,cr-v,good,4 cylinders,gas,60554.0,clean,automatic,rwd,full-size,SUV,white,ca
14950,2011.0,porsche,cayenne s awd luxury suv,,,gas,159937.0,clean,automatic,,,,,il
9999,2008.0,honda,civic si,excellent,4 cylinders,gas,182264.0,clean,manual,,,sedan,,ca
17990,2015.0,volkswagen,golf tdi sel,good,,diesel,51482.0,clean,other,fwd,,sedan,white,md
25980,2013.0,jeep,wrangler,,6 cylinders,gas,64783.0,clean,manual,4wd,,SUV,green,mt
34961,2016.0,infiniti,qx80,,8 cylinders,gas,47817.0,clean,automatic,4wd,full-size,SUV,silver,va
17288,2016.0,toyota,prius,,,hybrid,55280.0,clean,automatic,fwd,,,,ca
8500,2006.0,toyota,avalon,good,6 cylinders,gas,65100.0,clean,automatic,fwd,full-size,sedan,silver,ny
14895,2015.0,audi,a3,,4 cylinders,gas,92822.0,clean,automatic,,,sedan,white,al
18900,2014.0,chevrolet,camaro,excellent,,gas,75981.0,clean,automatic,rwd,,coupe,yellow,tn
76990,2019.0,lincoln,navigator,,6 cylinders,gas,24901.0,clean,automatic,4wd,,SUV,red,mi
14990,2015.0,honda,civic lx coupe 2d,good,,gas,77726.0,clean,other,fwd,,coupe,red,ks
25990,2014.0,gmc,sierra 1500 regular cab,good,6 cylinders,gas,15575.0,clean,other,,,pickup,brown,ca
18995,2012.0,jeep,wrangler,,,gas,157415.0,clean,automatic,4wd,,SUV,,tx
9487,1971.0,ford,f-250,,8 cylinders,other,88377.0,clean,manual,rwd,,,brown,oh
24990,2013.0,bmw,1 series 135i convertible 2d,good,,gas,27287.0,clean,other,rwd,,other,black,ca
24590,2019.0,mini,hardtop 2 door cooper s,good,,other,17221.0,clean,other,fwd,,hatchback,black,ca
10988,2015.0,chrysler,200 limited,excellent,,gas,74369.0,clean,automatic,fwd,mid-size,sedan,white,pa
25997,2014.0,chevrolet,silverado 1500,excellent,,gas,111010.0,clean,automatic,4wd,,pickup,black,ny
16900,2018.0,chevrolet,equinox,excellent,4 cylinders,gas,59736.0,clean,automatic,fwd,mid-size,SUV,white,tx
37318,2020.0,chevrolet,colorado rst 4x4 gas,,,gas,22383.0,clean,automatic,4wd,,truck,blue,ut
4295,2008.0,chevrolet,hhr lt,good,4 cylinders,gas,135202.0,clean,automatic,fwd,,wagon,white,mi
27990,2018.0,nissan,frontier crew cab pro-4x,good,6 cylinders,gas,37332.0,clean,other,4wd,,pickup,silver,md
13000,1931.0,ford,,excellent,4 cylinders,gas,15086.0,clean,manual,,,,,la
6950,2012.0,mazda,mazda6,good,4 cylinders,gas,0.0,clean,automatic,,,other,black,ma
6500,2006.0,nissan,pathfinder,,,gas,175342.0,clean,automatic,,,,,ga
11998,2008.0,toyota,highlander,,,gas,155748.0,clean,automatic,4wd,,SUV,silver,or
8000,1990.0,lincoln,mark vii lsc,,8 cylinders,gas,86000.0,clean,automatic,rwd,,coupe,blue,ny
13500,2010.0,ram,,fair,8 cylinders,gas,159000.0,clean,automatic,4wd,compact,truck,green,ak
2995,2013.0,kia,soul,,,gas,190000.0,clean,manual,,,,,fl
33900,2016.0,toyota,tundra 4wd truck,excellent,8 cylinders,gas,111000.0,clean,automatic,4wd,full-size,truck,blue,nc
22289,2018.0,ford,escape,,4 cylinders,gas,9548.0,clean,automatic,4wd,mid-size,SUV,red,oh
10995,2006.0,chevrolet,silverado,excellent,8 cylinders,gas,116000.0,clean,automatic,rwd,full-size,pickup,white,oh
2700,1996.0,jeep,grand cherokee,fair,6 cylinders,gas,162000.0,clean,automatic,4wd,mid-size,SUV,white,wa
23989,2016.0,bmw,x5,,6 cylinders,gas,103176.0,clean,automatic,4wd,mid-size,SUV,blue,md
10990,2014.0,toyota,prius v,excellent,4 cylinders,hybrid,161000.0,clean,automatic,,,,,tx
24990,2017.0,toyota,tacoma access cab sr,good,,gas,72999.0,clean,other,,,pickup,white,wi
9500,2016.0,ford,fusion se,excellent,4 cylinders,gas,121958.0,clean,automatic,fwd,full-size,sedan,silver,nj
28985,2019.0,jeep,cherokee,,,gas,32309.0,clean,automatic,4wd,,SUV,black,id
33995,2016.0,ford,f250,,,gas,74000.0,clean,automatic,,,,,nc
4450,2005.0,pontiac,grand prix,good,6 cylinders,gas,170768.0,clean,automatic,fwd,full-size,sedan,blue,il
12892,2003.0,gmc,"sierra 1500 ext cab 143.5"" wb 4wd slt",,8 cylinders,,175434.0,clean,automatic,4wd,,pickup,white,or
16999,2015.0,,4 Series 428i xDrive Gran,like new,4 cylinders,gas,97365.0,clean,automatic,4wd,,,white,ca
34995,2012.0,ford,f-150,excellent,6 cylinders,gas,78937.0,clean,automatic,4wd,,pickup,black,wa
13997,2012.0,infiniti,g37,excellent,6 cylinders,gas,95000.0,clean,automatic,,,sedan,,ca
8650,2004.0,chevrolet,silverado 3500,good,8 cylinders,gas,245830.0,clean,automatic,rwd,full-size,truck,white,mi
21999,2009.0,ford,f-150 stx,,8 cylinders,gas,20806.0,clean,automatic,4wd,,truck,,co
8995,2011.0,bmw,328i,,,gas,98000.0,clean,automatic,,,,,id
7995,2011.0,volkswagen,jetta,excellent,4 cylinders,gas,84648.0,clean,automatic,fwd,full-size,sedan,silver,ny
2999,2005.0,chevrolet,classic,excellent,4 cylinders,gas,107166.0,clean,automatic,fwd,,sedan,white,il
46988,2014.0,ram,3500 diesel dually,excellent,6 cylinders,diesel,111000.0,clean,automatic,4wd,full-size,truck,white,ny
18000,2009.0,ram,1500,excellent,,gas,107000.0,clean,automatic,,,truck,,tn
29997,2006.0,toyota,tacoma crew cab,excellent,6 cylinders,gas,35461.0,clean,automatic,4wd,,pickup,silver,va
7950,2006.0,bmw,330xi xdrive awd sport sedan,,,gas,159399.0,clean,automatic,,,,,mn
28900,2017.0,nissan,titan,like new,8 cylinders,gas,23400.0,rebuilt,automatic,,,pickup,black,fl
32590,2016.0,subaru,wrx sti sedan 4d,good,,other,21195.0,clean,other,,,sedan,white,ma
18995,2018.0,toyota,prius,excellent,,hybrid,69000.0,clean,automatic,,,,,or
18995,2011.0,jeep,wrangler unlimited,excellent,6 cylinders,gas,90490.0,clean,automatic,4wd,,wagon,black,ny
67050,2021.0,chevrolet,suburban,new,8 cylinders,gas,1.0,clean,automatic,4wd,,,,mt
16590,2017.0,toyota,yaris ia sedan 4d,good,,other,12341.0,clean,other,fwd,,sedan,silver,tx
4969,2004.0,honda,pilot ex 4wd,excellent,6 cylinders,gas,1.0,clean,automatic,4wd,mid-size,SUV,white,ca
4995,2005.0,kia,sportage,,,gas,168484.0,clean,automatic,4wd,,SUV,brown,pa
2000,2003.0,honda,element,fair,4 cylinders,gas,193417.0,clean,automatic,,,SUV,silver,mi
32990,2013.0,tesla,model s signature,good,,electric,62588.0,clean,other,rwd,,sedan,white,fl
51990,2020.0,cadillac,xt6 premium luxury,good,6 cylinders,gas,5976.0,clean,other,,,other,,pa
29990,2020.0,mercedes-benz,a-class a 220,good,,gas,18028.0,clean,other,fwd,,sedan,silver,md
46988,2015.0,ford,f-150,,,gas,43024.0,clean,automatic,4wd,,,white,hi
17999,2017.0,jeep,compass,,,gas,55623.0,clean,automatic,4wd,,,black,mn
8000,2009.0,mercedes-benz,benz c300,,6 cylinders,gas,170000.0,clean,automatic,,,sedan,blue,ny
2995,2009.0,dodge,journey stx,good,6 cylinders,gas,195000.0,clean,automatic,4wd,full-size,SUV,black,ma
37,2019.0,,Janesville,,,gas,1.0,clean,automatic,,,,,wi
12500,2014.0,chrysler,300,good,8 cylinders,gas,110000.0,clean,automatic,4wd,full-size,,black,il
14900,2010.0,chevrolet,silverado,good,8 cylinders,gas,179273.0,clean,automatic,4wd,full-size,truck,grey,sc
3500,1990.0,toyota,pickup,,,gas,162000.0,clean,manual,,,,,ca
26000,2017.0,toyota,tacoma,,,gas,86000.0,rebuilt,automatic,,,,,tx
10999,2014.0,nissan,rogue,excellent,4 cylinders,gas,129186.0,clean,automatic,fwd,,SUV,,ca
24590,2017.0,chevrolet,silverado 1500 regular,good,6 cylinders,gas,40784.0,clean,other,,,pickup,white,ca
26990,2017.0,nissan,titan single cab sv,good,8 cylinders,gas,41335.0,clean,other,4wd,,pickup,red,tx
51500,2019.0,chevrolet,silverado 1500 lt tra,,8 cylinders,gas,28497.0,clean,automatic,4wd,,,,id
26590,2018.0,lincoln,mkz reserve sedan 4d,good,,other,27563.0,clean,other,,,sedan,black,pa
1,2014.0,ford,f-150,excellent,8 cylinders,gas,113589.0,clean,automatic,,,,,fl
4990,2007.0,chrysler,,excellent,4 cylinders,gas,138539.0,clean,automatic,fwd,full-size,,white,az
19450,2018.0,ford,edge,,,gas,95116.0,clean,automatic,,,,blue,va
10990,2013.0,nissan,sentra s sedan 4d,good,,gas,81557.0,clean,other,fwd,,sedan,red,va
18900,2018.0,honda,odyssey,,6 cylinders,gas,26000.0,salvage,automatic,,,,,ca
3700,2004.0,nissan,pathfinder se,,6 cylinders,gas,171000.0,clean,automatic,4wd,full-size,SUV,brown,il
5900,2005.0,gmc,acadia,good,6 cylinders,gas,200203.0,clean,automatic,4wd,,SUV,white,va
17990,2019.0,chevrolet,trax lt sport utility,good,,other,19938.0,clean,other,,,hatchback,white,oh
49628,2019.0,ford,f-150,,,gas,46310.0,clean,automatic,4wd,,pickup,black,mo
4995,2005.0,,SAAB 9-3,like new,4 cylinders,gas,120425.0,clean,automatic,fwd,,,grey,ma
31990,2016.0,chevrolet,3500 crew 4wd diesel,good,8 cylinders,diesel,195767.0,clean,automatic,4wd,full-size,pickup,white,tx
15990,2016.0,,Scion iM Hatchback 4D,good,,gas,40668.0,clean,other,fwd,,hatchback,red,wi
21990,2018.0,nissan,maxima,good,6 cylinders,gas,25500.0,clean,automatic,fwd,,sedan,white,sc
15590,2018.0,ford,focus se sedan 4d,good,,other,34829.0,clean,automatic,fwd,,sedan,silver,fl
44995,2017.0,jeep,wrangler unlimited,excellent,6 cylinders,gas,29955.0,clean,automatic,4wd,,SUV,black,ky
2595,2003.0,ford,f-150,excellent,8 cylinders,gas,149055.0,clean,automatic,4wd,full-size,pickup,red,sc
32908,2017.0,chevrolet,silverado,excellent,,gas,103169.0,clean,automatic,4wd,,,,mt
6000,2006.0,nissan,titan se,good,8 cylinders,gas,160000.0,clean,automatic,rwd,full-size,truck,white,fl
2500,2007.0,mazda,3,good,4 cylinders,gas,230000.0,clean,automatic,fwd,mid-size,sedan,black,va
1997,2007.0,chevrolet,malibu,good,4 cylinders,gas,227323.0,clean,automatic,,full-size,sedan,brown,ga
20590,2016.0,toyota,prius v two wagon 4d,good,,hybrid,26808.0,clean,other,fwd,,wagon,silver,ny
21920,2017.0,mazda,cx-9,,4 cylinders,gas,38681.0,clean,automatic,fwd,mid-size,SUV,blue,tx
14900,2001.0,mercedes-benz,benz cl600,,,gas,48000.0,clean,automatic,,,coupe,,ma
3200,1998.0,,GEO METRO,excellent,,gas,104549.0,clean,manual,,compact,hatchback,red,fl
13900,2008.0,jeep,wrangler sahara,excellent,6 cylinders,gas,187730.0,clean,automatic,4wd,mid-size,SUV,black,tx
4900,2006.0,acura,rl,,,gas,179000.0,clean,automatic,,,,,ca
19616,2018.0,kia,sportage,,,gas,19179.0,clean,automatic,fwd,,SUV,brown,mi
28500,2018.0,acura,tlx 3.5 sedan 4d,excellent,6 cylinders,gas,39000.0,clean,automatic,fwd,full-size,sedan,grey,wa
5495,2010.0,nissan,versa,excellent,4 cylinders,gas,128175.0,clean,automatic,fwd,full-size,sedan,grey,ri
7991,2006.0,mini,cooper s 2dr hatchback,,,gas,155414.0,,manual,,,hatchback,,wa
3995,2006.0,kia,sportage,,6 cylinders,gas,260274.0,clean,automatic,4wd,mid-size,SUV,green,ca
8995,2013.0,chevrolet,equinox,excellent,4 cylinders,gas,117555.0,clean,automatic,fwd,,SUV,silver,md
35990,2020.0,dodge,challenger r/t coupe 2d,good,8 cylinders,gas,1548.0,clean,other,rwd,,coupe,black,mi
31590,2017.0,jeep,wrangler unlimited sport,good,6 cylinders,gas,30577.0,clean,other,4wd,,other,,ks
27990,2012.0,gmc,sierra 2500 hd extended cab,good,8 cylinders,gas,68696.0,clean,other,4wd,,pickup,black,tn
4999,2012.0,chevrolet,cruze,,4 cylinders,gas,149955.0,clean,manual,fwd,,sedan,black,oh
28990,2016.0,jeep,wrangler unlimited sahara,good,6 cylinders,gas,69856.0,clean,other,4wd,,SUV,red,ar
33989,2011.0,mercedes-benz,s-class,,8 cylinders,gas,87490.0,clean,automatic,rwd,full-size,sedan,black,nc
7900,2012.0,hyundai,santa fe,,4 cylinders,gas,165454.0,clean,automatic,4wd,,SUV,black,ky
24995,2018.0,acura,tlx,,,gas,23621.0,clean,automatic,,,,,nj
15990,2016.0,mitsubishi,outlander sport es,good,,gas,34018.0,clean,other,4wd,,hatchback,black,tx
26900,2019.0,ford,flex,,6 cylinders,gas,28573.0,clean,automatic,4wd,full-size,wagon,red,il
8000,2012.0,ford,transit cargo van,good,4 cylinders,gas,123000.0,clean,automatic,fwd,compact,mini-van,white,nm
26995,2017.0,ford,f-150 xl supercrew 5.5-ft. bed 4wd,,,,142288.0,,automatic,4wd,,pickup,,al
11500,2002.0,chevrolet,,good,8 cylinders,diesel,160.0,clean,automatic,4wd,full-size,,grey,ma
32500,2014.0,jeep,wrangler unlimited sahara,excellent,4 cylinders,gas,71450.0,clean,automatic,4wd,full-size,,white,ny
12495,2015.0,ford,escape se,excellent,4 cylinders,gas,96500.0,clean,automatic,fwd,mid-size,SUV,red,mi
199,2017.0,dodge,charger,,,gas,21835.0,clean,automatic,,,,,fl
100,2011.0,jeep,wrangler,excellent,6 cylinders,gas,100000.0,clean,automatic,4wd,full-size,SUV,red,oh
4999,2005.0,honda,cr-v,,4 cylinders,gas,178309.0,clean,other,4wd,,SUV,silver,oh
9000,2016.0,hyundai,elantra,good,4 cylinders,gas,71325.0,clean,manual,,compact,sedan,silver,wa
35000,1997.0,ford,,,,gas,189088.0,clean,automatic,,,,,va
18900,2017.0,lincoln,mkz,excellent,6 cylinders,gas,25000.0,rebuilt,automatic,fwd,mid-size,sedan,black,mi
9995,2014.0,chevrolet,captiva sport ltz ecotec 2.4l auto heated leather moon roof,,4 cylinders,gas,92624.0,clean,automatic,fwd,,SUV,white,or
5295,2006.0,toyota,matrix,excellent,,gas,175438.0,clean,automatic,,,hatchback,grey,va
6000,1988.0,ford,f350 lariat,,8 cylinders,diesel,90000.0,clean,automatic,rwd,full-size,truck,brown,id
41900,2016.0,infiniti,qx80 limited awd,good,8 cylinders,gas,35000.0,clean,automatic,fwd,full-size,SUV,white,ok
13995,2012.0,toyota,avalon,,,gas,104836.0,clean,automatic,fwd,full-size,sedan,black,nh
10999,2016.0,jeep,cherokee latitude sport,excellent,4 cylinders,gas,116995.0,,automatic,,,SUV,,ca
33990,2019.0,acura,rdx sh-awd sport utility,good,,gas,11902.0,clean,other,,,SUV,red,al
9990,2013.0,mazda,3,,,gas,97199.0,clean,automatic,,,,,wa
13997,2017.0,volkswagen,passat,,4 cylinders,gas,83714.0,clean,automatic,fwd,,sedan,,fl
1100,2003.0,chevrolet,impala ls,,,gas,130000.0,clean,automatic,,,sedan,silver,mi
1400,2005.0,honda,odyssey,,,gas,1.0,clean,automatic,,,other,,wi
20990,2020.0,toyota,corolla le sedan 4d,good,,gas,4905.0,clean,other,fwd,,sedan,white,pa
18990,2013.0,infiniti,g g37 journey sedan 4d,good,6 cylinders,gas,46789.0,clean,other,rwd,,sedan,white,ca
30990,2017.0,dodge,challenger r/t coupe 2d,good,8 cylinders,gas,38399.0,clean,other,rwd,,coupe,black,in
16000,2016.0,dodge,charger,like new,6 cylinders,gas,104598.0,clean,automatic,rwd,full-size,sedan,silver,ms
11988,2014.0,subaru,outback,excellent,4 cylinders,gas,130598.0,clean,automatic,4wd,,SUV,red,ca
59999,2019.0,ford,super duty f-250 pickup,,8 cylinders,diesel,78792.0,clean,automatic,4wd,,,,tn
5500,1993.0,chevrolet,3500,excellent,8 cylinders,diesel,144000.0,clean,automatic,rwd,full-size,pickup,white,ne
5000,1962.0,chevrolet,impala,fair,8 cylinders,gas,60000.0,clean,automatic,rwd,full-size,sedan,red,ms
12995,2015.0,buick,regal,,4 cylinders,,19269.0,,automatic,fwd,,sedan,red,ia
36990,2016.0,gmc,sierra 2500 hd double cab,good,8 cylinders,gas,23190.0,clean,other,4wd,,pickup,black,wi
16995,2014.0,toyota,rav 4 limited awd,excellent,4 cylinders,gas,58259.0,clean,automatic,4wd,compact,SUV,silver,vt
30990,2017.0,lincoln,mkx reserve sport,good,6 cylinders,gas,23545.0,clean,automatic,,,SUV,blue,wi
7300,2012.0,hyundai,genesis coupe 2.0t,fair,4 cylinders,gas,101038.0,clean,automatic,rwd,,coupe,grey,wa
3500,2000.0,chevrolet,astro base 3dr,good,6 cylinders,gas,182484.0,,automatic,,,van,,pa
7995,2008.0,honda,odyssey,,6 cylinders,gas,106205.0,clean,automatic,fwd,,van,grey,fl
7750,2010.0,ford,f250 super duty,good,8 cylinders,gas,220000.0,clean,automatic,4wd,full-size,truck,green,ri
15988,2014.0,bmw,x3,,,gas,83033.0,clean,automatic,,,,,ia
86999,2020.0,chevrolet,silverado durmax 3500,,,diesel,230.0,clean,automatic,4wd,,truck,white,id
45000,2016.0,ford,f-250 super duty,,,gas,26898.0,clean,automatic,4wd,,,white,md
19995,2016.0,nissan,murano,,6 cylinders,gas,9843.0,,automatic,,,SUV,blue,ia
11300,2015.0,acura,ilx,excellent,,gas,45550.0,clean,automatic,fwd,,sedan,black,ny
3500,2001.0,rover,,good,8 cylinders,gas,145000.0,clean,automatic,4wd,full-size,SUV,green,ct
13998,2014.0,toyota,rav4,good,4 cylinders,gas,115678.0,clean,automatic,4wd,mid-size,SUV,white,vt
17144,2009.0,ford,f-250sd xlt 4wd!standard,excellent,8 cylinders,gas,63349.0,,automatic,4wd,,truck,,mi
31999,2015.0,jeep,wrangler unlimited sahara,excellent,6 cylinders,gas,75817.0,clean,automatic,4wd,mid-size,SUV,silver,ri
2995,2001.0,mitsubishi,montero sport,excellent,,gas,163936.0,clean,automatic,4wd,,SUV,green,pa
17995,2003.0,ford,f-650,,,diesel,111461.0,clean,,fwd,,truck,black,ct
8650,2012.0,chevrolet,cruze eco,,4 cylinders,gas,72775.0,clean,automatic,fwd,,sedan,black,pa
6500,2002.0,chevrolet,s10,excellent,4 cylinders,gas,68500.0,clean,automatic,rwd,,pickup,white,ca
49990,2018.0,gmc,sierra,,,gas,46820.0,clean,automatic,4wd,,pickup,white,or
19500,1956.0,ford,f-350,,,gas,30000.0,clean,manual,4wd,,,,ca
5900,1982.0,pontiac,firebird trans am,fair,8 cylinders,gas,112000.0,clean,automatic,,,,,ca
3995,2006.0,subaru,outback,good,4 cylinders,gas,185065.0,clean,automatic,4wd,sub-compact,hatchback,white,ct
10995,2014.0,nissan,maxima,excellent,6 cylinders,gas,107854.0,clean,automatic,fwd,,sedan,black,or
27990,2018.0,audi,q5 premium sport utility 4d,good,,gas,31033.0,clean,other,,,other,silver,al
500,2013.0,honda,accord,,,gas,123456.0,clean,automatic,,,,,tn
18900,2014.0,toyota,tundra sr5,excellent,6 cylinders,gas,98123.0,salvage,automatic,rwd,,,silver,nc
12995,2015.0,subaru,impreza,good,4 cylinders,gas,74925.0,clean,automatic,4wd,,wagon,silver,pa
13995,2015.0,nissan,murano sl awd,excellent,6 cylinders,gas,161840.0,clean,automatic,4wd,mid-size,SUV,red,id
11995,2012.0,jeep,grand cherokee,excellent,,gas,143690.0,clean,automatic,4wd,,SUV,grey,ma
21990,2016.0,,Scion FR-S Release Series 2.0,good,,gas,39647.0,clean,other,rwd,,coupe,,fl
4500,2006.0,ford,fusion,like new,6 cylinders,gas,134000.0,clean,automatic,fwd,,coupe,,ca
24990,2019.0,chevrolet,camaro lt convertible,good,6 cylinders,gas,28068.0,clean,other,rwd,,other,white,la
16795,2008.0,ford,f-250,,,diesel,220360.0,clean,automatic,4wd,,pickup,white,pa
10982,2012.0,ford,f-150,,6 cylinders,gas,156601.0,clean,automatic,rwd,full-size,pickup,white,il
12000,2014.0,chevrolet,camaro,,,gas,122000.0,clean,automatic,,,,,tx
12999,2016.0,hyundai,elantra gt,excellent,4 cylinders,gas,67320.0,clean,automatic,fwd,mid-size,sedan,,or
19981,2018.0,toyota,c-hr,excellent,4 cylinders,gas,52948.0,clean,automatic,fwd,,hatchback,custom,ky
15500,2015.0,dodge,charger,excellent,,gas,125000.0,clean,automatic,,,,,wi
28250,2018.0,ford,explorer xlt 4wd,like new,6 cylinders,gas,38000.0,clean,automatic,4wd,full-size,SUV,white,mi
4999,2007.0,chevrolet,impala,like new,6 cylinders,gas,144793.0,clean,automatic,fwd,,sedan,,wi
15495,2014.0,toyota,venza,like new,4 cylinders,gas,103000.0,clean,automatic,4wd,full-size,SUV,silver,ma
31990,2020.0,chevrolet,silverado 1500 regular,good,8 cylinders,gas,4582.0,clean,automatic,,,pickup,silver,ny
4700,2011.0,buick,enclave,,,gas,1.0,clean,automatic,,,SUV,,il
4900,2009.0,chevrolet,impala,,,gas,158320.0,clean,automatic,,,,,ia
700,2006.0,ford,freestar,fair,6 cylinders,gas,230000.0,clean,automatic,fwd,,,grey,tn
3999,2002.0,toyota,corolla le,,,gas,90000.0,clean,manual,,,,,nj
24995,2018.0,subaru,forester,like new,4 cylinders,gas,41198.0,clean,automatic,4wd,mid-size,SUV,,or
39995,2020.0,chevrolet,silverado 1500 lt double cab 4wd,,,gas,36375.0,,automatic,4wd,,pickup,,wa
12500,2007.0,honda,ridgeline,,,gas,146068.0,clean,automatic,,,pickup,white,ca
50990,2020.0,chevrolet,tahoe lt sport utility,good,,other,22194.0,clean,other,,,SUV,white,ny
549,2016.0,jeep,wrangler unlimited rubicon,,,gas,45000.0,clean,automatic,,,,,il
6995,2013.0,hyundai,accent se,excellent,4 cylinders,gas,107565.0,clean,automatic,fwd,,hatchback,blue,nc
700,2008.0,,to 2017,,,gas,10.0,clean,automatic,,,,,tx
7900,2010.0,jeep,liberty sport 4x4,excellent,6 cylinders,gas,110201.0,clean,automatic,4wd,full-size,SUV,silver,fl
6000,2008.0,toyota,camry,excellent,4 cylinders,hybrid,121986.0,salvage,automatic,fwd,mid-size,sedan,blue,ca
18990,2018.0,hyundai,sonata sel sedan 4d,good,,gas,16789.0,clean,other,fwd,,sedan,white,wi
3500,2004.0,nissan,murano sl awd,good,6 cylinders,gas,186000.0,clean,automatic,4wd,full-size,SUV,white,il
16590,2012.0,acura,tl sh-awd sedan 4d,good,,other,80007.0,clean,other,,,sedan,silver,ct
9900,2011.0,mercedes-benz,benz c300 4matic,like new,6 cylinders,gas,103000.0,clean,automatic,4wd,full-size,sedan,grey,tx
4995,2007.0,dodge,caliber sxt 4dr wagon,good,4 cylinders,gas,104541.0,clean,manual,fwd,compact,hatchback,orange,ca
31890,2017.0,lexus,rc,,6 cylinders,gas,73372.0,clean,automatic,rwd,,coupe,black,al
3200,1998.0,ford,,,,gas,186000.0,clean,automatic,,,,,tx
37900,1969.0,chevrolet,chevelle,,,gas,21878.0,clean,automatic,,,,,il
4790,2009.0,hyundai,santa fe,excellent,,gas,128000.0,clean,automatic,,,,,oh
27990,2015.0,rover,range evoque pure,good,,gas,35406.0,clean,other,4wd,,other,,tx
30539,2018.0,,Genesis G80,,,gas,40186.0,clean,automatic,,,sedan,,wa
44995,2018.0,ford,f-150,,8 cylinders,gas,24874.0,clean,automatic,4wd,,truck,,fl
12500,2008.0,mazda,miata mx-5,good,,gas,92600.0,clean,manual,,compact,convertible,black,nc
26991,2020.0,ford,fusion,,4 cylinders,gas,33920.0,clean,automatic,4wd,,sedan,blue,ak
55487,2019.0,toyota,tundra trd pro,good,,gas,19090.0,clean,automatic,,,pickup,black,nc
15998,2017.0,chrysler,pacifica,excellent,,gas,42350.0,clean,automatic,fwd,,mini-van,grey,ca
12500,2011.0,chrysler,200 convertible,excellent,6 cylinders,gas,42895.0,clean,automatic,fwd,mid-size,convertible,white,hi
5000,2006.0,,06 benz c280 4matic,excellent,6 cylinders,gas,122000.0,clean,automatic,4wd,mid-size,sedan,black,md
15590,2012.0,acura,tsx wagon 4d,good,,gas,101213.0,clean,automatic,fwd,,wagon,white,tx
15799,2018.0,ford,ecosport,,3 cylinders,gas,23391.0,clean,automatic,fwd,compact,wagon,grey,oh
22750,2020.0,chevrolet,equinox,,4 cylinders,gas,11292.0,clean,automatic,fwd,,SUV,blue,mn
11995,2014.0,jeep,cherokee,excellent,6 cylinders,gas,101426.0,clean,automatic,4wd,,SUV,,ia
13990,2017.0,hyundai,elantra,,,gas,35000.0,clean,automatic,,,,,tx
34590,2019.0,bmw,x3 sdrive30i sport utility,good,,gas,12240.0,clean,other,rwd,,other,white,nm
14700,2005.0,ford,thunderbird convertible,excellent,8 cylinders,gas,80926.0,clean,automatic,rwd,full-size,convertible,silver,fl
3495,2011.0,ford,fiesta,,,gas,120000.0,clean,automatic,,,,,oh
15590,2016.0,kia,soul wagon 4d,good,,gas,23972.0,clean,other,fwd,,wagon,brown,nc
9995,2006.0,ford,mustang v6 premium,good,6 cylinders,gas,101000.0,clean,automatic,rwd,full-size,coupe,grey,ca
16991,2017.0,ford,escape,excellent,4 cylinders,gas,78287.0,clean,automatic,4wd,,SUV,grey,or
8900,1968.0,chevrolet,k20,good,8 cylinders,gas,38000.0,clean,manual,4wd,,,black,tx
5000,2008.0,cadillac,dts,excellent,8 cylinders,gas,161000.0,clean,automatic,fwd,full-size,sedan,blue,va
3995,2010.0,honda,accord lx,excellent,4 cylinders,gas,234002.0,clean,automatic,fwd,,,,dc
23854,2013.0,mercedes-benz,gl-class,,8 cylinders,gas,62366.0,clean,automatic,,,SUV,white,ia
225,2015.0,mercedes-benz,c-class l,,4 cylinders,gas,76114.0,clean,automatic,4wd,,sedan,,ca
4950,2003.0,toyota,corolla,excellent,4 cylinders,gas,108471.0,clean,automatic,fwd,mid-size,sedan,brown,nc
3000,2008.0,ford,taurus x sel,like new,6 cylinders,gas,208810.0,clean,automatic,fwd,full-size,SUV,white,ca
29968,2014.0,gmc,sierra 1500 slt,,,gas,97561.0,clean,automatic,,,,,tn
25498,2014.0,chevrolet,silverado lt crew cab,,6 cylinders,gas,83589.0,clean,automatic,4wd,,,,mt
10500,2012.0,honda,crv awd,excellent,4 cylinders,gas,132000.0,clean,automatic,,sub-compact,SUV,grey,or
1,2010.0,,MB/BMW/Audi/Porsche/VW,,,gas,1.0,clean,other,,,,,ny
22988,2017.0,nissan,pathfinder,,,gas,45691.0,clean,automatic,,,,,ia
23495,2015.0,volkswagen,eos,excellent,4 cylinders,gas,59551.0,clean,automatic,fwd,compact,convertible,white,va
25995,2015.0,ram,1500,excellent,8 cylinders,gas,72591.0,clean,automatic,4wd,full-size,pickup,blue,wi
5500,2011.0,subaru,impreza,good,4 cylinders,gas,111000.0,clean,manual,4wd,,sedan,red,ny
28990,2018.0,lincoln,mkx select sport utility,good,6 cylinders,gas,27343.0,clean,other,,,SUV,,ga
332,2018.0,toyota,camry,excellent,4 cylinders,gas,28219.0,,other,,,sedan,,ca
32590,2018.0,cadillac,cts 3.6 luxury sedan 4d,good,6 cylinders,gas,21335.0,clean,other,rwd,,sedan,black,wi
6000,2006.0,pontiac,solstice,excellent,4 cylinders,gas,128000.0,clean,automatic,rwd,,convertible,red,ny
6800,2009.0,honda,accord lx,excellent,4 cylinders,gas,166000.0,clean,automatic,,,,,nc
5000,2014.0,ford,focus se,fair,4 cylinders,gas,135884.0,clean,automatic,fwd,compact,hatchback,black,co
15795,2019.0,toyota,corolla,,,gas,36235.0,clean,automatic,fwd,,sedan,,dc
53900,2019.0,chevrolet,2500 lt 4x4 dmax,excellent,8 cylinders,diesel,68073.0,clean,automatic,4wd,full-size,pickup,white,mi
28590,2010.0,chevrolet,camaro ss coupe 2d,good,8 cylinders,gas,16903.0,clean,other,rwd,,coupe,yellow,mn
22590,2020.0,buick,encore gx select sport,good,,other,5144.0,clean,other,,,SUV,red,pa
9295,2014.0,chevrolet,volt,excellent,4 cylinders,gas,107000.0,clean,automatic,,,hatchback,,ca
1500,1998.0,toyota,sienna le,good,6 cylinders,gas,224000.0,clean,automatic,fwd,,mini-van,white,ca
2488,2004.0,subaru,legacy,,,gas,116450.0,clean,automatic,,compact,sedan,green,ct
18999,2016.0,ford,escape,like new,4 cylinders,gas,40438.0,clean,automatic,fwd,mid-size,SUV,white,ok
10495,2011.0,lincoln,navigator l,good,8 cylinders,gas,195860.0,clean,automatic,4wd,full-size,SUV,custom,mi
14999,2011.0,toyota,avalon,excellent,,gas,34800.0,clean,automatic,,full-size,,silver,sc
23590,2018.0,kia,sportage sx sport utility 4d,good,,gas,27910.0,clean,other,fwd,,SUV,silver,ca
11995,2018.0,toyota,corolla le,excellent,4 cylinders,gas,19000.0,salvage,automatic,fwd,mid-size,sedan,white,pa
5249,2008.0,acura,rl,good,,gas,163000.0,clean,automatic,,,,black,co
20950,2013.0,ford,f-150,,,gas,161558.0,clean,automatic,4wd,,pickup,silver,ok
4500,2007.0,bmw,x5,,,gas,1.0,clean,automatic,,,SUV,,wi
9988,2001.0,porsche,boxster,,6 cylinders,gas,85629.0,clean,automatic,rwd,,convertible,white,tx
32590,2015.0,mercedes-benz,gla-class gla 45,good,,gas,34811.0,clean,other,,,other,black,tx
1800,2008.0,ford,taurus sel,fair,6 cylinders,gas,156871.0,clean,automatic,rwd,full-size,sedan,black,tx
33480,2018.0,gmc,acadia,,6 cylinders,gas,35050.0,clean,automatic,4wd,,SUV,,nh
26888,2018.0,chevrolet,colorado crew cab lt,like new,6 cylinders,gas,47000.0,clean,automatic,rwd,mid-size,truck,blue,ok
11289,2015.0,chevrolet,equinox,,4 cylinders,gas,127914.0,clean,automatic,fwd,,,blue,oh
7499,1999.0,lexus,rx 300 luxury suv,excellent,6 cylinders,gas,178597.0,,automatic,4wd,,SUV,,ca
36853,2019.0,toyota,highlander,,,gas,23508.0,clean,automatic,fwd,,,white,ar
48750,2011.0,dodge,5500,,,diesel,111589.0,clean,automatic,,,other,white,ok
2850,2003.0,chevrolet,trailblazer,good,6 cylinders,gas,180000.0,clean,automatic,rwd,full-size,SUV,custom,ma
8999,2014.0,hyundai,accent gs,excellent,4 cylinders,gas,53000.0,clean,automatic,fwd,mid-size,hatchback,white,ny
12598,2013.0,,Scion tC,,,gas,54560.0,clean,automatic,fwd,,hatchback,white,ks
4450,2006.0,honda,crv,like new,4 cylinders,gas,167890.0,clean,automatic,4wd,mid-size,SUV,grey,pa
34995,2014.0,ford,super duty f-350 drw,excellent,8 cylinders,diesel,187543.0,clean,automatic,4wd,,pickup,silver,tx
48950,2019.0,ford,f-150 lariat crew cab 4x4,,,gas,19076.0,clean,automatic,,,,,wi
20990,2018.0,chrysler,300 touring sedan 4d,good,,other,24213.0,clean,other,rwd,,sedan,,mi
21590,2016.0,acura,rdx sport utility 4d,good,,other,37793.0,clean,automatic,fwd,,SUV,,ca
1900,2003.0,ford,taurus ses,,6 cylinders,gas,183644.0,clean,automatic,,,,,ca
8950,2013.0,nissan,altima,excellent,4 cylinders,gas,120132.0,clean,automatic,fwd,mid-size,sedan,white,ky
4995,2010.0,nissan,altima 2.5s,excellent,4 cylinders,gas,128981.0,clean,automatic,fwd,,,grey,ny
26998,2016.0,mercedes-benz,metris,,4 cylinders,gas,100846.0,clean,automatic,rwd,,van,brown,nc
10500,2011.0,chevrolet,camaro,excellent,6 cylinders,gas,86000.0,clean,automatic,rwd,mid-size,coupe,grey,co
19590,2018.0,volkswagen,passat 2.0t se sedan,good,,other,21981.0,clean,other,fwd,,sedan,black,pa
13488,2016.0,chevrolet,malibu,,4 cylinders,gas,77490.0,clean,automatic,fwd,,sedan,red,wi
21480,2019.0,toyota,camry,,,gas,40573.0,clean,automatic,,,,grey,ia
9495,2011.0,chevrolet,equinox,,,gas,121205.0,clean,automatic,fwd,,SUV,red,oh
18900,2012.0,jeep,wrangler,excellent,6 cylinders,gas,84000.0,clean,manual,4wd,,wagon,white,nc
11987,2014.0,toyota,corolla,,,gas,102705.0,clean,automatic,fwd,,sedan,black,ca
9995,2003.0,ford,f-150 supercrew,excellent,,gas,184873.0,clean,automatic,4wd,,pickup,black,or
39990,2019.0,nissan,370z nismo coupe 2d,good,6 cylinders,gas,8373.0,clean,other,rwd,,coupe,white,mi
7150,2004.0,honda,cr-v,,,gas,82182.0,clean,automatic,fwd,,SUV,,va
74997,2018.0,toyota,"land cruiser 1-owner*full custom build*never off road*new lift*new 33"" yokohama x-ats*new 18"" black rhino wheels*center council cooler*360 camera*chrome delete",,8 cylinders,gas,57269.0,clean,automatic,4wd,,SUV,white,az
11200,2010.0,toyota,rav4,good,4 cylinders,gas,130044.0,clean,automatic,4wd,,,red,fl
9500,2014.0,chrysler,200,good,4 cylinders,gas,110000.0,clean,automatic,fwd,full-size,sedan,white,or
7999,2005.0,toyota,tundra access cab,,8 cylinders,gas,164036.0,clean,automatic,,,pickup,custom,ca
3500,1987.0,ford,thunderbird lx,excellent,6 cylinders,gas,80000.0,clean,automatic,rwd,full-size,coupe,blue,ma
3500,2018.0,audi,a4 2.0t premium plus,,,gas,23000.0,clean,automatic,,,,,fl
10995,2014.0,subaru,,,,gas,135707.0,clean,automatic,,,,,ia
15000,2016.0,ford,transit connect cargo,,,gas,87896.0,clean,automatic,fwd,,,blue,ia
37990,2018.0,chevrolet,silverado 2500 hd,good,,other,3749.0,clean,other,,,pickup,white,ca
3000,2004.0,volvo,s60r awd,fair,4 cylinders,gas,147000.0,clean,automatic,4wd,mid-size,sedan,blue,nc
6900,2006.0,buick,lucerne,excellent,6 cylinders,gas,110652.0,clean,other,,,,,fl
8990,2013.0,,smart fortwo Passion Hatchback,good,,gas,59072.0,clean,automatic,rwd,,coupe,silver,va
36990,2018.0,chevrolet,colorado crew cab z71,good,6 cylinders,gas,17466.0,clean,other,4wd,,pickup,,nc
59715,2019.0,ford,f-250sd xltcrew cab,excellent,8 cylinders,diesel,30313.0,,automatic,4wd,,truck,,ca
3500,2005.0,ford,f-150,fair,4 cylinders,gas,202421.0,clean,automatic,4wd,,pickup,grey,or
42000,2017.0,ram,2500,,,diesel,93549.0,clean,automatic,,,other,white,fl
7495,2010.0,jeep,liberty,good,6 cylinders,gas,125816.0,clean,automatic,4wd,,SUV,black,ia
31590,2020.0,kia,stinger gt-line sedan 4d,good,,gas,5353.0,clean,other,,,sedan,black,nv
25995,2014.0,chevrolet,silverado 1500 work truck 2wt crew cab long box 4w,,,,91852.0,,automatic,4wd,,pickup,,al
248,2015.0,bmw,4 series,,6 cylinders,gas,76188.0,clean,automatic,rwd,,coupe,,ca
12500,2015.0,buick,verano base,,,,53145.0,,automatic,fwd,,sedan,,wa
17999,2020.0,honda,accord,,4 cylinders,gas,10500.0,salvage,automatic,,,sedan,white,tx
62825,2021.0,jeep,wrangler rubicon,new,4 cylinders,hybrid,10.0,clean,automatic,4wd,,,,nm
1,2013.0,dodge,avenger,,,gas,82000.0,clean,automatic,,,,,az
5295,2004.0,nissan,murano sl awd,excellent,6 cylinders,gas,147000.0,clean,automatic,4wd,mid-size,SUV,orange,ny
22995,2014.0,audi,a7,excellent,6 cylinders,gas,139000.0,clean,automatic,4wd,full-size,sedan,grey,ks
9800,2011.0,bmw,528i,,,gas,123000.0,rebuilt,automatic,,,,,pa
14000,2006.0,ford,f-250,good,8 cylinders,diesel,238707.0,clean,automatic,4wd,full-size,pickup,white,pa
18998,2012.0,ford,e-350,,8 cylinders,gas,25715.0,clean,automatic,rwd,,van,white,tn
10995,2012.0,bmw,328i,,,gas,111999.0,clean,automatic,,compact,sedan,,fl
5295,2008.0,ford,taurus,good,6 cylinders,gas,124000.0,clean,automatic,fwd,mid-size,sedan,white,wi
13999,2007.0,cadillac,escalade,excellent,8 cylinders,gas,110958.0,clean,automatic,rwd,full-size,SUV,blue,ca
16688,2016.0,cadillac,cts,,,gas,89870.0,clean,automatic,rwd,,sedan,blue,fl
13500,2012.0,,Forf Explorer,good,6 cylinders,gas,148000.0,clean,automatic,4wd,mid-size,SUV,white,oh
1700,2000.0,bmw,528i,excellent,,gas,200000.0,clean,automatic,,full-size,other,white,va
4500,2009.0,chevrolet,malibu,good,6 cylinders,gas,174000.0,clean,automatic,fwd,,sedan,,oh
19500,2016.0,honda,odyssey ex-l,good,6 cylinders,gas,114344.0,clean,automatic,fwd,,van,,az
28990,2019.0,ford,ranger supercab xl pickup,good,,other,18341.0,clean,other,,,pickup,white,tx
53456,2020.0,ram,1500,,,gas,41273.0,clean,automatic,4wd,,pickup,,mo
13997,2005.0,infiniti,g37,excellent,6 cylinders,gas,9500.0,clean,automatic,,,SUV,,ca
12500,2015.0,volvo,s60,excellent,4 cylinders,gas,92000.0,clean,automatic,,,sedan,blue,vt
5999,2006.0,lincoln,town car,excellent,8 cylinders,gas,99000.0,clean,automatic,rwd,full-size,sedan,silver,dc
39590,2019.0,ram,1500 crew cab big horn,good,6 cylinders,other,19722.0,clean,other,4wd,,pickup,white,oh
5497,2002.0,toyota,tundra,,8 cylinders,gas,381146.0,clean,automatic,rwd,,truck,black,fl
30490,2018.0,bmw,4 series,,4 cylinders,gas,24588.0,clean,automatic,rwd,compact,sedan,black,al
41590,2018.0,audi,a4 allroad prestige wagon,good,,gas,25178.0,clean,other,,,wagon,,in
1,2016.0,infiniti,q70,excellent,6 cylinders,gas,59762.0,clean,other,4wd,compact,sedan,white,fl
9323,2015.0,nissan,sentra,excellent,,gas,36351.0,clean,automatic,fwd,,sedan,silver,fl
44990,2015.0,ford,f-350,,,other,85548.0,clean,automatic,4wd,,other,white,ny
49498,2018.0,audi,q7,,6 cylinders,gas,33372.0,clean,automatic,4wd,mid-size,SUV,black,wa
5495,2010.0,chrysler,town & country,,,gas,144909.0,clean,automatic,,,,,mi
19990,2019.0,mitsubishi,outlander se sport,good,,gas,22243.0,clean,other,4wd,,SUV,red,mi
2999,2005.0,toyota,corolla,excellent,4 cylinders,gas,141098.0,clean,automatic,fwd,full-size,sedan,red,ma
41990,2016.0,chevrolet,silverado,,,diesel,157856.0,clean,automatic,4wd,,pickup,,ny
41888,2012.0,ford,f-150 svt raptor,good,8 cylinders,gas,101535.0,clean,automatic,4wd,,pickup,silver,ca
20850,2012.0,ford,f250 super duty,good,,diesel,226135.0,clean,automatic,4wd,,,,ok
10995,2008.0,toyota,highlander,,6 cylinders,gas,165239.0,clean,automatic,4wd,,SUV,white,md
7500,1989.0,dodge,raider,excellent,6 cylinders,gas,122500.0,clean,manual,4wd,,,,or
31990,2019.0,,Genesis G70 2.0T Advanced Sedan,good,,gas,10970.0,clean,other,rwd,,sedan,,va
31500,2016.0,toyota,tundra,excellent,8 cylinders,gas,86000.0,clean,automatic,4wd,full-size,offroad,black,ar
9997,2013.0,hyundai,elantra,excellent,4 cylinders,gas,70283.0,clean,automatic,fwd,,sedan,grey,ok
69995,2018.0,ford,super duty f-250,,8 cylinders,diesel,54965.0,clean,automatic,4wd,,truck,black,id
40988,2020.0,jeep,gladiator,like new,6 cylinders,gas,27955.0,clean,automatic,4wd,mid-size,SUV,black,al
11000,2015.0,chevrolet,cruze lt,like new,4 cylinders,gas,69000.0,clean,automatic,fwd,,,,il
15995,2012.0,chevrolet,tahoe,excellent,8 cylinders,gas,143739.0,clean,automatic,4wd,,SUV,,ia
40990,2014.0,chevrolet,silverado 2500 hd crew,good,8 cylinders,gas,53263.0,clean,other,,,pickup,white,ga
24490,2017.0,jeep,grand cherokee,like new,6 cylinders,gas,86279.0,clean,automatic,4wd,,,,mi
32900,2019.0,dodge,grand caravan sxt,excellent,6 cylinders,gas,40155.0,,automatic,,,van,,fl
650,2005.0,kia,spectra 5,good,4 cylinders,gas,129834.0,clean,automatic,fwd,compact,hatchback,black,ar
48995,2018.0,nissan,titan xd,,,diesel,41064.0,clean,automatic,4wd,,pickup,blue,tx
10495,2013.0,audi,a4 2.0t quattro premium,excellent,4 cylinders,gas,107060.0,,automatic,4wd,,sedan,,oh
9899,2017.0,kia,optima,,4 cylinders,gas,63418.0,,automatic,fwd,,sedan,silver,ia
37900,2016.0,ford,"f-150 king ranch,$575.25 month, $2500 down, 2.9% apr, 72 $575.25 month, $2500 down, 2.9% apr, 72 months, oac,",,6 cylinders,gas,99888.0,clean,automatic,4wd,,pickup,white,tx
19900,2012.0,jeep,wrangler unlimited sport,,6 cylinders,gas,130000.0,clean,automatic,,,,,tx
1200,2004.0,honda,accord ex,salvage,4 cylinders,gas,225000.0,salvage,automatic,fwd,full-size,sedan,blue,ca
15980,2013.0,chevrolet,camaro lt,excellent,6 cylinders,gas,103495.0,clean,automatic,rwd,compact,coupe,orange,tx
2800,1983.0,dodge,d150,good,8 cylinders,gas,71700.0,clean,automatic,4wd,full-size,truck,blue,tn
9400,2010.0,bmw,x3 sport,like new,6 cylinders,gas,84000.0,clean,automatic,,,,,hi
10464,2011.0,nissan,armada,excellent,,gas,173000.0,clean,automatic,4wd,,SUV,,ia
21995,2012.0,nissan,titan,,,gas,116818.0,clean,automatic,4wd,,pickup,,id
25988,2018.0,chevrolet,silverado 1500,,,gas,126591.0,clean,automatic,,,,,ia
26990,2019.0,volkswagen,jetta gli 35th,good,,gas,13663.0,clean,other,fwd,,sedan,,oh
13995,2002.0,toyota,4runner sr5,excellent,6 cylinders,gas,109443.0,clean,automatic,rwd,mid-size,SUV,,ca
9895,2013.0,ford,taurus,,,gas,117033.0,clean,automatic,fwd,,,white,mi
29590,2019.0,chevrolet,camaro lt coupe 2d,good,6 cylinders,gas,5785.0,clean,other,rwd,,coupe,red,il
24998,2019.0,nissan,frontier,,,gas,24857.0,clean,automatic,fwd,,pickup,black,tn
1900,1991.0,toyota,mr2,good,4 cylinders,gas,39373.0,parts only,automatic,rwd,,coupe,white,nc
16670,2017.0,nissan,rogue sport,,4 cylinders,gas,46755.0,clean,automatic,4wd,compact,wagon,silver,md
15000,2001.0,,isuzu npr diesel,good,4 cylinders,diesel,320526.0,clean,automatic,rwd,,,white,fl
4950,2009.0,nissan,murano,good,6 cylinders,gas,165000.0,clean,automatic,4wd,,SUV,,il
41999,2014.0,ford,f250,,,diesel,161533.0,clean,automatic,,,,,tx
22900,2018.0,subaru,crosstrek,,,other,29087.0,clean,other,,,,,tx
23990,2015.0,dodge,durango sxt sport utility,good,,other,48734.0,clean,other,,,SUV,red,tn
4900,2012.0,chevrolet,volt,good,4 cylinders,hybrid,143167.0,clean,automatic,fwd,compact,sedan,silver,nc
21688,2020.0,nissan,kicks,,,gas,7575.0,clean,automatic,fwd,,,,al
9500,1933.0,chrysler,coupe,,,other,50000.0,clean,other,,,coupe,,ny
21400,2021.0,nissan,kicks,good,,gas,10.0,clean,automatic,fwd,,other,black,nm
30590,2018.0,infiniti,q50 3.0t sport sedan 4d,good,6 cylinders,gas,16778.0,clean,other,,,sedan,,ny
15900,2012.0,jeep,grand cherokee laredo,excellent,6 cylinders,gas,104083.0,clean,automatic,4wd,,SUV,black,ma
14440,2010.0,jeep,wrangler,,,gas,139870.0,clean,automatic,,,other,green,oh
32990,2015.0,ford,f150 supercrew cab xlt,good,6 cylinders,gas,65329.0,clean,other,4wd,,pickup,blue,mi
20590,2017.0,fiat,124 spider classica,good,,gas,13523.0,clean,other,rwd,,other,,ca
5500,2004.0,toyota,highlander,good,6 cylinders,gas,196715.0,clean,automatic,fwd,,SUV,white,tn
7200,2008.0,honda,civic sdn,excellent,4 cylinders,gas,98520.0,clean,automatic,fwd,sub-compact,sedan,red,in
24990,2016.0,hyundai,genesis 3.8 sedan 4d,good,,other,34813.0,clean,other,rwd,,sedan,black,ky
32590,2016.0,toyota,4runner sr5 sport utility,good,,other,49940.0,clean,other,4wd,,SUV,silver,oh
7500,2001.0,ford,f-150,like new,8 cylinders,gas,180881.0,clean,automatic,rwd,full-size,truck,white,va
3800,2013.0,ford,escape se,excellent,4 cylinders,gas,135000.0,clean,automatic,fwd,mid-size,SUV,black,mi
18995,2014.0,dodge,challenger,,,gas,116487.0,clean,automatic,rwd,,coupe,black,ok
35990,2020.0,lexus,ux 250h f sport suv 4d,good,,gas,4300.0,clean,other,,,hatchback,,md
32990,2018.0,ford,f150 super cab xlt pickup,good,,other,11360.0,clean,other,,,pickup,white,pa
53900,2017.0,rover,sport,,,gas,58974.0,clean,automatic,,,other,,or
9941,2016.0,ford,focus,,4 cylinders,,75663.0,,manual,fwd,,sedan,,az
44999,2019.0,chevrolet,blazer,,6 cylinders,gas,18365.0,clean,automatic,4wd,,SUV,custom,wa
29988,2010.0,cadillac,escalade premium,excellent,8 cylinders,gas,28000.0,,automatic,4wd,,SUV,,il
8999,2010.0,subaru,outback 2.5i awd 4dr wago,,,gas,154000.0,clean,other,,,wagon,blue,wa
37499,2018.0,jeep,grand cherokee,,6 cylinders,gas,25068.0,clean,automatic,4wd,mid-size,SUV,white,co
12950,2012.0,mercedes-benz,glk350 4matic awd,,,gas,103881.0,clean,automatic,,,,,mn
3900,2007.0,toyota,prius,good,4 cylinders,hybrid,225082.0,clean,automatic,fwd,mid-size,hatchback,red,mo
10995,2011.0,chevrolet,traverse,excellent,6 cylinders,gas,134433.0,clean,automatic,4wd,full-size,SUV,red,wi
11900,2005.0,mercedes-benz,sl500 5.0l,excellent,8 cylinders,gas,99000.0,clean,automatic,,,convertible,,ca
42999,2018.0,toyota,tacoma limited 4x4 gas,,,gas,23941.0,clean,automatic,4wd,,truck,black,id
3995,2002.0,honda,odyssey,,,gas,181000.0,clean,automatic,,,,,ma
33990,2005.0,ram,,,,diesel,106988.0,clean,automatic,4wd,,pickup,,or
26500,2019.0,nissan,rogue,,4 cylinders,gas,49516.0,clean,automatic,4wd,,SUV,white,mn
8695,2014.0,fiat,500l,,4 cylinders,gas,52900.0,clean,automatic,fwd,,sedan,black,ct
12500,2009.0,toyota,highlander,,,gas,149691.0,clean,automatic,4wd,,wagon,,va
30590,2019.0,honda,ridgeline sport pickup 4d,good,,other,23645.0,clean,other,,,pickup,silver,in
18500,2011.0,toyota,sienna limited awd,,6 cylinders,gas,86000.0,clean,automatic,,,mini-van,,ca
17995,2018.0,ford,fusion,,4 cylinders,gas,23730.0,clean,automatic,fwd,mid-size,sedan,silver,fl
8990,1995.0,dodge,dakota,excellent,6 cylinders,gas,121500.0,clean,manual,,mid-size,pickup,grey,fl
33991,2018.0,jeep,wrangler jk unlimited,,6 cylinders,gas,40698.0,clean,automatic,4wd,mid-size,SUV,white,tx
3995,2007.0,nissan,murano,,,gas,160495.0,clean,automatic,,,,,mi
11498,2014.0,ford,fusion se,excellent,4 cylinders,gas,68000.0,clean,automatic,,,,,mt
19999,2003.0,gmc,sierra 2500hd,,8 cylinders,diesel,150412.0,clean,automatic,4wd,,truck,,co
6500,2002.0,toyota,4runner,good,,gas,185500.0,clean,automatic,,,SUV,,mi
14900,2017.0,honda,accord lx,good,4 cylinders,gas,93000.0,clean,manual,fwd,mid-size,sedan,white,ny
42590,2020.0,chevrolet,silverado 1500 crew,good,,other,26951.0,clean,other,4wd,,pickup,black,ok
39900,2007.0,mercedes-benz,s65 amg,good,12 cylinders,gas,34708.0,clean,automatic,rwd,,sedan,black,ia
5795,2011.0,kia,soul,,,gas,177387.0,clean,automatic,,compact,wagon,green,pa
15990,2010.0,acura,tl sedan 4d,good,6 cylinders,gas,88542.0,clean,other,fwd,,sedan,,mi
32500,1993.0,chevrolet,silverado,like new,,gas,70000.0,clean,automatic,,,,,tx
28590,2013.0,cadillac,escalade premium sport,good,8 cylinders,other,99413.0,clean,other,,,other,black,in
2000,1994.0,chevrolet,camaro,good,6 cylinders,gas,175000.0,clean,manual,rwd,mid-size,coupe,red,ga
25990,2019.0,ford,f150 regular cab xlt pickup,good,6 cylinders,gas,21480.0,clean,other,,,pickup,black,tn
99,2018.0,jeep,wrangler,,,gas,24464.0,clean,automatic,4wd,full-size,,custom,nh
28995,2015.0,chevrolet,silverado 3500hd built after aug 14,excellent,8 cylinders,diesel,224760.0,clean,automatic,4wd,,truck,,ia
27988,2016.0,ford,f-150,,,gas,65521.0,clean,automatic,,,,,ia
5400,2009.0,mini,cooper,good,4 cylinders,gas,94000.0,clean,manual,fwd,compact,,silver,tx
18999,2019.0,toyota,prius,excellent,4 cylinders,hybrid,4020.0,rebuilt,automatic,fwd,,hatchback,silver,sc
34500,2007.0,,International 4300,,,diesel,96974.0,clean,automatic,,,,,co
5750,2014.0,jeep,patriot sport,,,gas,105062.0,rebuilt,automatic,,,,,tn
3450,2009.0,chrysler,pt cruiser,excellent,4 cylinders,gas,148500.0,clean,automatic,fwd,,,,ks
6250,2012.0,ford,focus,excellent,4 cylinders,gas,136724.0,clean,automatic,,,sedan,silver,ca
8900,2003.0,honda,element ex,good,4 cylinders,gas,141000.0,clean,automatic,4wd,,SUV,blue,mt
6200,2009.0,ford,focus,good,4 cylinders,gas,104000.0,clean,automatic,fwd,compact,sedan,white,tx
5500,2012.0,nissan,sentra,,4 cylinders,gas,135137.0,clean,automatic,fwd,,sedan,black,or
999,2006.0,chevrolet,cobalt,,,gas,90000.0,clean,automatic,,,,,oh
2990,2005.0,honda,accord ex v6,,4 cylinders,gas,191417.0,clean,automatic,,,sedan,silver,me
29995,2016.0,dodge,challenger,excellent,,gas,,clean,manual,rwd,,coupe,,ca
13777,2013.0,ford,explorer,excellent,6 cylinders,gas,112614.0,clean,automatic,fwd,,SUV,white,tx
10999,2013.0,hyundai,sonata gls pzev,excellent,4 cylinders,gas,101048.0,clean,automatic,,,sedan,,ca
28980,2013.0,chevrolet,silverado,excellent,,gas,86011.0,clean,automatic,4wd,,pickup,,mt
3300,2008.0,acura,tl,good,6 cylinders,gas,186000.0,clean,automatic,fwd,mid-size,sedan,blue,md
5995,2014.0,mazda,2,like new,,gas,92296.0,clean,automatic,,,hatchback,black,fl
6400,2013.0,kia,sorento lx,excellent,4 cylinders,gas,106400.0,clean,automatic,fwd,,SUV,black,wi
18990,2012.0,acura,tsx sedan 4d,good,,gas,36309.0,clean,other,fwd,,sedan,black,nh
23888,2017.0,ford,f-150,,,other,104582.0,clean,automatic,fwd,,pickup,black,tx
27988,2018.0,dodge,challenger,excellent,,gas,32941.0,clean,automatic,rwd,,coupe,white,ca
16985,2014.0,ford,e-250,,,other,182448.0,clean,automatic,fwd,,van,white,nj
31990,2017.0,ram,1500 crew cab express pickup,good,8 cylinders,gas,15498.0,clean,other,4wd,,pickup,silver,az
8500,2012.0,toyota,corolla s,like new,4 cylinders,gas,97200.0,clean,automatic,fwd,full-size,sedan,grey,va
16999,2011.0,chevrolet,silverado 1500,excellent,8 cylinders,gas,77000.0,clean,automatic,4wd,,truck,grey,ct
5800,1967.0,ford,falcon,fair,6 cylinders,gas,84000.0,clean,automatic,rwd,,sedan,blue,ca
31590,2020.0,mazda,mx-5 miata club,good,,gas,2195.0,clean,other,rwd,,other,,ca
7495,2018.0,chevrolet,spark lt,excellent,4 cylinders,gas,43717.0,rebuilt,automatic,fwd,,hatchback,yellow,va
16495,2015.0,ford,edge,,4 cylinders,gas,90000.0,clean,automatic,,,SUV,silver,ny
4500,2009.0,chevrolet,impala,,,gas,149000.0,clean,automatic,,,,,va
9995,2014.0,chevrolet,malibu,,4 cylinders,gas,119000.0,clean,automatic,fwd,,sedan,white,ia
2500,2004.0,pontiac,grand prix,good,6 cylinders,gas,214000.0,clean,automatic,fwd,full-size,sedan,custom,mn
35995,2015.0,ford,f-250,,,other,83756.0,clean,automatic,4wd,,pickup,silver,nh
3500,1978.0,chevrolet,suburban,,8 cylinders,gas,0.0,clean,automatic,fwd,,,yellow,la
7999,2007.0,mitsubishi,eclipse,excellent,,gas,75000.0,clean,automatic,,,hatchback,,ca
40990,2014.0,chevrolet,silverado 2500 hd crew,good,8 cylinders,gas,53263.0,clean,other,,,pickup,white,fl
348,2018.0,toyota,rav4,,4 cylinders,gas,42178.0,clean,automatic,fwd,,SUV,,or
10900,2013.0,,Scion tC,excellent,4 cylinders,gas,74687.0,clean,automatic,fwd,,coupe,grey,fl
42777,2018.0,toyota,4runner trd offrd premium,like new,6 cylinders,gas,33654.0,rebuilt,automatic,4wd,full-size,SUV,white,mn
2000,2007.0,saturn,vue,good,6 cylinders,gas,110000.0,clean,automatic,fwd,sub-compact,SUV,blue,id
35000,1967.0,chevrolet,impala ss,excellent,8 cylinders,gas,50984.0,clean,automatic,rwd,full-size,coupe,blue,mt
9950,2012.0,buick,regal,,,gas,84097.0,clean,automatic,fwd,,sedan,,ia
9491,2012.0,mazda,mazda3,,4 cylinders,gas,94034.0,clean,automatic,fwd,,sedan,grey,ks
30990,2018.0,alfa-romeo,romeo stelvio ti sport,good,,gas,16714.0,clean,other,,,hatchback,red,in
22889,2014.0,toyota,tacoma double cab,,6 cylinders,gas,119539.0,clean,automatic,4wd,,pickup,black,az
25991,2019.0,subaru,outback,,4 cylinders,gas,28396.0,clean,automatic,4wd,mid-size,wagon,white,tn
50000,2019.0,ram,2500,,,diesel,64730.0,clean,automatic,,,pickup,white,wa
348,2017.0,honda,cr-v,,4 cylinders,gas,63640.0,clean,automatic,4wd,,SUV,,or
11950,2000.0,jeep,cherokee,like new,6 cylinders,gas,148000.0,clean,automatic,4wd,mid-size,SUV,blue,va
100995,2019.0,ford,super duty f-450 pickup,,8 cylinders,diesel,31003.0,clean,automatic,4wd,,truck,black,id
4500,2004.0,infiniti,g35,like new,,gas,150000.0,clean,automatic,,,,red,md
17487,2008.0,ford,super duty f-350 drw,good,8 cylinders,diesel,110849.0,clean,automatic,rwd,full-size,truck,white,wi
11900,2008.0,chevrolet,silverado 1500,good,8 cylinders,gas,150000.0,clean,automatic,4wd,full-size,SUV,blue,sc
38794,2020.0,ford,mustang gt,,,gas,27.0,clean,automatic,,,,,ga
46500,1968.0,pontiac,gto,excellent,8 cylinders,gas,91250.0,clean,automatic,rwd,mid-size,coupe,yellow,dc
4980,2001.0,ford,crown victoria,,,gas,106000.0,clean,automatic,,,,,al
1250,1996.0,dodge,dakota 4x4,,8 cylinders,gas,174393.0,clean,automatic,4wd,,,,co
3995,2002.0,honda,odyssey,,,gas,157108.0,clean,automatic,,,,,in
5300,2012.0,kia,soul,good,4 cylinders,gas,129580.0,clean,automatic,fwd,mid-size,SUV,green,oh
4995,2006.0,toyota,avalon touring,like new,,gas,156000.0,clean,automatic,,,,,nj
11495,2011.0,jeep,grand cherokee limited 4x4,excellent,6 cylinders,gas,151630.0,clean,automatic,4wd,full-size,SUV,black,me
7995,2013.0,chevrolet,malibu,good,,gas,111534.0,clean,automatic,fwd,,sedan,grey,nj
5200,2008.0,audi,a3 premium,good,4 cylinders,gas,243700.0,clean,automatic,fwd,compact,wagon,grey,wi
7800,2010.0,bmw,335i xdrive,,,gas,134000.0,clean,automatic,,,,,ny
5900,2006.0,honda,accord,good,,gas,151200.0,clean,automatic,fwd,,sedan,,ca
26999,2015.0,subaru,brz,excellent,4 cylinders,gas,13932.0,clean,other,,mid-size,coupe,blue,fl
34999,2014.0,ram,2500,,8 cylinders,gas,88497.0,clean,automatic,4wd,,truck,,or
26590,2020.0,honda,civic si coupe 2d,good,,gas,9954.0,clean,other,fwd,,coupe,silver,fl
27500,2010.0,chevrolet,silverado 2500hd,excellent,8 cylinders,diesel,127381.0,clean,automatic,4wd,full-size,truck,blue,ny
4800,2007.0,,Freightliner c2,good,6 cylinders,diesel,146000.0,clean,automatic,,full-size,bus,yellow,il
69999,2019.0,ford,f350 deisel power stroke,,,diesel,30986.0,clean,automatic,4wd,,truck,white,wa
31900,2016.0,jeep,wrangler,,,gas,34546.0,clean,automatic,4wd,,convertible,white,id
7000,1999.0,ford,f450,fair,,gas,236196.0,clean,automatic,,,,,mi
12500,1979.0,chevrolet,camaro z28 t-top,good,8 cylinders,gas,72300.0,clean,automatic,rwd,mid-size,coupe,brown,mn
11995,2015.0,audi,a4,,,gas,93742.0,clean,automatic,,compact,sedan,silver,ny
13995,2014.0,nissan,maxima sv,,,gas,61134.0,clean,automatic,,,,,ny
36990,2013.0,ford,f150 supercrew cab platinum,good,8 cylinders,gas,44726.0,clean,other,,,pickup,brown,il
23990,2020.0,chevrolet,equinox,,,gas,8542.0,clean,automatic,fwd,,,blue,ca
6995,2009.0,,Scion xB,excellent,,gas,146977.0,clean,manual,fwd,,wagon,red,ca
36990,2018.0,jeep,wrangler unlimited all new,good,,other,5933.0,clean,other,4wd,,other,,va
30893,2017.0,chevrolet,silverado lt 1500,,,gas,1.0,clean,automatic,,,,,sc
24995,2011.0,chevrolet,silverado 2500hd,,,diesel,201000.0,clean,automatic,4wd,,,,al
28590,2017.0,jaguar,xf 20d premium sedan 4d,good,,gas,9962.0,clean,other,rwd,,sedan,silver,in
7500,2007.0,chevrolet,avalanche,,,gas,140000.0,clean,automatic,,,,,wi
11990,2014.0,chevrolet,silverado 1500,good,6 cylinders,gas,171750.0,clean,automatic,rwd,full-size,pickup,white,tx
25000,1957.0,ford,fairlane 500,good,8 cylinders,gas,77000.0,clean,automatic,rwd,full-size,convertible,blue,nc
5500,1938.0,ford,deluxe,,,gas,88000.0,clean,manual,,,,,tn
14600,2016.0,jeep,patriot,excellent,4 cylinders,gas,24780.0,rebuilt,automatic,4wd,compact,SUV,grey,wi
18988,2015.0,ford,explorer,,,gas,84448.0,clean,automatic,,,,,ia
29995,2016.0,ford,f350 super duty regular cab & chassis,,8 cylinders,diesel,170975.0,clean,automatic,,,other,white,ms
5995,2000.0,mercedes-benz,sl-class,,,gas,112580.0,clean,automatic,,,convertible,black,fl
6900,2006.0,honda,odyssey touring,like new,6 cylinders,gas,170000.0,clean,automatic,4wd,full-size,mini-van,silver,ga
32990,2015.0,lincoln,navigator l sport,good,6 cylinders,gas,41526.0,clean,other,,,other,red,az
37999,2020.0,ram,1500 classic,,,gas,33179.0,clean,automatic,4wd,,truck,white,ut
19990,2017.0,fiat,500 abarth hatchback 2d,good,,gas,6054.0,clean,other,fwd,,hatchback,,nj
12460,2013.0,gmc,terrain,good,,gas,102581.0,clean,automatic,,,,,il
741,2018.0,honda,cr v,excellent,4 cylinders,gas,26262.0,clean,automatic,,,SUV,red,az
28990,2012.0,bmw,m3 convertible 2d,good,8 cylinders,gas,70703.0,clean,other,rwd,,other,silver,ca
20300,1999.0,porsche,911,good,4 cylinders,gas,116000.0,clean,manual,rwd,,,black,fl
449,2020.0,toyota,camry trd,,,gas,6800.0,clean,automatic,,,,,il
199,2017.0,dodge,charger,,,gas,19890.0,clean,automatic,,,,,oh
14500,2011.0,chevrolet,equinox,excellent,4 cylinders,gas,35860.0,clean,automatic,4wd,,SUV,grey,ia
36999,2014.0,ram,2500,,6 cylinders,diesel,198339.0,clean,automatic,4wd,,truck,,or
21990,2005.0,ford,econoline commercial cutaway,good,8 cylinders,gas,45554.0,clean,automatic,rwd,full-size,truck,white,ny
34990,2018.0,bmw,4 series 430i convertible 2d,good,,gas,39650.0,clean,other,rwd,,other,black,nc
23000,2013.0,toyota,tacoma double cab sr5,excellent,6 cylinders,gas,94252.0,rebuilt,automatic,4wd,,pickup,silver,ak
6750,2003.0,gmc,yukon xl 2500,good,8 cylinders,gas,168000.0,clean,automatic,,,,black,mi
3500,1984.0,mercedes-benz,benz 300sd turbo,good,5 cylinders,diesel,270000.0,clean,automatic,rwd,full-size,sedan,blue,oh
33652,2016.0,chevrolet,silverado 2500hd,,,gas,146625.0,clean,automatic,4wd,,pickup,black,ok
33499,2012.0,jeep,wrangler,,6 cylinders,gas,51044.0,clean,manual,4wd,,SUV,white,nv
19931,2013.0,mercedes-benz,m-class,,6 cylinders,gas,98366.0,clean,automatic,4wd,mid-size,SUV,black,nc
43990,2019.0,ram,1500 crew cab big horn,good,8 cylinders,gas,17352.0,clean,other,4wd,,pickup,black,il
37590,2018.0,mercedes-benz,c-class c 300,good,,gas,1561.0,clean,other,rwd,,coupe,red,co
5900,2011.0,ford,escape,,,gas,175000.0,clean,automatic,,,,,mi
22990,2009.0,chevrolet,silverado 2500hd,good,8 cylinders,diesel,255563.0,clean,automatic,4wd,full-size,truck,white,mt
8995,2004.0,mercedes-benz,c-class,excellent,6 cylinders,gas,83276.0,clean,automatic,4wd,mid-size,wagon,,al
9995,2013.0,volkswagen,cc,excellent,,gas,114414.0,clean,automatic,fwd,,,,ca
19475,2010.0,jeep,wrangler,,6 cylinders,gas,171076.0,clean,automatic,4wd,,SUV,green,id
11185,2012.0,toyota,camry,,4 cylinders,gas,81452.0,clean,automatic,fwd,,sedan,black,oh
35590,2019.0,ram,1500 crew cab big horn,good,6 cylinders,gas,68032.0,clean,other,4wd,,pickup,,ar
10995,2015.0,mazda,mazda6,excellent,4 cylinders,gas,117000.0,clean,automatic,fwd,full-size,sedan,blue,ok
16900,2015.0,ram,1500,,8 cylinders,,156756.0,clean,automatic,4wd,,pickup,white,tn
5990,2007.0,honda,civic,,4 cylinders,gas,155120.0,clean,manual,fwd,,,blue,wa
37900,2019.0,ford,edge titanium awd,like new,4 cylinders,gas,17000.0,clean,automatic,4wd,mid-size,SUV,blue,ne
6999,2012.0,nissan,murano sv,excellent,,gas,150000.0,clean,automatic,4wd,,SUV,silver,ct
3900,2012.0,chevrolet,impala,,,gas,150000.0,clean,automatic,,,,,mi
31899,2018.0,dodge,challenger,,,gas,45994.0,clean,automatic,rwd,,,,ar
27995,2016.0,jeep,wrangler,,,gas,109978.0,clean,automatic,,,,,nm
17500,2015.0,ford,transit 150,excellent,6 cylinders,gas,143553.0,clean,automatic,,,van,white,tx
16500,2008.0,ford,f-250,,,gas,132000.0,clean,automatic,,,,,tx
18200,2012.0,honda,ridgeline,,,gas,137107.0,clean,automatic,4wd,,,,co
31995,2015.0,gmc,yukon,,8 cylinders,gas,119519.0,clean,automatic,4wd,,SUV,purple,ar
5800,2008.0,,Suzuki Grand Vitara,excellent,6 cylinders,gas,104500.0,clean,automatic,4wd,compact,SUV,red,pa
5000,2001.0,volkswagen,beetle,good,4 cylinders,diesel,130000.0,clean,automatic,fwd,compact,hatchback,silver,fl
13995,2011.0,chevrolet,tahoe,,,other,107040.0,clean,,4wd,,SUV,,oh
39999,2016.0,ram,1500,,8 cylinders,gas,34140.0,clean,automatic,4wd,,truck,black,wa
14950,2015.0,ford,explorer,excellent,6 cylinders,gas,149500.0,clean,automatic,4wd,full-size,SUV,brown,ca
41995,2018.0,ram,3500,,,diesel,167256.0,clean,automatic,4wd,,pickup,red,or
6855,2014.0,honda,civic,good,4 cylinders,gas,96519.0,clean,automatic,fwd,,sedan,blue,oh
21000,2015.0,gmc,canyon,like new,6 cylinders,gas,98300.0,clean,automatic,,,truck,silver,ky
7995,2009.0,volkswagen,tiguan,good,4 cylinders,gas,126360.0,clean,automatic,4wd,,SUV,,ia
10990,2013.0,nissan,sentra s sedan 4d,good,,gas,81557.0,clean,other,fwd,,sedan,red,oh
39877,2015.0,gmc,yukon xl,,8 cylinders,,78281.0,,automatic,,,SUV,white,nv
11900,2012.0,cadillac,cts sedan,good,6 cylinders,gas,91587.0,clean,automatic,4wd,mid-size,sedan,silver,in
6800,2009.0,honda,odyssey,excellent,6 cylinders,gas,117000.0,clean,automatic,,,,,nm
7995,2008.0,volkswagen,gti coupe,excellent,4 cylinders,gas,118526.0,clean,automatic,fwd,,hatchback,grey,ma
1000,2008.0,,scion xd hatchback 4d,,4 cylinders,gas,202813.0,clean,automatic,fwd,compact,hatchback,silver,ca
70895,2019.0,gmc,sierra 2500hd,,,diesel,25854.0,clean,automatic,4wd,,,white,ca
4400,1999.0,ford,f-150 ac,good,6 cylinders,gas,233000.0,clean,manual,fwd,full-size,pickup,orange,fl
20000,2019.0,kia,sorrento,like new,4 cylinders,gas,15911.0,clean,automatic,fwd,,,black,tx
5495,2014.0,chevrolet,cruze,,,gas,163420.0,clean,automatic,,,,,mi
2995,2003.0,nissan,xterra xe,,6 cylinders,gas,190000.0,clean,automatic,,,,,tx
54990,2020.0,chevrolet,tahoe lt sport utility,good,8 cylinders,other,7397.0,clean,other,4wd,,SUV,black,ma
8995,2012.0,nissan,rogue,like new,4 cylinders,gas,103860.0,clean,automatic,4wd,mid-size,SUV,grey,pa
12295,2014.0,nissan,xterra,like new,6 cylinders,gas,119299.0,clean,automatic,,,,black,la
32000,2014.0,chevrolet,high country,excellent,8 cylinders,gas,71000.0,clean,automatic,4wd,,pickup,white,sd
15785,2018.0,ford,focus se,,3 cylinders,gas,13843.0,clean,automatic,fwd,,sedan,,wa
14995,2017.0,nissan,sentra s,,4 cylinders,gas,13769.0,clean,automatic,fwd,,sedan,silver,az
28944,2010.0,chevrolet,silverado,,,diesel,180137.0,clean,automatic,4wd,,pickup,,ma
18990,2016.0,hyundai,sonata hybrid limited,good,,hybrid,45645.0,clean,other,fwd,,sedan,blue,or
13995,2013.0,dodge,charger,excellent,6 cylinders,gas,107098.0,clean,automatic,rwd,full-size,sedan,black,nv
4495,2008.0,saturn,vue,,,gas,182142.0,clean,automatic,,,,,mi
7500,2011.0,volkswagen,jetta,,,gas,100425.0,clean,automatic,,,,,ca
28995,2015.0,ram,1500 crew cab,,6 cylinders,diesel,145130.0,clean,automatic,4wd,,pickup,black,co
2700,2015.0,subaru,wrx,,,gas,51482.0,clean,manual,,,,,ca
35900,1956.0,chevrolet,,excellent,8 cylinders,gas,4000.0,clean,automatic,rwd,full-size,coupe,red,tx
67050,2021.0,chevrolet,suburban,new,8 cylinders,gas,1.0,clean,automatic,4wd,,,,wa
12995,2015.0,toyota,corolla,good,4 cylinders,gas,70643.0,clean,automatic,fwd,compact,sedan,silver,or
8975,2012.0,chevrolet,traverse,,,gas,129598.0,clean,automatic,,,SUV,white,nj
13995,2014.0,nissan,maxima 4dr sdn 3.5 s,,6 cylinders,,76769.0,clean,automatic,fwd,,sedan,silver,co
43999,2018.0,,2018,,,gas,30000.0,clean,automatic,,,,,mt
11999,2018.0,chevrolet,malibu,like new,4 cylinders,gas,51000.0,rebuilt,automatic,fwd,full-size,sedan,silver,ar
3100,2008.0,chrysler,300,salvage,8 cylinders,gas,120000.0,salvage,automatic,rwd,full-size,sedan,black,ca
27294,2014.0,gmc,sierra 3500 hd,good,8 cylinders,diesel,125339.0,clean,automatic,4wd,full-size,truck,white,wy
14997,2019.0,toyota,corolla le fwd gas sedan,,,gas,40224.0,clean,automatic,fwd,,sedan,red,id
11000,2004.0,gmc,sierra 2500hd,good,8 cylinders,gas,202213.0,clean,automatic,4wd,,pickup,black,tx
5800,2011.0,subaru,forester,,,gas,126000.0,salvage,automatic,,,,,nm
11995,2016.0,chevrolet,equinox lt,excellent,4 cylinders,gas,130933.0,clean,automatic,,,,black,ky
3200,2008.0,pontiac,g6,,,gas,142354.0,clean,automatic,,,,,mi
39995,2015.0,ram,2500,,8 cylinders,gas,129018.0,clean,automatic,4wd,,truck,white,co
18500,1929.0,ford,model a,,,gas,29.0,missing,automatic,,,,,wi
16995,2014.0,ford,flex sel awd,like new,6 cylinders,gas,84787.0,clean,automatic,4wd,mid-size,SUV,red,nd
27988,2016.0,chevrolet,silverado 1500,,8 cylinders,gas,62667.0,clean,automatic,4wd,,truck,blue,al
2200,1997.0,,For Ranger XLT,good,6 cylinders,gas,216700.0,clean,automatic,,,,,ca
9998,2011.0,subaru,outback,,,gas,100009.0,clean,automatic,,,SUV,silver,ct
7299,2013.0,kia,soul,,,gas,116752.0,clean,manual,,,other,red,tx
3695,2010.0,nissan,altima,good,4 cylinders,gas,228545.0,clean,automatic,fwd,,sedan,blue,nj
17995,2011.0,,Heartland Northtrail,excellent,other,other,0.0,clean,other,,,,white,fl
7990,2004.0,lincoln,town car,excellent,8 cylinders,gas,63736.0,clean,automatic,rwd,full-size,sedan,blue,nc
39990,2020.0,lexus,is 350 f sport sedan 4d,good,6 cylinders,gas,8820.0,clean,other,rwd,,sedan,white,sc
6995,2008.0,acura,tl type s,,,gas,206000.0,clean,automatic,,,,,il
31692,2019.0,ford,ranger xlt,,,gas,3234.0,clean,automatic,,,,,fl
2990,2006.0,pontiac,torrent awd,,6 cylinders,gas,170334.0,clean,automatic,4wd,,SUV,blue,me
27500,1998.0,ford,f8oo dump truck,excellent,6 cylinders,diesel,139448.0,clean,automatic,rwd,full-size,truck,white,il
3950,2006.0,honda,accord,good,4 cylinders,gas,175000.0,rebuilt,automatic,fwd,full-size,sedan,black,nc
17978,2012.0,ford,f-150,,8 cylinders,gas,174196.0,clean,automatic,4wd,full-size,pickup,silver,al
22990,2012.0,toyota,tacoma access cab pickup,good,,gas,37725.0,clean,other,,,pickup,white,wi
10950,2012.0,chrysler,town & country,good,6 cylinders,other,0.0,clean,automatic,,,mini-van,white,ma
22995,2014.0,infiniti,qx80,excellent,8 cylinders,gas,124696.0,clean,automatic,4wd,,SUV,,ia
41998,2020.0,chevrolet,silverado,,,gas,35772.0,clean,automatic,fwd,,pickup,silver,fl
4999,2011.0,nissan,leaf,,,electric,51000.0,clean,automatic,,,,,ca
36999,2011.0,gmc,sierra 2500hd slt,,8 cylinders,diesel,143936.0,clean,automatic,4wd,,truck,,wa
5900,2009.0,toyota,matrix,excellent,4 cylinders,gas,107000.0,clean,automatic,fwd,,wagon,,ia
23999,2015.0,jeep,wrangler,,,gas,110000.0,clean,automatic,,,,,ca
37990,2020.0,kia,telluride lx sport utility,good,,other,22524.0,clean,other,,,other,black,nm
15000,1966.0,chevrolet,c10 truck,like new,6 cylinders,gas,77000.0,clean,manual,rwd,full-size,truck,blue,al
16999,2006.0,toyota,tacoma double cab,excellent,6 cylinders,gas,183453.0,clean,automatic,4wd,,truck,blue,or
49998,2017.0,chevrolet,silverado,,8 cylinders,gas,40659.0,clean,automatic,4wd,,truck,,mt
32590,2016.0,bmw,4 series 435i coupe 2d,good,,gas,20877.0,clean,other,rwd,,coupe,silver,ma
19999,2018.0,honda,accord sport sedan 4d,excellent,4 cylinders,gas,64866.0,,other,,,other,,ca
25500,2014.0,jeep,wrangler,like new,,gas,96500.0,clean,automatic,,,offroad,black,az
3900,2006.0,toyota,camry,excellent,,gas,119000.0,clean,automatic,,,,,md
24652,2013.0,jeep,wrangler unlimi,,,gas,113739.0,clean,automatic,,,other,silver,tn
6900,2012.0,kia,sorento,,,gas,210352.0,clean,automatic,,,,,mi
9750,2007.0,chrysler,town & country,excellent,6 cylinders,gas,94300.0,clean,automatic,fwd,,mini-van,white,oh
1750,2005.0,nissan,quest 3.5 se,fair,6 cylinders,gas,118767.0,clean,automatic,fwd,full-size,mini-van,silver,ct
36590,2013.0,chevrolet,corvette grand sport,good,,other,79156.0,clean,other,,,other,,ar
59900,2020.0,ford,expedition max,,,gas,29534.0,clean,automatic,4wd,,wagon,white,ia
10995,2013.0,nissan,altima 2.5 sl,excellent,4 cylinders,gas,93524.0,clean,automatic,,,sedan,,ca
9999,2010.0,audi,a5,,,gas,138000.0,clean,manual,,,,,me
4900,2006.0,toyota,camry xle,good,6 cylinders,gas,99000.0,clean,automatic,fwd,,sedan,silver,mi
5499,2002.0,cadillac,deville dhs,,8 cylinders,gas,99988.0,clean,automatic,,,sedan,silver,il
24990,2018.0,chrysler,300 limited sedan 4d,good,6 cylinders,gas,15608.0,clean,other,rwd,,sedan,,ar
16980,2016.0,hyundai,santa fe,,6 cylinders,gas,112259.0,clean,automatic,4wd,,SUV,silver,mt
10750,2014.0,kia,sorento,excellent,4 cylinders,gas,,clean,automatic,fwd,,SUV,black,or
6000,1975.0,pontiac,firebird,fair,8 cylinders,gas,3000.0,clean,automatic,rwd,,,,ny
33999,2020.0,dodge,challenger,like new,8 cylinders,gas,27371.0,clean,automatic,4wd,,,,wa
5995,2008.0,chrysler,300,excellent,6 cylinders,gas,174474.0,clean,automatic,rwd,full-size,sedan,,ny
4000,2008.0,mazda,6,good,4 cylinders,gas,164000.0,clean,automatic,fwd,,sedan,grey,nj
31590,2017.0,jeep,wrangler unlimited sport,good,6 cylinders,gas,30577.0,clean,other,4wd,,other,,mi
9495,2016.0,ford,fusion se fwd,excellent,4 cylinders,gas,118163.0,clean,automatic,fwd,,sedan,blue,wi
3500,2010.0,kia,forte ex,good,4 cylinders,gas,151444.0,clean,automatic,fwd,compact,sedan,black,il
5900,2005.0,chrysler,300c hemi,like new,8 cylinders,gas,110000.0,clean,automatic,4wd,full-size,sedan,silver,ut
7500,2014.0,nissan,sentra,good,4 cylinders,gas,95629.0,clean,automatic,fwd,mid-size,sedan,silver,fl
14000,2016.0,jeep,renegade,,,gas,94536.0,clean,automatic,fwd,,SUV,silver,fl
26900,2017.0,ford,explorer limited 4x4,excellent,6 cylinders,gas,72228.0,clean,automatic,4wd,,SUV,black,pa
11000,2010.0,infiniti,g37,excellent,,gas,100000.0,clean,automatic,,compact,sedan,silver,nd
19985,2012.0,mercedes-benz,s-class,excellent,,gas,127490.0,clean,automatic,4wd,,sedan,white,ca
41995,2017.0,ford,f250 super duty crew cab,,8 cylinders,diesel,117005.0,clean,automatic,,,pickup,white,tx
6450,1985.0,honda,accord,,,gas,59000.0,clean,automatic,,,,,ct
45990,,,des-Benz E-Class,,6 cylinders,gas,38165.0,clean,automatic,,,coupe,red,al
27400,2001.0,lexus,lx 470,,8 cylinders,gas,169000.0,clean,automatic,4wd,,SUV,brown,ga
6495,2010.0,ford,explorer,,,gas,145500.0,clean,automatic,fwd,,SUV,red,va
79500,2012.0,porsche,911,,,gas,89000.0,clean,automatic,,,,blue,ca
8845,2013.0,buick,encore,excellent,,gas,98546.0,clean,automatic,fwd,,,,wa
30590,2020.0,ford,ranger supercab xl pickup,good,,gas,10740.0,clean,other,,,pickup,,co
16997,2016.0,jeep,renegade limited bad credit,like new,,gas,43000.0,clean,automatic,4wd,,SUV,blue,ca
23900,2016.0,ford,f-250 4wd one owner very clean truck,excellent,8 cylinders,gas,163677.0,clean,automatic,4wd,full-size,truck,white,il
27990,2012.0,gmc,sierra 2500 hd extended cab,good,8 cylinders,gas,68696.0,clean,other,4wd,,pickup,black,tn
2000,2008.0,chevrolet,hhr,good,4 cylinders,gas,178000.0,clean,automatic,fwd,mid-size,,silver,fl
3995,2014.0,chevrolet,cruze,,,gas,216637.0,clean,automatic,,,,,mi
17495,2017.0,nissan,rogue sport,,4 cylinders,gas,43127.0,rebuilt,automatic,4wd,mid-size,SUV,black,ma
33990,2020.0,lexus,ux 250h sport utility 4d,good,,other,5329.0,clean,other,,,hatchback,red,az
1595,1995.0,toyota,camry dx,,4 cylinders,gas,248328.0,clean,automatic,fwd,,sedan,custom,co
16900,2016.0,ford,explorer xlt,like new,6 cylinders,gas,48000.0,rebuilt,automatic,fwd,mid-size,SUV,green,tx
3000,2001.0,bmw,540i,good,8 cylinders,gas,148000.0,clean,automatic,rwd,mid-size,sedan,silver,ny
22699,2014.0,jeep,wrangler,,,gas,110493.0,clean,,4wd,,SUV,white,pa
17998,2015.0,lincoln,mkc select suv,excellent,4 cylinders,gas,60581.0,clean,automatic,fwd,mid-size,SUV,white,id
21200,2020.0,kia,sportage lx,good,,gas,22305.0,clean,automatic,,,other,,ca
18590,2012.0,audi,a6 3.0t quattro premium,good,6 cylinders,gas,86356.0,clean,automatic,,,sedan,black,ny
15995,2006.0,jeep,wrangler sport sport 2dr suv,,6 cylinders,gas,106952.0,clean,manual,4wd,,SUV,black,or
26995,2017.0,ram,1500,,,other,96010.0,clean,automatic,4wd,,pickup,white,ak
8995,2013.0,bmw,328i,excellent,4 cylinders,gas,130500.0,clean,automatic,fwd,,sedan,,ga
27995,2011.0,ford,f-350 sd lariat crew cab 4x,,,other,170475.0,clean,automatic,4wd,,other,red,pa
6988,2012.0,chevrolet,malibu,like new,4 cylinders,gas,128017.0,clean,automatic,fwd,,sedan,white,mn
18000,2012.0,,freightliner cascadia,good,,diesel,780000.0,clean,manual,,,truck,white,pa
52990,2018.0,lincoln,navigator premiere sport,good,6 cylinders,gas,29995.0,clean,other,,,SUV,black,sc
29990,2016.0,ford,mustang gt coupe 2d,good,8 cylinders,gas,19374.0,clean,automatic,rwd,,coupe,red,ca
17990,2017.0,toyota,prius,excellent,4 cylinders,gas,54505.0,clean,automatic,fwd,,hatchback,,fl
30950,2018.0,chevrolet,2500hd,,8 cylinders,gas,148000.0,clean,automatic,rwd,full-size,pickup,white,la
12999,2008.0,chevrolet,silverado 1500,excellent,8 cylinders,gas,186533.0,clean,automatic,4wd,full-size,truck,silver,az
29590,2017.0,lincoln,continental select sedan,good,6 cylinders,gas,34116.0,clean,other,,,sedan,white,mi
24991,2020.0,nissan,altima 2.5 sl,good,,gas,5091.0,clean,automatic,,,sedan,silver,id
4800,2010.0,nissan,altima 2.5 s,excellent,4 cylinders,gas,128150.0,clean,automatic,fwd,full-size,sedan,blue,nc
19990,2008.0,ford,super duty f-350 srw,good,8 cylinders,gas,107040.0,clean,automatic,4wd,,,white,ks
20590,2015.0,volkswagen,eos komfort,good,,gas,43470.0,clean,automatic,fwd,,convertible,black,ny
39995,2016.0,toyota,4runner limited,like new,6 cylinders,gas,77052.0,clean,automatic,4wd,full-size,SUV,white,ak
4999,2006.0,honda,odyssey,like new,6 cylinders,gas,104423.0,clean,automatic,fwd,,mini-van,,wi
11995,2014.0,audi,a4 2.0t premium plus,like new,4 cylinders,gas,150000.0,clean,automatic,4wd,,sedan,grey,nh
32999,2012.0,chevrolet,2500,,,diesel,186676.0,clean,automatic,,,,,tx
32000,2021.0,kia,telluride,like new,6 cylinders,gas,2000.0,salvage,automatic,,full-size,SUV,white,ca
3777,2004.0,honda,pilot,,,gas,242242.0,clean,automatic,,,SUV,,va
5990,2004.0,honda,element ex 4wd at w/ front side airbags,,,,219220.0,,automatic,4wd,,SUV,orange,ca
3499,2002.0,chevrolet,trailblazer,good,,gas,224000.0,clean,automatic,,,,,ca
14990,2011.0,ford,f-150 xlt,excellent,6 cylinders,gas,115811.0,clean,automatic,4wd,full-size,pickup,red,mn
4950,2006.0,ford,expedition,excellent,,gas,261835.0,clean,automatic,4wd,,,blue,mn
9950,1999.0,gmc,c7500,good,6 cylinders,diesel,188591.0,clean,manual,rwd,full-size,truck,white,mn
18900,2014.0,jeep,grand cherokee,,,gas,0.0,clean,automatic,4wd,,,,nh
25590,2018.0,nissan,pathfinder sv sport,good,6 cylinders,gas,25934.0,clean,other,4wd,,other,black,ks
2495,1999.0,buick,century custom,fair,6 cylinders,gas,129672.0,clean,automatic,fwd,mid-size,sedan,brown,wi
31900,2014.0,jeep,wrangler,,,other,78060.0,clean,other,,,,,tx
22995,2015.0,ford,expedition,,,gas,108174.0,clean,automatic,,,,,mi
31590,2019.0,mazda,mx-5 miata rf grand,good,,gas,8789.0,clean,other,rwd,,other,,mi
38590,2011.0,chevrolet,corvette grand sport,good,8 cylinders,gas,30237.0,clean,other,rwd,,other,red,al
28590,2019.0,lincoln,mkz reserve i sedan 4d,good,,other,9460.0,clean,other,,,sedan,white,ca
30950,2018.0,bmw,x1 xdrive28i,excellent,4 cylinders,gas,18835.0,clean,automatic,4wd,compact,SUV,custom,nm
10995,2010.0,ford,f150 supercrew cab,good,8 cylinders,gas,133000.0,clean,automatic,rwd,full-size,truck,black,vt
36990,2013.0,mercedes-benz,c-class c 63 amg,good,8 cylinders,gas,60708.0,clean,automatic,rwd,,sedan,black,nc
33990,2007.0,,Hino 268,good,6 cylinders,diesel,161693.0,clean,automatic,rwd,full-size,truck,red,md
6900,2014.0,chevrolet,impala limited,excellent,6 cylinders,gas,126931.0,clean,automatic,fwd,full-size,sedan,silver,ca
21990,2011.0,ford,ranger super cab xlt pickup,good,6 cylinders,gas,32652.0,clean,other,,,pickup,,ct
14995,2012.0,honda,ridgeline,,,gas,134472.0,clean,automatic,,,pickup,black,nj
30590,2020.0,ford,ranger supercab xl pickup,good,,gas,10740.0,clean,other,,,pickup,,ca
17900,2014.0,ford,f150 4x4,excellent,8 cylinders,gas,141000.0,clean,automatic,4wd,full-size,pickup,white,il
23590,2017.0,bmw,2 series 230i coupe 2d,good,,gas,33415.0,clean,automatic,rwd,,coupe,black,nc
9989,2014.0,hyundai,sonata hybrid,,4 cylinders,hybrid,111923.0,clean,automatic,fwd,mid-size,sedan,black,tx
6950,1994.0,jeep,wrangler,excellent,4 cylinders,gas,160000.0,clean,manual,4wd,full-size,,green,al
3000,2003.0,ford,escape xlt 4x4,,6 cylinders,gas,228000.0,clean,automatic,rwd,,sedan,grey,ca
4995,2007.0,nissan,versa 1.8 s,,4 cylinders,gas,128824.0,clean,automatic,fwd,,hatchback,blue,co
20111,2012.0,dodge,challenger,,,gas,82385.0,clean,automatic,rwd,,coupe,white,fl
35653,2015.0,chevrolet,silverado 1500,,,gas,72185.0,clean,automatic,4wd,,pickup,,il
11995,2004.0,ram,1500 slt 4dr quad cab slt,,8 cylinders,gas,149935.0,clean,automatic,4wd,,pickup,red,id
65000,2018.0,ford,f-150,,,gas,6701.0,clean,automatic,,,,,ca
22999,2015.0,ford,f-150,like new,6 cylinders,gas,55000.0,clean,automatic,rwd,full-size,truck,grey,ca
7900,2000.0,jeep,wrangler sahara,good,6 cylinders,gas,101000.0,lien,automatic,4wd,,,black,de
60000,2018.0,dodge,charger,excellent,,gas,16600.0,lien,automatic,,,,purple,ca
35990,2020.0,dodge,challenger r/t coupe 2d,good,8 cylinders,gas,1548.0,clean,other,rwd,,coupe,black,az
26990,2020.0,subaru,crosstrek limited sport,good,,other,6082.0,clean,other,,,hatchback,silver,ca
13900,2002.0,,CHEVU 3500 DIESEL,excellent,8 cylinders,diesel,177000.0,clean,automatic,rwd,full-size,truck,red,fl
12495,2013.0,toyota,scion fr-s,,,gas,119443.0,clean,automatic,,sub-compact,coupe,silver,va
45777,2016.0,ford,f350,excellent,8 cylinders,diesel,73829.0,clean,automatic,rwd,,,white,tx
6950,2012.0,toyota,corolla,excellent,4 cylinders,gas,128249.0,clean,automatic,fwd,,sedan,white,ca
2995,2002.0,subaru,forester,good,,gas,136546.0,clean,automatic,,,,,nc
6999,2004.0,chevrolet,colorado,excellent,,gas,112353.0,clean,automatic,rwd,,pickup,silver,il
5995,2012.0,ford,fusion,excellent,6 cylinders,gas,136653.0,clean,automatic,fwd,,sedan,grey,oh
1895,2007.0,toyota,sienna,good,6 cylinders,gas,177816.0,clean,automatic,fwd,mid-size,mini-van,custom,az
1700,2006.0,honda,odyssey,,,gas,1.0,clean,automatic,,,mini-van,,il
4500,2009.0,honda,accord,good,,gas,155000.0,clean,automatic,fwd,full-size,sedan,green,ct
32590,2015.0,mercedes-benz,gla-class gla 45,good,,gas,34811.0,clean,other,,,other,black,fl
7000,1998.0,gmc,sierra 1500,fair,8 cylinders,gas,180000.0,clean,automatic,rwd,full-size,truck,black,az
19950,2014.0,mercedes-benz,glk350 4matic awd,,,gas,75328.0,clean,automatic,,,,,wi
3495,2002.0,ford,explorer sport,,,gas,141013.0,clean,automatic,4wd,,,black,mn
32990,2009.0,ford,f-350 4x4 service utility,good,10 cylinders,gas,46900.0,clean,automatic,4wd,full-size,truck,white,ca
6900,2006.0,honda,pilot ex-l,like new,6 cylinders,gas,192808.0,clean,automatic,,,SUV,black,fl
24590,2019.0,chrysler,300 touring l sedan 4d,good,6 cylinders,gas,15557.0,clean,other,rwd,,sedan,black,tn
71245,2020.0,toyota,sienna xle ny,excellent,6 cylinders,gas,2.0,,automatic,,,van,,fl
2900,2005.0,ford,escape,,,gas,121470.0,clean,automatic,,,,,nh
7500,1973.0,buick,electra 225,,,gas,173000.0,clean,automatic,,,,,ia
11695,2016.0,honda,accord,,,gas,113969.0,clean,automatic,fwd,,sedan,black,nj
8995,2011.0,toyota,prius hybrid,good,4 cylinders,hybrid,111096.0,clean,automatic,fwd,sub-compact,hatchback,grey,or
21995,2005.0,lexus,gx 470,excellent,8 cylinders,gas,154643.0,clean,automatic,4wd,mid-size,SUV,blue,ca
7995,2005.0,honda,element,excellent,4 cylinders,gas,201265.0,clean,automatic,,full-size,SUV,red,ca
10900,2010.0,honda,accord crosstour,excellent,6 cylinders,gas,117057.0,clean,automatic,fwd,full-size,SUV,blue,nc
13500,1966.0,,1966 doge dart gt,good,8 cylinders,gas,59000.0,clean,automatic,rwd,mid-size,,red,ct
14000,1974.0,,AMC Matador,excellent,8 cylinders,gas,80000.0,clean,automatic,rwd,full-size,coupe,blue,ca
6970,2008.0,ford,f250 super duty,,,gas,242990.0,clean,automatic,,,,,ga
4995,2006.0,buick,lacrosse,,,gas,113884.0,clean,automatic,,,sedan,white,ok
13995,2014.0,chevrolet,silverado 1500,,,gas,207223.0,clean,automatic,,,,,mi
20590,2020.0,kia,soul gt-line wagon 4d,good,,gas,8512.0,clean,other,fwd,,wagon,white,ma
12899,2013.0,honda,cr-v,,4 cylinders,gas,97850.0,clean,automatic,,,SUV,black,tx
10995,2005.0,toyota,4runner sr5 sport,like new,6 cylinders,gas,172000.0,clean,automatic,rwd,full-size,SUV,silver,ca
8999,2018.0,kia,forte lx,excellent,4 cylinders,gas,89000.0,clean,automatic,,,sedan,,ca
25999,2020.0,volkswagen,tiguan,,4 cylinders,gas,13343.0,clean,automatic,4wd,,SUV,black,id
28388,2020.0,nissan,leaf,excellent,,electric,1891.0,clean,automatic,fwd,,hatchback,blue,id
12500,2017.0,jeep,patriot sport,excellent,4 cylinders,gas,77000.0,lien,automatic,4wd,full-size,SUV,silver,sd
6500,2010.0,nissan,murano,,6 cylinders,gas,151169.0,clean,other,4wd,,SUV,,nj
18590,2013.0,mini,roadster cooper s 2d,good,,other,28493.0,clean,other,fwd,,other,blue,ny
15995,2014.0,ford,explorer xlt,,6 cylinders,gas,104198.0,clean,automatic,fwd,,SUV,white,az
6698,2010.0,honda,civic sedan,excellent,4 cylinders,gas,121000.0,clean,automatic,fwd,sub-compact,sedan,grey,ok
32590,2016.0,subaru,wrx sti sedan 4d,good,,other,21195.0,clean,other,,,sedan,white,ar
28694,2014.0,ram,1500,like new,6 cylinders,diesel,119479.0,clean,automatic,4wd,full-size,truck,grey,mi
12495,2014.0,ford,escape titanium,excellent,4 cylinders,gas,96857.0,clean,automatic,,,SUV,,ca
29000,1937.0,ford,sedan,like new,8 cylinders,gas,26000.0,clean,automatic,rwd,full-size,sedan,blue,ca
11613,2011.0,honda,cr-v ex-l,good,,other,122137.0,clean,automatic,,,SUV,black,co
7000,1999.0,cadillac,eldorado,,,gas,55500.0,clean,automatic,,,,,ca
37590,2018.0,audi,a5 premium plus sedan 4d,good,,other,13504.0,clean,other,,,sedan,white,ny
39990,2016.0,bmw,x5m,like new,8 cylinders,gas,93000.0,clean,automatic,4wd,,,,pa
13800,2012.0,hyundai,genesis 5.0 r-spec,excellent,8 cylinders,gas,50772.0,clean,automatic,rwd,,sedan,silver,ct
8750,2017.0,hyundai,veloster hi brother,good,4 cylinders,gas,109000.0,clean,automatic,fwd,mid-size,hatchback,white,dc
27990,2011.0,ford,f-750,good,6 cylinders,diesel,123622.0,clean,automatic,rwd,full-size,truck,white,la
4999,2009.0,hyundai,sonata,,,gas,147972.0,clean,automatic,,full-size,sedan,black,ky
10500,2013.0,bmw,528i,,,gas,74300.0,rebuilt,automatic,,,,,hi
46998,2020.0,dodge,challenger,,8 cylinders,gas,3187.0,clean,automatic,rwd,mid-size,coupe,custom,oh
15999,2018.0,mitsubishi,outlander sport 2.0 le 4wd cvt,,,,59435.0,,other,4wd,,SUV,,wa
9995,2002.0,ford,f150 4x4,,,gas,218252.0,clean,automatic,4wd,,,,ca
10200,2009.0,toyota,camry hybrid,,4 cylinders,hybrid,68169.0,clean,automatic,fwd,,sedan,,va
59999,2016.0,ford,f350 powerstroke lariat,,,diesel,59149.0,clean,automatic,4wd,,truck,white,wa
36988,2016.0,ford,f-150,,6 cylinders,gas,73553.0,clean,automatic,4wd,,truck,white,mi
10900,1997.0,ford,f350,excellent,8 cylinders,gas,68000.0,clean,automatic,4wd,full-size,pickup,white,mn
20000,1963.0,chevrolet,ii nova ss,excellent,8 cylinders,gas,28000.0,clean,automatic,rwd,mid-size,coupe,grey,ar
18500,2017.0,volvo,xc60,,4 cylinders,gas,55216.0,clean,automatic,4wd,mid-size,SUV,white,tn
9800,2007.0,infiniti,fx35,excellent,6 cylinders,gas,123000.0,clean,automatic,4wd,,SUV,grey,ny
3995,2008.0,hyundai,elantra,,,gas,162000.0,clean,automatic,fwd,,,,pa
6950,2009.0,nissan,murano sl,excellent,6 cylinders,gas,116000.0,clean,automatic,fwd,,,silver,pa
2500,2008.0,gmc,canyon,excellent,8 cylinders,gas,105000.0,clean,automatic,rwd,,truck,blue,wa
386,2011.0,chevrolet,silverado 1500 lt,,8 cylinders,gas,75326.0,clean,automatic,rwd,,,,or
7327,2013.0,ford,fusion se,excellent,4 cylinders,gas,152967.0,,automatic,,,sedan,,mi
20700,2017.0,nissan,pathfinder sl automatic,,,gas,0.0,clean,automatic,4wd,,SUV,white,tx
11995,2013.0,ram,1500,,,gas,164723.0,clean,automatic,,,,,mi
13500,2006.0,ford,f350,excellent,8 cylinders,diesel,112000.0,clean,automatic,rwd,,,white,az
2500,2004.0,jeep,liberty,fair,6 cylinders,gas,204000.0,clean,automatic,4wd,mid-size,SUV,black,mo
6995,2015.0,chevrolet,cruze,,,gas,142500.0,clean,manual,,,sedan,black,dc
7999,2011.0,ford,fusion se,excellent,4 cylinders,gas,116000.0,clean,automatic,fwd,,sedan,blue,tx
6995,2011.0,honda,,,,gas,111000.0,clean,automatic,,,,,nj
19950,1996.0,ford,super duty f-250,excellent,,diesel,206620.0,clean,automatic,4wd,,pickup,white,ca
551,2021.0,mitsubishi,outlander phev le,excellent,4 cylinders,gas,5.0,,automatic,4wd,,SUV,,wa
47590,2020.0,rover,range evoque p250 se,good,,other,7940.0,clean,other,,,other,silver,tx
8495,2011.0,ford,edge sel,excellent,6 cylinders,gas,129000.0,clean,automatic,fwd,mid-size,SUV,red,wi
9900,2016.0,,Scion iA,,,gas,107941.0,clean,automatic,fwd,,sedan,red,ky
18990,2020.0,chevrolet,spark activ hatchback,good,,gas,6395.0,clean,other,fwd,,hatchback,black,fl
5995,2012.0,toyota,prius,excellent,4 cylinders,hybrid,185857.0,clean,automatic,fwd,mid-size,hatchback,silver,ny
7000,2012.0,nissan,rogue,good,,gas,161032.0,clean,automatic,,,,,mn
14990,2013.0,fiat,500 abarth hatchback 2d,good,,gas,31207.0,clean,other,fwd,,hatchback,,wi
7980,2015.0,kia,soul,excellent,4 cylinders,gas,129755.0,clean,automatic,fwd,compact,SUV,grey,sc
7995,2009.0,honda,crv cr-v 4wd,,4 cylinders,gas,156486.0,clean,automatic,4wd,mid-size,SUV,blue,ca
38590,2018.0,audi,s5 premium plus sedan 4d,good,6 cylinders,gas,41846.0,clean,automatic,,,sedan,black,pa
29995,2015.0,gmc,yukon,,,gas,120920.0,clean,automatic,4wd,,SUV,white,dc
14700,2015.0,honda,cr-v ex-l,excellent,4 cylinders,gas,70672.0,salvage,automatic,4wd,compact,SUV,brown,wv
8000,2002.0,jeep,wrangler,good,4 cylinders,gas,93000.0,clean,manual,4wd,compact,SUV,custom,md
8995,2014.0,ford,escape,,,gas,102790.0,clean,automatic,fwd,,SUV,,va
16495,2011.0,ford,f-150 xlt,excellent,6 cylinders,gas,999.0,clean,automatic,rwd,,truck,,tx
14590,2014.0,toyota,prius one hatchback 4d,good,,other,89981.0,clean,automatic,fwd,,hatchback,white,va
33925,2017.0,chevrolet,silverado lt 1500,,,gas,1.0,clean,automatic,,,,,nc
21990,2016.0,mazda,mx-5 miata club,good,,other,41251.0,clean,other,rwd,,convertible,white,va
3500,2009.0,cadillac,cts,good,6 cylinders,gas,132000.0,clean,automatic,fwd,full-size,sedan,silver,ca
49990,2015.0,,Hino 268,good,6 cylinders,diesel,203867.0,clean,automatic,rwd,,,white,md
11900,2012.0,bmw,x3,,,gas,94000.0,clean,automatic,,,,,tx
31590,2017.0,jeep,wrangler unlimited sport,good,6 cylinders,gas,30577.0,clean,other,4wd,,other,,ca
34799,2016.0,ram,1500,,6 cylinders,gas,40638.0,clean,automatic,4wd,,truck,,or
2300,2001.0,,oldmobile alero,good,6 cylinders,gas,200000.0,clean,automatic,fwd,full-size,sedan,silver,la
9500,2008.0,chevrolet,silverado 1500,,,gas,150000.0,clean,automatic,,,,,tx
26990,2014.0,chevrolet,silverado 1500 crew,good,6 cylinders,gas,63129.0,clean,automatic,,,pickup,black,pa
22900,2019.0,ford,mustang ecoboost,excellent,,gas,22000.0,clean,automatic,,,,red,mi
5799,2004.0,chevrolet,trailblazer ls,,,gas,163060.0,clean,automatic,,,,,ga
19998,2016.0,mercedes-benz,c-class,,4 cylinders,gas,52776.0,clean,automatic,rwd,compact,sedan,silver,va
6999,1999.0,dodge,dakota,,,gas,149604.0,clean,manual,fwd,,pickup,white,nc
16991,2017.0,honda,civic lx sedan 4d automatic,,,gas,36765.0,clean,automatic,fwd,,sedan,grey,ca
21590,2016.0,acura,rdx sport utility 4d,good,,other,37793.0,clean,automatic,fwd,,SUV,,ny
28990,2016.0,toyota,4runner sr5 sport utility,good,6 cylinders,gas,65448.0,clean,other,,,other,,ma
7999,2017.0,honda,fit,excellent,4 cylinders,gas,34178.0,clean,automatic,rwd,,hatchback,grey,tx
5995,2013.0,dodge,grand caravan,,,gas,120000.0,clean,automatic,,,,,fl
18590,2017.0,jeep,renegade latitude sport,good,,other,26337.0,clean,other,,,other,orange,tn
12300,2012.0,toyota,rav4,excellent,,gas,135123.0,clean,automatic,4wd,,SUV,blue,ky
25291,2018.0,volkswagen,tiguan,,4 cylinders,gas,16877.0,clean,automatic,fwd,,SUV,orange,hi
4200,2003.0,volkswagen,gti,excellent,,gas,176600.0,clean,automatic,fwd,,,,ri
21591,2016.0,audi,a3 e-tron,,,hybrid,38561.0,clean,automatic,fwd,,hatchback,,il
15990,2015.0,volkswagen,tiguan,,4 cylinders,gas,63535.0,clean,automatic,fwd,,SUV,white,tx
15999,2015.0,chevrolet,malibu lt,excellent,4 cylinders,gas,75113.0,clean,automatic,,,sedan,,nc
22995,2004.0,chevrolet,corvette,,8 cylinders,gas,40896.0,clean,automatic,rwd,,convertible,blue,az
3500,2010.0,kia,forte,excellent,,gas,179000.0,clean,automatic,,,,,nj
9995,2015.0,nissan,rogue sv,,,gas,136000.0,clean,automatic,fwd,,,,ar
7952,2017.0,kia,rio,,4 cylinders,gas,94987.0,clean,manual,fwd,compact,sedan,silver,co
5995,2005.0,nissan,sentra,,,gas,124269.0,clean,automatic,fwd,,sedan,,or
46910,2014.0,chevrolet,corvette stingray,,,gas,29000.0,clean,automatic,rwd,,,,mo
9995,2014.0,kia,sportage ex,excellent,4 cylinders,gas,120000.0,clean,automatic,fwd,mid-size,SUV,blue,mi
4850,2006.0,ford,escape,,,gas,143530.0,clean,automatic,fwd,,SUV,,va
27950,2014.0,ram,1500,,,gas,78370.0,clean,automatic,4wd,,pickup,,co
10000,1930.0,ford,model a convertable,good,4 cylinders,gas,99999.0,clean,manual,rwd,,convertible,,ma
8900,2012.0,hyundai,veracruz limited,like new,6 cylinders,gas,129125.0,clean,automatic,4wd,full-size,SUV,white,ca
3000,1999.0,chevrolet,astro van,good,6 cylinders,gas,140000.0,clean,automatic,,full-size,van,white,fl
56995,2016.0,ram,2500,,,other,42533.0,clean,automatic,4wd,,pickup,white,tx
8450,2014.0,chevrolet,malibu,,,gas,132232.0,clean,automatic,,,,,oh
16990,2017.0,ram,pickup 1500 express quad cab,,6 cylinders,other,128122.0,clean,automatic,rwd,,other,white,ca
8900,2010.0,mercury,mountaineer,,,gas,155953.0,clean,automatic,,,SUV,silver,oh
11989,2017.0,jeep,patriot,,4 cylinders,gas,68171.0,clean,automatic,fwd,compact,SUV,red,md
3700,2005.0,ford,five hundred,,,gas,152000.0,salvage,automatic,,,,,md
17990,2016.0,toyota,corolla le premium sedan,good,,gas,27951.0,clean,other,fwd,,sedan,green,tx
38850,2008.0,,Bentley Continental Flying Spur,good,12 cylinders,gas,49533.0,clean,automatic,,,sedan,,wa
54203,2017.0,cadillac,escalade 4wd 4dr luxury,good,8 cylinders,gas,32673.0,clean,automatic,4wd,,hatchback,black,il
13995,2017.0,ford,fusion,excellent,4 cylinders,gas,61000.0,clean,automatic,,,,,va
22590,2013.0,ford,f150 super cab xl pickup 4d,good,6 cylinders,other,14169.0,clean,other,,,pickup,silver,la
6000,2009.0,toyota,yaris,excellent,4 cylinders,gas,74600.0,clean,automatic,fwd,compact,hatchback,blue,mo
4999,2011.0,chevrolet,hhr lt,excellent,4 cylinders,gas,131975.0,clean,automatic,fwd,compact,wagon,grey,ca
6840,2014.0,,Smart fortwo electric drive,,,electric,31127.0,clean,automatic,rwd,sub-compact,hatchback,black,ca
1100,1973.0,jaguar,xj,fair,8 cylinders,gas,16083.0,clean,automatic,rwd,,,blue,ca
32990,2019.0,volkswagen,atlas se 4motion,good,6 cylinders,gas,3896.0,clean,other,,,other,silver,nj
3999,2002.0,lincoln,ls,excellent,8 cylinders,gas,141615.0,clean,automatic,rwd,,,black,sd
26500,2009.0,porsche,cayman,,6 cylinders,gas,93000.0,clean,automatic,rwd,,,black,az
24990,2020.0,hyundai,santa fe 2.4 sel sport,good,,other,11741.0,clean,other,,,SUV,blue,tn
23697,2017.0,chrysler,300,,,gas,46136.0,clean,automatic,,,,,mo
24590,2013.0,gmc,sierra 1500 extended cab slt,good,8 cylinders,other,80318.0,clean,other,,,pickup,,in
7595,2009.0,ford,focus se,good,4 cylinders,gas,101149.0,clean,other,fwd,,sedan,red,wa
16981,2014.0,bmw,5 series,good,4 cylinders,gas,65121.0,clean,automatic,4wd,,sedan,white,wi
6299,2012.0,dodge,grand caravan sxt,excellent,6 cylinders,gas,135000.0,clean,automatic,fwd,,mini-van,white,ca
4500,2003.0,volkswagen,passat,,,gas,48000.0,rebuilt,automatic,,,,,ny
21950,2013.0,chevrolet,silverado 2500hd,,8 cylinders,diesel,266900.0,clean,automatic,4wd,full-size,pickup,white,wi
14990,2016.0,,Scion iM Hatchback 4D,good,,gas,65203.0,clean,other,fwd,,hatchback,red,oh
8495,1999.0,dodge,grand caravan sxt,,,gas,138876.0,clean,automatic,,,,,pa
18890,2013.0,ford,f-150,excellent,6 cylinders,gas,117546.0,clean,automatic,rwd,full-size,pickup,silver,fl
6995,2011.0,toyota,prius hybrid,excellent,4 cylinders,gas,113416.0,clean,automatic,fwd,,hatchback,,ny
17900,2012.0,ford,f250,,,gas,161000.0,clean,automatic,,,,,al
6995,2013.0,nissan,sentra,,4 cylinders,gas,118164.0,clean,automatic,fwd,,sedan,grey,oh
11999,2013.0,honda,civic,,,gas,157945.0,clean,manual,fwd,compact,sedan,red,nc
31995,2018.0,mercedes-benz,e-class,excellent,4 cylinders,gas,39556.0,clean,automatic,rwd,full-size,sedan,grey,ca
7500,1985.0,chevrolet,corvette,excellent,8 cylinders,gas,79000.0,clean,automatic,fwd,mid-size,sedan,red,tx
6900,2006.0,jeep,grand cherokee,excellent,6 cylinders,gas,53000.0,clean,automatic,4wd,mid-size,SUV,silver,vt
13495,2000.0,ford,f-250,,10 cylinders,gas,108525.0,clean,automatic,4wd,,,white,id
43990,2020.0,acura,mdx sh-awd w/technology,good,6 cylinders,gas,1944.0,clean,other,,,SUV,silver,mi
18712,2018.0,honda,civic,,4 cylinders,gas,42837.0,clean,automatic,fwd,mid-size,sedan,silver,ca
14794,2013.0,subaru,outback,,6 cylinders,gas,121523.0,clean,automatic,,,wagon,white,or
12995,2013.0,toyota,prius,excellent,,other,67567.0,clean,automatic,fwd,,,blue,ca
25950,2012.0,chevrolet,silverado,,,gas,91933.0,clean,automatic,4wd,,pickup,,co
11495,2015.0,jeep,patriot,good,4 cylinders,gas,96984.0,clean,automatic,4wd,full-size,SUV,silver,nh
10810,2014.0,mercedes-benz,c-class,,4 cylinders,gas,124476.0,clean,automatic,rwd,sub-compact,coupe,white,va
7999,2012.0,ford,focus,,4 cylinders,gas,138536.0,clean,automatic,fwd,,sedan,,ca
18900,2016.0,bmw,428i,,,gas,149875.0,clean,automatic,,,,,ar
11999,2011.0,mini,hardtop,,,gas,84444.0,clean,automatic,,sub-compact,hatchback,red,id
20990,2020.0,toyota,corolla le sedan 4d,good,,gas,4905.0,clean,other,fwd,,sedan,white,oh
29998,2017.0,mercedes-benz,glc,excellent,,gas,,clean,automatic,rwd,,SUV,,ca
10500,2001.0,bmw,325 ci,excellent,6 cylinders,gas,64000.0,clean,automatic,rwd,,convertible,red,ky
27590,2019.0,ram,1500 classic regular cab,good,,other,41403.0,clean,other,,,pickup,white,il
3999,2001.0,acura,mdx,,,gas,192000.0,clean,automatic,,,,,va
6900,2013.0,hyundai,sonata gls 4dr sedan,,4 cylinders,gas,115005.0,clean,automatic,,,sedan,white,mn
5999,2011.0,volkswagen,jetta se sedan 4d,excellent,5 cylinders,gas,116368.0,,automatic,,,sedan,,wa
33998,2015.0,ram,1500,,8 cylinders,gas,53904.0,clean,automatic,4wd,,truck,,mt
20995,2010.0,toyota,tundra,good,8 cylinders,gas,153475.0,clean,automatic,rwd,full-size,truck,silver,ca
34998,2016.0,bmw,740i,,,gas,65465.0,clean,automatic,,full-size,sedan,white,ca
19995,2011.0,chevrolet,silverado,,,gas,121815.0,clean,automatic,fwd,,pickup,black,ca
7495,2014.0,subaru,legacy,,4 cylinders,gas,117500.0,clean,automatic,4wd,,sedan,silver,ct
9900,2013.0,volkswagen,tiguan,excellent,4 cylinders,gas,108243.0,clean,automatic,fwd,full-size,SUV,black,fl
19995,2001.0,gmc,c8500 tandem dump truck,,6 cylinders,,145611.0,,manual,,,,,nc
85480,2020.0,dodge,challenger,,8 cylinders,gas,813.0,clean,automatic,rwd,,coupe,grey,ma
4495,2007.0,jaguar,x-type,excellent,6 cylinders,gas,113000.0,clean,automatic,fwd,compact,sedan,grey,ma
11890,2014.0,nissan,pathfinder,excellent,6 cylinders,gas,149769.0,clean,automatic,4wd,,,,ma
13900,2015.0,volkswagen,golf gti s,excellent,4 cylinders,gas,97354.0,clean,automatic,fwd,full-size,hatchback,grey,nj
2795,2004.0,subaru,outback l.l. bean edition,good,6 cylinders,gas,156743.0,clean,automatic,4wd,mid-size,wagon,black,pa
22577,2017.0,honda,pilot,,,gas,57415.0,clean,automatic,,,,silver,nj
36000,2020.0,jeep,grand cherokee,excellent,6 cylinders,gas,20500.0,clean,automatic,4wd,,,grey,mi
12500,2014.0,dodge,grand caravan,excellent,6 cylinders,gas,89275.0,clean,automatic,fwd,,mini-van,blue,ia
21795,2014.0,gmc,sierra 1500,good,8 cylinders,gas,125951.0,clean,automatic,4wd,full-size,truck,blue,vt
37590,2019.0,ford,f150 supercrew cab xl,good,6 cylinders,gas,8663.0,clean,other,,,pickup,,nc
13995,2009.0,ford,f250 super duty,,,gas,197757.0,clean,automatic,,,,,mi
29950,2015.0,ford,f-150,excellent,6 cylinders,gas,165182.0,clean,automatic,4wd,full-size,truck,black,mo
5999,2007.0,dodge,caravan se,excellent,4 cylinders,gas,77236.0,clean,automatic,,,van,,ca
12500,1997.0,chevrolet,silverado 1500,good,8 cylinders,gas,88800.0,clean,automatic,rwd,full-size,pickup,green,pa
17000,2003.0,ram,2500,excellent,,diesel,174645.0,clean,automatic,,,truck,white,wa
22990,2018.0,chevrolet,colorado extended cab,good,,gas,51275.0,clean,other,,,pickup,black,az
46094,2005.0,ford,f-650,,,diesel,42973.0,clean,,fwd,,truck,,co
22998,2017.0,buick,lacrosse,,6 cylinders,gas,47817.0,clean,automatic,fwd,,sedan,,mt
49990,2019.0,toyota,4runner trd pro sport,good,6 cylinders,gas,25164.0,clean,other,4wd,,SUV,blue,wi
18950,2007.0,ram,3500,good,6 cylinders,diesel,509480.0,clean,automatic,4wd,full-size,truck,red,sd
57995,2015.0,gmc,sierra 2500hd available wifi,,8 cylinders,diesel,68080.0,clean,automatic,4wd,,,silver,co
10000,1951.0,chevrolet,,good,8 cylinders,gas,10000.0,clean,automatic,4wd,full-size,pickup,purple,nm
9995,2015.0,fiat,500l trekking,,4 cylinders,gas,63620.0,clean,automatic,fwd,,hatchback,custom,co
18952,2017.0,bmw,3 series,,4 cylinders,gas,41917.0,clean,automatic,rwd,compact,sedan,white,nv
6795,2009.0,buick,lacrosse clx,good,6 cylinders,gas,141896.0,clean,automatic,fwd,mid-size,sedan,white,mt
21990,2008.0,toyota,fj cruiser,,,gas,135154.0,clean,manual,4wd,,wagon,,or
20995,2011.0,toyota,tacoma,excellent,,gas,118000.0,clean,automatic,4wd,,pickup,grey,nh
32990,2018.0,ram,1500 quad cab harvest pickup,good,6 cylinders,gas,29979.0,clean,other,4wd,,pickup,black,wi
64995,2017.0,chevrolet,silverado 2500 ltz lifted duramax 6.6 liter,,8 cylinders,other,57920.0,clean,automatic,4wd,,pickup,red,az
39747,2018.0,ford,f-150 xl,,6 cylinders,gas,36253.0,clean,automatic,4wd,,,,or
10500,1999.0,jeep,wrangler tj,good,6 cylinders,gas,212000.0,clean,manual,4wd,sub-compact,other,black,fl
10900,2014.0,toyota,corolla,excellent,4 cylinders,gas,0.0,clean,automatic,fwd,,sedan,blue,ca
20995,2009.0,toyota,tacoma prerunner v6,excellent,6 cylinders,gas,143661.0,clean,automatic,fwd,mid-size,truck,silver,ca
6950,2008.0,chevrolet,c5500,,,gas,189000.0,rebuilt,automatic,,,,,ky
19450,2014.0,audi,s4 prestige quattro,like new,6 cylinders,gas,160872.0,clean,automatic,4wd,,sedan,black,ct
18000,2013.0,chevrolet,silverado 1500 ltz 4x4,,,gas,148000.0,lien,automatic,,,,,fl
6500,2007.0,lincoln,mkz,like new,6 cylinders,gas,138384.0,clean,automatic,fwd,,SUV,black,fl
21590,2019.0,volkswagen,jetta 1.4t sel,good,,gas,7898.0,clean,other,fwd,,sedan,blue,mo
4000,2003.0,toyota,highlander limited,excellent,6 cylinders,gas,230202.0,clean,automatic,4wd,mid-size,SUV,brown,de
23999,2010.0,nissan,titan pro-4x 4x4 half ton,,,gas,88769.0,clean,automatic,4wd,,truck,blue,or
39900,2015.0,ram,power wagon 2500 slt,,,gas,107631.0,clean,automatic,4wd,,,,wy
8900,2007.0,toyota,tacoma x-runner,good,6 cylinders,gas,259000.0,clean,manual,rwd,,,black,or
5990,2007.0,mercury,mariner,good,6 cylinders,gas,133000.0,clean,automatic,4wd,,SUV,,mi
32999,2016.0,chevrolet,silverado 2500 ltz,like new,8 cylinders,gas,123456.0,clean,automatic,4wd,compact,truck,black,fl
6950,2003.0,ford,ranger,,6 cylinders,gas,128888.0,clean,other,4wd,,pickup,silver,wi
19490,2014.0,lexus,is,good,6 cylinders,gas,99546.0,clean,automatic,rwd,,sedan,black,tn
3950,2009.0,chrysler,sebring,excellent,4 cylinders,gas,151000.0,rebuilt,automatic,fwd,mid-size,convertible,white,in
7950,2012.0,mazda,mazda3,,,gas,99779.0,clean,automatic,,,sedan,black,ny
52990,2018.0,lincoln,navigator premiere sport,good,6 cylinders,gas,29995.0,clean,other,,,SUV,black,sc
35590,2020.0,infiniti,q50 3.0t luxe sedan 4d,good,6 cylinders,gas,19385.0,clean,other,,,sedan,blue,sc
4988,2005.0,toyota,avalon,excellent,,gas,205036.0,clean,automatic,fwd,,,,wi
17995,2013.0,mercedes-benz,benz s550 4matic,excellent,8 cylinders,gas,127213.0,clean,automatic,4wd,full-size,sedan,black,ct
12990,2004.0,toyota,4runner sr5,,8 cylinders,gas,228799.0,clean,automatic,4wd,,SUV,silver,ca
10900,2011.0,chrysler,300-series,,6 cylinders,gas,125979.0,clean,other,rwd,,sedan,blue,fl
12500,2008.0,,2008,good,6 cylinders,gas,50000.0,clean,automatic,fwd,mid-size,sedan,green,nm
38900,2017.0,toyota,4runner,excellent,6 cylinders,gas,73000.0,clean,automatic,4wd,full-size,SUV,grey,ga
4999,1998.0,chevrolet,express,,,gas,,clean,automatic,fwd,,van,,il
2500,2011.0,audi,a4,good,,gas,156000.0,clean,automatic,,,sedan,,nc
6200,2007.0,toyota,fj cruiser,fair,6 cylinders,gas,115000.0,clean,automatic,4wd,,,blue,mi
8495,2014.0,kia,sorento lx,excellent,4 cylinders,gas,134535.0,clean,automatic,fwd,,SUV,silver,sc
1,2019.0,ram,3500,excellent,10 cylinders,gas,31397.0,clean,other,4wd,full-size,truck,custom,fl
29990,2019.0,ford,ranger supercrew xlt pickup,good,,gas,13628.0,clean,other,,,pickup,silver,oh
8990,2006.0,infiniti,m35,good,6 cylinders,gas,133130.0,clean,automatic,fwd,mid-size,sedan,black,al
49990,2020.0,cadillac,xt5 sport suv 4d,good,6 cylinders,gas,4322.0,clean,other,,,other,white,sc
7900,2010.0,cadillac,srx luxury collection,,,gas,142000.0,clean,automatic,,,,,ct
29999,2010.0,ford,f-250 super duty,,8 cylinders,diesel,136865.0,clean,automatic,4wd,full-size,pickup,white,fl
29590,2020.0,chevrolet,blazer 1lt sport,good,,gas,3683.0,clean,other,fwd,,other,black,nc
33990,2018.0,gmc,sierra 1500 double cab sle,good,6 cylinders,gas,24299.0,clean,other,4wd,,pickup,white,ks
23500,1968.0,ford,mustang,like new,8 cylinders,gas,70000.0,clean,automatic,rwd,compact,,blue,il
46999,2018.0,toyota,4runner trd off road 4x4,,,gas,23025.0,clean,automatic,4wd,,SUV,silver,wa
28590,2018.0,audi,q5 premium sport utility 4d,good,,gas,31033.0,clean,other,,,SUV,silver,al
17000,2020.0,chevrolet,trax ls sport utility,,,gas,7368.0,clean,automatic,,,,,ca
1,2010.0,,-,excellent,6 cylinders,gas,0.0,clean,automatic,fwd,,,,il
22774,2019.0,chrysler,300 limited awd,,,,35835.0,clean,automatic,,,,white,nj
14995,2013.0,bmw,x3 xdrive28i,,4 cylinders,gas,74175.0,clean,automatic,4wd,,,silver,az
27999,2018.0,bmw,430i m pkg,excellent,4 cylinders,gas,72000.0,clean,automatic,,,convertible,,ca
20000,2011.0,gmc,sierra 2500hd,excellent,8 cylinders,gas,125500.0,clean,automatic,4wd,full-size,truck,silver,vt
4500,2010.0,mazda,,good,4 cylinders,gas,200000.0,clean,automatic,,,,,tx
8990,2012.0,ford,expedition,good,8 cylinders,gas,175000.0,clean,automatic,4wd,full-size,SUV,black,il
6995,2012.0,hyundai,elantra,good,4 cylinders,gas,128595.0,clean,automatic,fwd,,sedan,black,ne
8995,2009.0,bmw,x5 xdrive48i,,8 cylinders,gas,108711.0,clean,automatic,4wd,,SUV,silver,il
2999,2003.0,volkswagen,jetta sedan,good,4 cylinders,gas,147000.0,clean,automatic,fwd,mid-size,sedan,silver,mn
6800,2005.0,nissan,350z,good,6 cylinders,gas,128652.0,clean,automatic,rwd,compact,convertible,silver,nm
13999,1999.0,chevrolet,tahoe,,8 cylinders,gas,196372.0,clean,automatic,4wd,,SUV,,co
5995,2006.0,nissan,xterra s,excellent,6 cylinders,gas,145950.0,clean,automatic,,,,,ga
8995,2008.0,mercedes-benz,e-class,excellent,,gas,112214.0,clean,automatic,rwd,,sedan,silver,ga
5500,2012.0,volkswagen,jetta,excellent,4 cylinders,gas,180000.0,clean,automatic,,,,,sc
21998,2020.0,toyota,corolla,,4 cylinders,gas,26027.0,clean,automatic,fwd,,sedan,,mt
41995,2017.0,ford,f250 super duty crew cab,,8 cylinders,diesel,117005.0,clean,automatic,,,pickup,white,fl
5590,2007.0,jeep,liberty 4x4,excellent,6 cylinders,gas,94902.0,clean,automatic,4wd,mid-size,SUV,white,nc
4000,2008.0,chrysler,town & country,excellent,,gas,201000.0,clean,automatic,,,mini-van,black,in
19000,2015.0,toyota,sienna,good,6 cylinders,gas,94000.0,clean,automatic,fwd,,mini-van,white,in
16995,2009.0,chevrolet,tahoe,,,gas,144302.0,clean,automatic,,,other,,ca
39880,2016.0,ram,1500,,6 cylinders,gas,60019.0,clean,automatic,4wd,,pickup,red,wa
14900,2007.0,chevrolet,silverado 2500hd 4x4,good,8 cylinders,gas,187000.0,clean,automatic,4wd,full-size,truck,red,va
8995,2017.0,volkswagen,jetta,,,gas,110727.0,clean,automatic,fwd,compact,sedan,black,tx
5500,2005.0,mercedes-benz,benz s430,like new,8 cylinders,gas,79350.0,clean,automatic,rwd,full-size,sedan,silver,al
12345,2008.0,ram,,,6 cylinders,diesel,214000.0,clean,manual,4wd,,,,ca
35000,1995.0,toyota,landcruiser,good,8 cylinders,gas,280000.0,clean,automatic,4wd,full-size,SUV,white,az
15000,2001.0,ford,mustang gt bullitt,excellent,8 cylinders,gas,43000.0,clean,manual,rwd,mid-size,coupe,green,ca
3800,1963.0,chevrolet,c10,,,gas,100000.0,clean,manual,,,,,tx
5495,2012.0,nissan,sentra,like new,4 cylinders,gas,171351.0,clean,automatic,,,,blue,la
22995,2013.0,chevrolet,silverado 1500,,8 cylinders,gas,39092.0,clean,other,rwd,,truck,white,sc
3200,1994.0,ford,aerostar,,6 cylinders,gas,143000.0,clean,automatic,,,,white,ca
16850,2016.0,ford,transit connect cargo xlt,,,gas,48000.0,clean,automatic,fwd,,van,white,in
11995,2010.0,mercedes-benz,e-class,,,gas,86725.0,clean,automatic,,,sedan,grey,fl
5495,2007.0,cadillac,dts,excellent,8 cylinders,gas,117385.0,clean,automatic,fwd,full-size,sedan,white,oh
13995,2015.0,volkswagen,gti,like new,4 cylinders,gas,118499.0,clean,automatic,fwd,compact,hatchback,white,nh
43590,2020.0,acura,mdx sh-awd w/technology,good,6 cylinders,gas,12012.0,clean,other,,,other,silver,nc
4400,1995.0,chevrolet,,new,8 cylinders,gas,184561.0,clean,automatic,,,,,ca
5991,2011.0,mini,cooper clubman base 3dr wa,,,gas,122528.0,clean,manual,,,wagon,,wa
5000,2005.0,subaru,outback,good,4 cylinders,gas,170000.0,clean,automatic,4wd,mid-size,hatchback,white,ca
25990,2016.0,bmw,x5 xdrive40e sport utility,good,,gas,90026.0,clean,other,,,other,black,dc
26990,2014.0,lexus,ls 460 sedan 4d,good,,other,96454.0,clean,automatic,rwd,,sedan,red,ga
26995,2018.0,chevrolet,traverse,excellent,6 cylinders,gas,31877.0,rebuilt,automatic,fwd,full-size,SUV,black,ia
48995,2018.0,gmc,sierra 1500,,8 cylinders,gas,28355.0,clean,automatic,4wd,,truck,,fl
999,2014.0,jeep,cherokee,,,gas,42000.0,clean,automatic,,,,,tx
4300,2004.0,kia,sorento,good,6 cylinders,gas,151721.0,clean,automatic,fwd,,,,pa
35999,2020.0,dodge,durango gt awd gas suv,,,gas,34552.0,clean,automatic,4wd,,SUV,white,id
29998,2014.0,mercedes-benz,cls,,8 cylinders,gas,57406.0,clean,automatic,rwd,full-size,sedan,grey,nc
11999,2012.0,subaru,legacy,,4 cylinders,gas,86835.0,clean,automatic,4wd,,sedan,,co
9999,2011.0,mini,cooper s countryman all4,excellent,4 cylinders,gas,86304.0,,automatic,4wd,,wagon,,tn
20900,2008.0,gmc,sierra 2500hd,,,diesel,271000.0,clean,automatic,,,other,,fl
6000,1996.0,chevrolet,silverado z71,excellent,8 cylinders,gas,230000.0,clean,automatic,4wd,full-size,pickup,green,id
30590,2019.0,mazda,cx-5 signature diesel,good,,diesel,7390.0,clean,other,,,other,red,tx
15590,2016.0,,Scion iM Hatchback 4D,good,,other,64923.0,clean,other,fwd,,hatchback,blue,al
24995,2011.0,ford,f-350 super duty,excellent,,gas,105430.0,clean,automatic,4wd,,,white,ca
16500,1997.0,ford,f-350 super duty,excellent,8 cylinders,gas,105000.0,clean,automatic,,,,white,ca
64999,2018.0,ram,3500,,6 cylinders,diesel,77424.0,clean,automatic,4wd,,truck,,wa
11950,2011.0,bmw,x5 xdrive35i awd luxury suv,,,gas,115905.0,clean,automatic,,,,,ia
1,2014.0,bmw,m6,excellent,8 cylinders,gas,59964.0,clean,other,4wd,compact,sedan,silver,fl
7995,2013.0,ford,focus se,,4 cylinders,other,110752.0,clean,automatic,fwd,,hatchback,black,or
27988,2018.0,ford,explorer,,,gas,14466.0,clean,automatic,fwd,,,,hi
11495,2011.0,audi,a6,good,6 cylinders,gas,94092.0,clean,automatic,4wd,,sedan,black,nj
9049,2014.0,volkswagen,golf 2.5l pzev,,5 cylinders,gas,68561.0,clean,automatic,fwd,,hatchback,blue,ks
15988,2020.0,nissan,altima,excellent,,gas,20499.0,clean,automatic,fwd,,sedan,black,ca
5500,2005.0,nissan,sentra s,,4 cylinders,gas,76010.0,clean,automatic,fwd,mid-size,sedan,red,ca
11500,2013.0,volkswagen,tiguan sel awd,excellent,4 cylinders,gas,110620.0,clean,automatic,4wd,mid-size,SUV,white,id
8975,2012.0,honda,accord,good,4 cylinders,gas,111061.0,clean,automatic,fwd,full-size,sedan,black,md
11899,2012.0,jeep,grand cherokee,,,other,113998.0,clean,automatic,4wd,,SUV,white,nj
32990,2017.0,jeep,wrangler unlimited sahara,good,6 cylinders,gas,24674.0,clean,other,4wd,,other,,fl
20590,2013.0,infiniti,g g37 sport coupe 2d,good,6 cylinders,gas,57181.0,clean,other,rwd,,coupe,black,ar
25990,2019.0,ford,f150 regular cab xlt pickup,good,6 cylinders,gas,21480.0,clean,other,,,pickup,black,nj
5898,2013.0,volkswagen,jetta,,4 cylinders,gas,118241.0,clean,automatic,fwd,,sedan,,fl
14995,2013.0,chevrolet,suburban,,,other,185408.0,clean,automatic,4wd,,SUV,black,ct
26500,1979.0,chevrolet,c10,,,gas,9416.0,clean,automatic,,,,,ks
11500,2003.0,toyota,tacoma,good,6 cylinders,gas,158500.0,clean,automatic,,,,,ca
9495,2012.0,honda,fit sport,excellent,4 cylinders,gas,80196.0,clean,automatic,fwd,compact,,,ct
22590,2019.0,nissan,frontier king cab sv,good,,other,4657.0,clean,other,fwd,,pickup,silver,pa
5500,2009.0,saturn,vue,good,6 cylinders,gas,141734.0,clean,automatic,4wd,mid-size,SUV,white,ok
18590,2019.0,mitsubishi,outlander se sport,good,,other,43988.0,clean,automatic,4wd,,other,black,tx
7995,1998.0,bmw,,,,gas,13200.0,clean,manual,,,,,sc
16392,2014.0,ford,explorer,,6 cylinders,gas,92265.0,clean,automatic,fwd,full-size,SUV,white,fl
2000,2015.0,gmc,sierra,,,gas,95321.0,clean,automatic,,,truck,,tx
400,2015.0,dodge,challenger,like new,,gas,20000.0,clean,automatic,,,sedan,,ca
4200,2006.0,ram,,good,8 cylinders,gas,194000.0,clean,automatic,rwd,full-size,truck,blue,fl
328,2021.0,volkswagen,atlas cross sport,,4 cylinders,gas,4.0,clean,automatic,fwd,,SUV,,ca
5490,2014.0,nissan,versa,,4 cylinders,gas,113229.0,clean,automatic,fwd,,other,black,me
4999,2008.0,cadillac,cts,like new,6 cylinders,gas,169723.0,clean,automatic,4wd,,sedan,,wi
12400,2020.0,honda,civic lx sedan,excellent,4 cylinders,gas,7800.0,rebuilt,automatic,fwd,,sedan,grey,fl
3100,2013.0,hyundai,elantra,,,gas,1.0,clean,automatic,,,sedan,silver,wi
53900,2016.0,gmc,sierra 2500hd,excellent,8 cylinders,diesel,95000.0,clean,automatic,4wd,full-size,truck,red,va
20927,2016.0,honda,accord touring,,,gas,61214.0,clean,automatic,,,,,il
18990,2017.0,chevrolet,volt premium,excellent,4 cylinders,hybrid,24606.0,clean,automatic,fwd,compact,sedan,silver,mt
7500,2011.0,jeep,liberty jet,good,,gas,178.0,clean,automatic,4wd,mid-size,SUV,grey,ct
19990,2017.0,hyundai,sonata plug-in hybrid,good,,hybrid,29254.0,clean,manual,fwd,,sedan,white,tx
11985,2015.0,dodge,journey,,,gas,107125.0,clean,automatic,,,hatchback,grey,mi
28997,2015.0,toyota,tundra sr5,like new,8 cylinders,gas,137000.0,clean,automatic,4wd,full-size,truck,grey,tx
4900,2008.0,chevrolet,equinox,,6 cylinders,gas,108663.0,clean,automatic,4wd,,SUV,,nj
10500,1995.0,chevrolet,corvette coupe,excellent,8 cylinders,gas,70000.0,clean,automatic,rwd,mid-size,coupe,black,wa
22590,2017.0,audi,a4 premium sedan 4d,good,,other,33258.0,clean,other,,,sedan,black,sc
9595,2013.0,chevrolet,volt premium,like new,4 cylinders,electric,118011.0,clean,automatic,fwd,sub-compact,hatchback,grey,il
999,2012.0,,All makes,excellent,,gas,45000.0,clean,automatic,fwd,,,,ga
10900,2011.0,cadillac,cts coupe,excellent,6 cylinders,gas,130863.0,clean,automatic,4wd,mid-size,coupe,red,oh
6800,2018.0,lexus,rx 350,good,6 cylinders,gas,220000.0,clean,automatic,fwd,mid-size,SUV,white,al
27995,2017.0,nissan,nv2500 hd cargo,,,gas,48769.0,clean,automatic,,,,white,tn
13995,2014.0,chevrolet,impala,like new,6 cylinders,gas,114281.0,clean,automatic,fwd,mid-size,sedan,black,ca
48500,1969.0,chevrolet,camaro,excellent,8 cylinders,gas,300.0,clean,automatic,rwd,mid-size,coupe,grey,ct
4500,2000.0,chevrolet,s10 truck,excellent,4 cylinders,gas,230225.0,clean,manual,,,,blue,ca
42990,2020.0,ford,transit cargo van,,6 cylinders,gas,1689.0,clean,automatic,rwd,,van,white,mi
48900,2018.0,chevrolet,silverado 2500 hd ltz,like new,8 cylinders,diesel,43034.0,rebuilt,automatic,4wd,full-size,truck,black,sc
20999,2016.0,chevrolet,express,,,gas,118994.0,clean,automatic,,,van,white,oh
82000,2019.0,chevrolet,corvette,,,gas,6100.0,clean,automatic,,,,,ca
35590,2011.0,dodge,challenger srt8 coupe 2d,good,8 cylinders,gas,16796.0,clean,other,rwd,,coupe,green,il
41990,2016.0,chevrolet,silverado 1500 lt automatic,,,gas,67104.0,clean,automatic,4wd,,pickup,black,az
10495,2013.0,ford,fusion se,excellent,,gas,89751.0,clean,automatic,,,,red,md
5999,2006.0,toyota,4-runner,,,gas,175549.0,clean,,fwd,,SUV,black,tx
14999,2017.0,toyota,prius c,excellent,4 cylinders,hybrid,51775.0,clean,automatic,fwd,compact,sedan,red,or
6800,2002.0,chevrolet,avalanche,good,8 cylinders,gas,236000.0,clean,automatic,4wd,,truck,silver,id
33000,2018.0,toyota,tacoma,like new,6 cylinders,gas,75000.0,clean,automatic,4wd,,truck,white,ca
3995,2007.0,pontiac,g6,,,gas,146693.0,clean,automatic,,,,,mi
15590,2010.0,bmw,1 series 128i convertible 2d,good,,gas,70955.0,clean,other,rwd,,convertible,black,ny
2000,1994.0,cadillac,eldorado,good,8 cylinders,gas,52534.0,clean,automatic,fwd,full-size,coupe,white,nv
17893,2004.0,ford,f350 super duty lariat,,,diesel,196730.0,clean,automatic,,,,,nc
17590,2016.0,hyundai,sonata se sedan 4d,good,,gas,9570.0,clean,other,fwd,,sedan,,ny
9995,2010.0,bmw,x3 xdrive30i awdsuv,excellent,6 cylinders,gas,105213.0,,automatic,4wd,,SUV,,ca
12477,2011.0,dodge,durango crew,,,gas,134258.0,,automatic,4wd,,,black,wa
1795,2002.0,honda,accord,excellent,4 cylinders,gas,137055.0,clean,automatic,fwd,mid-size,sedan,grey,wi
2995,2005.0,chevrolet,trailblazer lt,good,6 cylinders,gas,190000.0,clean,automatic,4wd,,,,ma
53744,2020.0,ram,1500,,,gas,41273.0,clean,automatic,4wd,,pickup,,mo
20990,2013.0,ford,f150 supercrew cab xlt,good,6 cylinders,other,93350.0,clean,other,,,pickup,,tx
44999,2017.0,ram,2500 mega cab,,6 cylinders,diesel,170582.0,clean,automatic,4wd,,pickup,,fl
7995,2011.0,toyota,prius two,good,4 cylinders,hybrid,105877.0,clean,automatic,,,hatchback,blue,nj
21980,2013.0,lexus,es 350,,6 cylinders,gas,42675.0,clean,automatic,fwd,,sedan,,id
15500,2000.0,ford,ecoline,excellent,10 cylinders,gas,34908.0,clean,automatic,rwd,full-size,other,white,nc
12399,2014.0,honda,cr-v,,4 cylinders,gas,117774.0,clean,automatic,,,SUV,,tx
37590,2018.0,acura,mdx sport hybrid sh-awd,good,6 cylinders,hybrid,38840.0,clean,other,,,SUV,brown,oh
662,2019.0,dodge,charger scat pack srt,excellent,8 cylinders,gas,9959.0,,automatic,,,other,,wa
30990,2019.0,ford,ranger supercrew xl pickup,good,,other,1834.0,clean,other,,,pickup,black,fl
3300,2011.0,hyundai,accent gl,like new,4 cylinders,gas,135412.0,clean,automatic,fwd,,sedan,blue,nj
5950,2015.0,volkswagen,jetta,,,gas,145000.0,clean,automatic,,,,,tn
12500,2013.0,bmw,3 series 328xi,,,gas,74000.0,clean,automatic,,,,,co
12100,2013.0,subaru,outback premium,good,4 cylinders,gas,123386.0,clean,automatic,4wd,mid-size,wagon,white,wi
19500,2017.0,infiniti,q50,excellent,6 cylinders,gas,79264.0,clean,automatic,rwd,mid-size,sedan,white,la
28995,2019.0,ford,mustang ecoboost,like new,,gas,26540.0,clean,automatic,rwd,,,,tx
19990,2008.0,mitsubishi,lancer,,4 cylinders,gas,130600.0,clean,manual,4wd,,sedan,,or
7997,2010.0,toyota,corolla,,,gas,165328.0,clean,automatic,fwd,compact,sedan,red,ks
2400,2004.0,jeep,grand cherokee,good,6 cylinders,gas,218700.0,clean,automatic,4wd,,,blue,co
16499,2016.0,kia,soul exclaim,,,gas,46000.0,clean,automatic,,,,,ca
3600,2003.0,buick,lesabre custom,good,,gas,48000.0,clean,manual,,full-size,,silver,sc
4375,2006.0,chevrolet,equinox,,,gas,150088.0,clean,automatic,fwd,,SUV,,nc
9985,2015.0,kia,optima,,,gas,101367.0,clean,automatic,,,other,black,nj
6995,2007.0,lincoln,navigator,,,gas,176312.0,clean,automatic,,,,,mi
29900,2016.0,porsche,macan s awd,like new,6 cylinders,gas,83525.0,clean,automatic,4wd,,SUV,red,ky
6800,2006.0,toyota,4runner sr5,good,8 cylinders,gas,181000.0,clean,automatic,rwd,,SUV,blue,tx
7990,2011.0,toyota,corolla,,,gas,116725.0,clean,automatic,fwd,compact,sedan,black,fl
7900,2007.0,ford,edge sel,,,gas,175357.0,clean,automatic,,,,,mi
6988,2009.0,mercedes-benz,cls,excellent,,gas,101728.0,clean,automatic,rwd,,sedan,white,fl
17495,2018.0,subaru,impreza,,4 cylinders,gas,26525.0,clean,automatic,4wd,mid-size,sedan,white,md
6350,2007.0,honda,accord,,,gas,121656.0,clean,automatic,,,sedan,,va
8495,2011.0,dodge,grand caravan mainstreet,,,gas,97008.0,clean,automatic,,,,,pa
33900,2018.0,ford,super duty f-250,,8 cylinders,gas,111612.0,clean,automatic,4wd,,truck,white,pa
5490,2008.0,acura,rl sh-awd,excellent,6 cylinders,gas,155480.0,clean,automatic,4wd,mid-size,sedan,silver,va
22995,2014.0,toyota,tacoma base 4x4 4dr acces,,,gas,94787.0,clean,automatic,,,,,or
24990,2016.0,infiniti,qx60 3.5 sport utility,good,6 cylinders,gas,39979.0,clean,automatic,,,SUV,green,la
3800,2002.0,jeep,grand cherokee,good,6 cylinders,gas,174514.0,clean,automatic,4wd,,SUV,green,or
17988,2014.0,ram,1500,,8 cylinders,gas,134650.0,clean,automatic,,,,red,fl
8500,2013.0,ford,fusion se,excellent,4 cylinders,gas,114217.0,clean,automatic,fwd,full-size,sedan,black,oh
15590,2018.0,ford,focus se sedan 4d,good,,gas,40615.0,clean,automatic,fwd,,sedan,,mo
8995,2010.0,mazda,cx-9,excellent,,gas,183761.0,clean,automatic,fwd,,SUV,white,ga
12998,2015.0,ford,escape,,4 cylinders,gas,103599.0,clean,automatic,4wd,,SUV,grey,il
6700,2005.0,honda,pilot ex-l,excellent,6 cylinders,gas,163738.0,clean,automatic,4wd,full-size,SUV,silver,ca
14999,2016.0,chevrolet,equinox lt,,4 cylinders,gas,75838.0,clean,automatic,4wd,,,,ca
57995,2020.0,jeep,gladiator,excellent,6 cylinders,gas,15114.0,clean,automatic,4wd,,pickup,,ca
13600,2013.0,ford,f-150,,6 cylinders,gas,173709.0,clean,automatic,rwd,,truck,silver,ca
49950,2021.0,kia,stinger,,6 cylinders,gas,265.0,clean,automatic,,,sedan,white,mi
15800,2016.0,honda,civic,excellent,4 cylinders,gas,70677.0,clean,automatic,fwd,mid-size,sedan,white,ca
22990,2018.0,volkswagen,tiguan 2.0t se sport,good,,gas,14566.0,clean,other,fwd,,other,orange,nm
28995,2011.0,chevrolet,camaro,excellent,,gas,20490.0,clean,manual,rwd,,convertible,black,ca
15995,2017.0,toyota,tacoma access cab sr,excellent,4 cylinders,gas,77000.0,rebuilt,automatic,fwd,full-size,truck,white,nv
35590,2013.0,ford,mustang boss 302 coupe 2d,good,8 cylinders,gas,33692.0,clean,other,rwd,,coupe,white,az
18995,2015.0,bmw,x5 xdrive50i,like new,6 cylinders,gas,108000.0,clean,automatic,4wd,full-size,SUV,black,fl
10800,2009.0,honda,accord sdn ex-l,good,6 cylinders,gas,117905.0,clean,automatic,fwd,,sedan,white,ca
1700,1998.0,nissan,maxima,,6 cylinders,gas,180000.0,clean,automatic,,,,,ga
2000,2006.0,chevrolet,impala lt,,,gas,230000.0,clean,automatic,,,,red,mo
44495,2016.0,bmw,650i gran coupe,,8 cylinders,gas,5432.0,clean,automatic,rwd,,sedan,black,az
8995,2010.0,nissan,armada,,,gas,233304.0,clean,automatic,4wd,,SUV,,pa
9988,2013.0,chevrolet,malibu,,,gas,84293.0,clean,automatic,fwd,,,black,wa
14500,1998.0,ram,3500,good,6 cylinders,diesel,397000.0,clean,automatic,4wd,full-size,pickup,black,il
4995,2010.0,chrysler,town & country,,,gas,177858.0,clean,automatic,,,,,mi
25500,2019.0,dodge,journey,,,gas,,clean,automatic,,,hatchback,black,ak
16600,2008.0,toyota,sequoia,good,8 cylinders,gas,150000.0,clean,automatic,4wd,full-size,SUV,,il
14590,2012.0,bmw,1 series 128i coupe 2d,good,,other,80465.0,clean,other,,,coupe,black,tx
29990,2018.0,toyota,rav4 hybrid limited sport,good,,gas,14520.0,clean,other,,,other,red,ca
8995,2003.0,subaru,outback ll bean,excellent,6 cylinders,gas,80065.0,clean,automatic,4wd,full-size,wagon,,va
22000,2007.0,,workhorse stepvan,excellent,,diesel,122000.0,clean,automatic,,,,white,fl
34590,2017.0,lexus,rx 350 sport utility 4d,good,,other,20747.0,clean,other,,,SUV,,nc
35000,1976.0,ford,bronco,excellent,8 cylinders,gas,1600.0,clean,automatic,4wd,full-size,offroad,red,ar
3495,2008.0,chrysler,town & country,,,gas,203287.0,clean,automatic,,,,,mi
4888,2001.0,ford,f-150,,8 cylinders,gas,293160.0,clean,automatic,rwd,,pickup,red,tn
8900,2014.0,dodge,avenger,,,gas,77765.0,clean,automatic,,,,,in
17290,2007.0,toyota,tundra sr5 double cab 4x4,excellent,8 cylinders,gas,175136.0,clean,automatic,4wd,full-size,truck,,sc
13192,2013.0,honda,cr-v ex-l sport utility,excellent,4 cylinders,gas,108625.0,,automatic,4wd,,SUV,,ca
69995,2019.0,ford,super duty f-350 srw,,8 cylinders,diesel,52109.0,clean,automatic,4wd,,truck,black,or
11488,2013.0,ford,taurus,,6 cylinders,gas,125381.0,clean,automatic,4wd,,sedan,,mt
35998,2015.0,ford,f-150,,,gas,104286.0,clean,automatic,4wd,,truck,,mt
2500,2003.0,subaru,outback ll bean edition,fair,6 cylinders,gas,170090.0,clean,automatic,,,hatchback,white,dc
17500,2017.0,audi,q3,,4 cylinders,gas,60339.0,clean,automatic,,compact,SUV,grey,va
32800,2004.0,gmc,sierra 3500 duramax,excellent,,diesel,86310.0,clean,automatic,4wd,,,,oh
52900,2015.0,ford,super duty f-350 drw,excellent,8 cylinders,diesel,106000.0,clean,automatic,4wd,full-size,truck,white,nc
12990,2007.0,ford,f-250 sd,good,8 cylinders,gas,133206.0,clean,automatic,4wd,full-size,truck,white,tn
6995,2004.0,nissan,titan king cab,good,8 cylinders,gas,152033.0,clean,automatic,rwd,mid-size,pickup,grey,ks
35990,2020.0,ram,1500 classic crew cab slt,good,8 cylinders,gas,20074.0,clean,other,4wd,,pickup,,ga
29990,2012.0,,International TerraStar,good,8 cylinders,diesel,39013.0,clean,automatic,rwd,full-size,truck,white,va
11995,2013.0,toyota,tacoma,like new,4 cylinders,gas,134104.0,clean,manual,rwd,mid-size,truck,grey,ny
26495,2015.0,lexus,is,,6 cylinders,gas,47426.0,clean,automatic,rwd,,sedan,white,ut
5600,2003.0,gmc,sierra,fair,,gas,101000.0,clean,automatic,,,,,me
11500,2011.0,chevrolet,silverado,good,8 cylinders,gas,172000.0,rebuilt,automatic,4wd,full-size,truck,red,nc
8995,2017.0,hyundai,elantra se,excellent,4 cylinders,gas,32000.0,salvage,automatic,fwd,mid-size,sedan,black,ca
25999,2014.0,chevrolet,silverado texas ed.,excellent,8 cylinders,gas,79000.0,clean,automatic,rwd,full-size,pickup,white,ca
8800,2004.0,chevrolet,silverado 2500hd,,,gas,146000.0,clean,automatic,,,,,az
1000,2010.0,dodge,journey sxt awd,good,6 cylinders,gas,210577.0,clean,automatic,4wd,full-size,mini-van,silver,or
77995,2019.0,ford,f 350 lariat fx4 dually,,8 cylinders,diesel,23013.0,clean,automatic,4wd,,,silver,fl
31000,2017.0,toyota,tacoma,excellent,6 cylinders,gas,80000.0,clean,automatic,4wd,mid-size,pickup,grey,ak
8499,2013.0,toyota,prius four,,4 cylinders,gas,166811.0,clean,automatic,fwd,,hatchback,silver,ca
3000,2005.0,,Cevey venture,excellent,6 cylinders,gas,158000.0,clean,automatic,fwd,,mini-van,red,ma
35788,2018.0,ford,f-150,,6 cylinders,gas,73859.0,clean,automatic,4wd,,,black,tn
11660,2011.0,cadillac,cts,,,gas,98699.0,clean,automatic,,,sedan,,la
8500,2000.0,,Isusu vehicross,good,6 cylinders,gas,120000.0,clean,automatic,4wd,mid-size,SUV,green,fl
6900,2008.0,honda,accord ex-l v6 sedan,excellent,6 cylinders,gas,206000.0,clean,automatic,fwd,mid-size,sedan,red,ar
209,2017.0,kia,forte5 lx auto,,4 cylinders,gas,55357.0,clean,automatic,fwd,,sedan,,or
703,2016.0,ford,"f-350 crew cab, lariat,",excellent,8 cylinders,gas,113691.0,,automatic,4wd,,truck,,mt
22990,2017.0,infiniti,qx50 sport utility 4d,good,,other,21297.0,clean,other,,,hatchback,black,mi
15995,2014.0,jeep,wrangler,,,gas,74000.0,rebuilt,automatic,,,,,fl
4900,2011.0,mazda,2,excellent,4 cylinders,gas,151962.0,clean,manual,fwd,,hatchback,silver,in
13500,2014.0,lexus,ct,,,gas,93538.0,clean,automatic,fwd,compact,hatchback,red,fl
18900,2017.0,ford,"t-150 130"" low roof cargo",good,6 cylinders,gas,120052.0,clean,automatic,fwd,,van,white,tn
36637,2018.0,acura,mdx,,6 cylinders,gas,34716.0,clean,automatic,4wd,mid-size,SUV,white,id
5980,2005.0,acura,tl,,,gas,179000.0,clean,automatic,,,,,al
32800,2018.0,ford,transit,excellent,6 cylinders,gas,43479.0,clean,automatic,rwd,full-size,van,white,al
23308,2020.0,jeep,compass,excellent,4 cylinders,gas,6635.0,clean,automatic,4wd,,SUV,blue,ia
40888,2020.0,jeep,gladiator,,,gas,19069.0,clean,automatic,4wd,,,black,al
20919,2019.0,dodge,grand caravan,,6 cylinders,gas,28093.0,clean,automatic,fwd,,van,grey,tx
49999,2018.0,ram,2500 4x4 cummins,,,diesel,22628.0,clean,automatic,,,,,mo
2488,2001.0,chrysler,pt cruiser,,,gas,68109.0,clean,automatic,,,SUV,silver,ma
4999,2012.0,nissan,leaf sl,like new,other,electric,67000.0,clean,automatic,fwd,mid-size,hatchback,black,ca
15990,2006.0,chevrolet,express cargo,good,,gas,86408.0,clean,automatic,rwd,,,white,ca
692,2016.0,mercedes-benz,c 63 s,,8 cylinders,gas,55713.0,clean,automatic,,,sedan,,or
11995,2014.0,jeep,cherokee latitude plus,excellent,6 cylinders,gas,107000.0,clean,automatic,4wd,full-size,SUV,silver,me
23990,2014.0,rover,evoke,excellent,4 cylinders,gas,45466.0,clean,automatic,4wd,mid-size,SUV,white,in
24995,2017.0,alfa-romeo,romeo giulia,,,gas,39631.0,clean,automatic,,,,,nj
36590,2019.0,volvo,s60 t6 r-design sedan 4d,good,,gas,7618.0,clean,other,,,sedan,white,tn
25990,2014.0,gmc,sierra 1500 regular cab,good,6 cylinders,gas,15575.0,clean,other,,,pickup,brown,co
39900,2014.0,jeep,wrangler unlimited,,6 cylinders,gas,16890.0,clean,manual,4wd,,SUV,black,pa
33990,2015.0,bmw,4 series 435i gran coupe,good,,gas,20997.0,clean,other,,,coupe,blue,fl
3250,2007.0,chevrolet,impala,,,gas,200000.0,clean,automatic,,,,,ia
30995,2014.0,ford,f350 lariat crew fx4,,8 cylinders,diesel,220100.0,clean,automatic,4wd,,,,nc
8500,2012.0,chevrolet,colorado n work truck,excellent,4 cylinders,gas,127151.0,clean,automatic,rwd,,pickup,white,ca
11999,2013.0,nissan,sentra sv sedan 4d,like new,4 cylinders,gas,62891.0,clean,automatic,fwd,compact,sedan,black,fl
21990,2013.0,toyota,tacoma access cab,good,,other,77018.0,clean,other,,,pickup,red,md
23900,2015.0,ram,1500,,,diesel,107663.0,clean,automatic,4wd,,pickup,silver,tn
2600,2001.0,subaru,outback,good,6 cylinders,gas,222100.0,rebuilt,automatic,4wd,,,green,or
11995,2011.0,lexus,ls 460 l,excellent,8 cylinders,gas,184000.0,clean,automatic,4wd,full-size,sedan,silver,vt
14590,2012.0,hyundai,veloster coupe 3d,good,,other,49704.0,clean,other,fwd,,coupe,white,ny
3200,2006.0,chevrolet,impala,fair,8 cylinders,gas,184157.0,clean,automatic,fwd,,sedan,black,mn
16000,1982.0,jeep,cj7,,8 cylinders,gas,1.0,clean,automatic,4wd,,,,ca
25990,2020.0,kia,sorento lx sport utility 4d,good,6 cylinders,gas,3533.0,clean,other,fwd,,SUV,white,tn
30990,2014.0,ford,f150 supercrew cab fx4,good,,other,67344.0,clean,other,4wd,,pickup,orange,ma
16995,2013.0,ford,escape se,excellent,4 cylinders,gas,39300.0,clean,automatic,fwd,mid-size,SUV,grey,hi
35590,2020.0,lincoln,corsair sport utility 4d,good,,gas,1454.0,clean,other,fwd,,other,,ok
7995,2012.0,mazda,mazda3 i touring,like new,4 cylinders,gas,62100.0,clean,automatic,fwd,mid-size,sedan,grey,ma
12999,2015.0,nissan,rogue,excellent,,gas,82487.0,clean,automatic,fwd,,SUV,,ca
16900,2016.0,subaru,forester,excellent,4 cylinders,gas,99056.0,clean,automatic,4wd,full-size,SUV,custom,me
15590,2012.0,toyota,rav4 ev sport utility 4d,good,,gas,59512.0,clean,other,,,SUV,white,ca
29995,2013.0,ford,super duty f-450 drw,excellent,10 cylinders,gas,94687.0,clean,automatic,rwd,full-size,,white,tx
6995,2005.0,lexus,rx 330,excellent,,gas,211053.0,clean,automatic,fwd,,,,ca
37590,2020.0,buick,enclave essence sport,good,6 cylinders,gas,14745.0,clean,other,,,other,red,oh
32990,2017.0,ram,1500 crew cab big horn,good,6 cylinders,other,10193.0,clean,other,4wd,,pickup,,mi
33320,2018.0,ford,f-150,,6 cylinders,gas,35383.0,clean,automatic,rwd,full-size,pickup,custom,fl
43888,2018.0,ford,f-150,,,gas,68858.0,clean,automatic,4wd,,pickup,black,fl
41995,2017.0,chevrolet,silverado,,,other,68570.0,clean,automatic,4wd,,pickup,blue,tx
54995,2014.0,gmc,sierra 2500 lifted denali 6.6 duramax crew cab,,8 cylinders,diesel,71127.0,clean,automatic,4wd,,pickup,black,ca
31999,2019.0,bmw,430 xdrive awd gas coupe,,,gas,41303.0,clean,automatic,4wd,,coupe,white,wa
21100,2018.0,gmc,terrain,excellent,4 cylinders,gas,29964.0,clean,automatic,4wd,mid-size,SUV,grey,mi
16495,2013.0,honda,pilot ex-l,,6 cylinders,gas,116590.0,clean,automatic,fwd,,SUV,white,ca
16900,2013.0,chevrolet,3500,,,gas,115000.0,salvage,automatic,,,,,sc
41950,2018.0,gmc,sierra 1500 slt,excellent,8 cylinders,gas,50500.0,clean,automatic,4wd,full-size,truck,white,fl
22590,2013.0,ford,f150 super cab xl pickup 4d,good,6 cylinders,other,14169.0,clean,other,,,pickup,silver,nc
43995,2014.0,ram,3500 mega cab,,6 cylinders,diesel,192762.0,clean,automatic,4wd,,pickup,,mn
3800,2005.0,ford,escape xlt,good,6 cylinders,gas,145000.0,clean,automatic,fwd,,,,fl
39999,2017.0,mercedes-benz,benz 2500 high roof,excellent,6 cylinders,diesel,77001.0,clean,automatic,,,van,,ca
8299,2011.0,gmc,acadia sle-2,good,6 cylinders,gas,174289.0,clean,automatic,fwd,full-size,SUV,black,ok
12500,1930.0,ford,,good,8 cylinders,gas,123456.0,missing,automatic,rwd,full-size,coupe,black,va
10995,2014.0,ford,fusion,,,gas,97433.0,clean,automatic,,,sedan,red,or
1700,2006.0,ford,explorer,,6 cylinders,gas,162500.0,salvage,automatic,4wd,full-size,SUV,,ny
7999,2011.0,chevrolet,malibu,,,gas,107237.0,clean,automatic,fwd,,sedan,red,ia
34990,2014.0,toyota,tacoma double cab pickup,good,6 cylinders,gas,1112.0,clean,other,4wd,,pickup,white,tx
7200,2011.0,ford,fusion,excellent,,gas,87000.0,clean,automatic,,,,,nh
9900,2012.0,toyota,prius v,,4 cylinders,hybrid,140759.0,clean,automatic,fwd,,wagon,white,pa
15990,2017.0,volkswagen,golf sportwagen tsi s,good,,other,85533.0,clean,other,fwd,,wagon,white,ma
11900,2006.0,mazda,rx-8 gt,,4 cylinders,gas,40104.0,clean,automatic,rwd,,coupe,blue,fl
5739,2009.0,mercedes-benz,benz e350,good,6 cylinders,gas,200000.0,clean,automatic,4wd,,sedan,white,nj
16990,2009.0,chevrolet,colorado,good,,gas,41302.0,clean,automatic,,,pickup,white,ca
22990,2017.0,volkswagen,golf gti se hatchback,good,,gas,34443.0,clean,other,fwd,,sedan,silver,mi
7995,2006.0,infiniti,g35,excellent,,gas,105913.0,clean,automatic,rwd,,sedan,black,ca
500,2013.0,nissan,altima,,,gas,130000.0,salvage,automatic,,,,,ca
46991,2017.0,ram,1500,,,gas,47703.0,clean,automatic,4wd,,pickup,brown,id
12750,2000.0,mercedes-benz,benz e320,excellent,6 cylinders,gas,52635.0,clean,automatic,rwd,full-size,sedan,white,me
3500,2002.0,lexus,ls 430,good,8 cylinders,gas,149302.0,salvage,automatic,rwd,full-size,sedan,black,dc
35990,2017.0,ford,f150 supercrew cab xlt,good,,other,22226.0,clean,other,,,pickup,blue,in
4400,2007.0,pontiac,g6 gtp,good,,gas,140152.0,clean,automatic,,,sedan,black,tx
8995,2008.0,toyota,rav-4,excellent,4 cylinders,gas,223286.0,clean,automatic,fwd,mid-size,SUV,custom,or
5995,2011.0,chrysler,town and country,,,other,135334.0,clean,automatic,fwd,,mini-van,,ok
26990,2018.0,infiniti,q50 3.0t luxe sedan 4d,good,6 cylinders,gas,22586.0,clean,other,,,sedan,brown,il
10997,2013.0,gmc,terrain,excellent,,gas,133028.0,clean,automatic,4wd,,SUV,black,ny
17990,2016.0,buick,encore convenience sport,good,,other,17999.0,clean,other,,,SUV,red,va
5000,2008.0,bmw,x3,good,6 cylinders,gas,157000.0,clean,automatic,4wd,mid-size,SUV,silver,pa
22500,2016.0,ford,explorer,excellent,6 cylinders,gas,71796.0,clean,automatic,4wd,mid-size,SUV,green,ny
38590,2012.0,chevrolet,corvette grand sport,good,8 cylinders,gas,32086.0,clean,automatic,rwd,,convertible,white,tx
16590,2016.0,hyundai,sonata eco sedan 4d,good,,gas,39763.0,clean,other,fwd,,sedan,white,ma
13956,2014.0,ford,escape titanium,good,4 cylinders,gas,80079.0,clean,automatic,4wd,full-size,SUV,black,co
25990,2019.0,ram,1500 classic regular cab,good,6 cylinders,gas,27709.0,clean,other,,,pickup,,ks
11995,2008.0,ram,1500 laramie,,,gas,204885.0,clean,automatic,,,,,ca
7995,2013.0,kia,soul,good,4 cylinders,gas,93629.0,clean,automatic,fwd,,wagon,silver,ia
7000,2006.0,toyota,prius,good,4 cylinders,hybrid,105923.0,clean,manual,fwd,,,,or
39999,2018.0,jeep,wrangler jk unlimited 4x4,,,gas,32743.0,clean,automatic,4wd,,SUV,silver,wa
42999,2016.0,chevrolet,silverado 3500hd,,8 cylinders,diesel,179450.0,clean,automatic,4wd,,truck,,or
28,2016.0,jeep,wrangler unlimited sport,good,6 cylinders,gas,25000.0,clean,automatic,4wd,full-size,SUV,white,pa
12199,2014.0,ford,escape,good,4 cylinders,gas,76000.0,clean,automatic,4wd,full-size,SUV,black,co
26590,2016.0,bmw,5 series 535i sedan 4d,good,,gas,38979.0,clean,other,rwd,,sedan,blue,ca
21991,2019.0,honda,civic,,4 cylinders,gas,20641.0,clean,automatic,fwd,mid-size,sedan,red,tx
32990,2018.0,ram,1500 quad cab harvest pickup,good,6 cylinders,gas,29979.0,clean,other,4wd,,pickup,black,tn
9850,1994.0,chevrolet,k3500,excellent,8 cylinders,diesel,133000.0,clean,automatic,4wd,full-size,truck,white,ia
1650,1999.0,,plymouth grand voyager,good,6 cylinders,gas,231502.0,clean,automatic,fwd,mid-size,mini-van,blue,mo
16590,2013.0,honda,civic si coupe 2d,good,,other,81552.0,clean,other,fwd,,coupe,silver,ny
14900,2006.0,ram,2500,good,6 cylinders,diesel,278000.0,clean,automatic,fwd,full-size,truck,blue,ok
29777,2018.0,volvo,certified,excellent,,gas,34040.0,clean,automatic,4wd,,sedan,,ca
15500,2013.0,ford,f-150,,,gas,200000.0,clean,automatic,,,,,tx
21980,2015.0,jeep,grand cherokee,,,gas,93100.0,clean,automatic,4wd,,SUV,,pa
33590,2018.0,ford,f150 super cab lariat,good,6 cylinders,other,38989.0,clean,other,4wd,,pickup,,va
21990,2018.0,nissan,maxima,good,6 cylinders,gas,25500.0,clean,automatic,fwd,,sedan,white,nj
4500,2006.0,jeep,commander,,6 cylinders,gas,211000.0,clean,automatic,4wd,,,black,mi
6997,2004.0,toyota,camry,excellent,4 cylinders,gas,136000.0,clean,automatic,,,sedan,,ca
3500,2008.0,honda,accord,,4 cylinders,gas,132710.0,clean,other,fwd,,sedan,green,md
18995,2006.0,toyota,tacoma prerunner,excellent,6 cylinders,gas,150020.0,clean,automatic,rwd,mid-size,truck,silver,ca
17995,2015.0,chevrolet,impala lt v6,like new,6 cylinders,gas,75369.0,clean,automatic,fwd,full-size,sedan,white,ak
11998,2015.0,subaru,impreza 2.0i premium,excellent,4 cylinders,gas,0.0,,manual,4wd,,wagon,,ca
4600,2005.0,nissan,maxima,,,gas,152000.0,clean,automatic,,,,,ga
17990,2019.0,chevrolet,trax lt sport utility,good,,other,19938.0,clean,other,,,hatchback,white,tn
7950,1984.0,volkswagen,vanagon,excellent,4 cylinders,gas,136543.0,clean,manual,rwd,full-size,bus,brown,co
18995,2010.0,ford,f-150,good,,gas,155812.0,clean,automatic,4wd,full-size,truck,black,ky
4550,2009.0,nissan,cube,,4 cylinders,gas,133867.0,clean,automatic,fwd,,wagon,red,ut
19995,2015.0,hyundai,genesis 3.8l,excellent,6 cylinders,gas,60000.0,clean,automatic,rwd,full-size,sedan,silver,mi
10000,2007.0,cadillac,dts,like new,8 cylinders,gas,36000.0,clean,automatic,fwd,full-size,sedan,red,ky
12590,2012.0,,Scion xD Hatchback 4D,good,,gas,60589.0,clean,other,fwd,,hatchback,white,pa
16450,2012.0,nissan,frontier 4x4 ext cab,good,6 cylinders,gas,71000.0,clean,automatic,4wd,,,,va
5750,2005.0,chrysler,300,excellent,,gas,165905.0,clean,automatic,,,,,ca
19000,2014.0,ram,1500 tradesman standard,excellent,8 cylinders,gas,95045.0,,automatic,,,truck,,wa
5650,2007.0,mercedes-benz,gl450,good,8 cylinders,gas,229761.0,clean,automatic,4wd,full-size,SUV,black,oh
5300,2003.0,bmw,z4 convertible,excellent,6 cylinders,gas,170000.0,clean,manual,rwd,compact,convertible,silver,va
30995,2015.0,gmc,sierra 2500hd,,,gas,127000.0,clean,automatic,,,,,oh
4495,2010.0,buick,enclave,,,gas,95000.0,clean,automatic,,,SUV,,mo
31995,2016.0,chevrolet,silverado 2500hd,excellent,8 cylinders,gas,140772.0,clean,automatic,4wd,,,white,ne
49998,2017.0,ford,f250 lariat 4x4 diesel,,,diesel,160867.0,clean,automatic,,,,,tx
74995,2019.0,ford,f 350 lariat fx4 dually,,8 cylinders,diesel,15596.0,clean,automatic,4wd,,,,ga
3499,2002.0,nissan,xterra se,excellent,6 cylinders,gas,154980.0,clean,automatic,4wd,,SUV,silver,ma
13999,2014.0,chevrolet,malibu,,,gas,69900.0,clean,automatic,,,,,ca
14500,2013.0,cadillac,cts coupe,excellent,6 cylinders,gas,73000.0,clean,automatic,rwd,,coupe,,nc
16995,2005.0,ram,2500 quad cab,,,diesel,262877.0,clean,automatic,,,,,ca
1995,2001.0,volkswagen,jetta,good,,gas,116000.0,clean,manual,,,,silver,or
18995,2013.0,toyota,tundra,excellent,,gas,133000.0,clean,automatic,4wd,,pickup,red,me
3000,2007.0,,scion tc,,,gas,180000.0,clean,automatic,,,,,dc
48999,2019.0,chevrolet,"silverado 1500 custom trail boss w/ 4wd, z71 off road",,8 cylinders,gas,18427.0,clean,automatic,4wd,,pickup,black,ca
33998,2015.0,ram,1500 express crew cab short,,8 cylinders,gas,53904.0,clean,automatic,4wd,,,,id
4800,2008.0,honda,pilot,excellent,6 cylinders,gas,179000.0,clean,automatic,4wd,full-size,,silver,nh
18995,2015.0,nissan,nv200 s,good,4 cylinders,gas,27037.0,clean,automatic,fwd,,van,,ny
27000,2017.0,subaru,outback,,,gas,33118.0,clean,automatic,,,SUV,red,wa
14900,2009.0,toyota,tacoma,,4 cylinders,gas,153000.0,clean,manual,4wd,,,,mo
14995,2005.0,ford,thunderbird premium,excellent,8 cylinders,gas,83400.0,clean,automatic,rwd,full-size,convertible,blue,nv
34988,2019.0,ford,edge,,6 cylinders,gas,29447.0,clean,automatic,4wd,,SUV,red,mi
9500,2004.0,dodge,dakota,good,6 cylinders,gas,173769.0,clean,automatic,4wd,mid-size,pickup,purple,or
35000,1946.0,chevrolet,,like new,8 cylinders,gas,19000.0,clean,automatic,,mid-size,,orange,ca
18995,2011.0,chevrolet,tahoe,,,gas,120550.0,clean,automatic,rwd,,SUV,black,ks
6495,2010.0,dodge,caliber sxt,excellent,4 cylinders,gas,138203.0,clean,automatic,fwd,mid-size,wagon,white,ca
25944,2014.0,ram,1500,,,gas,131278.0,clean,automatic,4wd,,pickup,,me
28995,2012.0,jeep,grand cherokee srt8 4wd,excellent,8 cylinders,gas,96770.0,clean,automatic,4wd,,SUV,black,wi
4995,2004.0,chevrolet,colorado,excellent,,gas,170000.0,clean,automatic,,,,,ia
9000,2007.0,toyota,fj cruiser,,,gas,221216.0,clean,automatic,rwd,,SUV,red,mi
16495,2015.0,lincoln,mkc,,4 cylinders,gas,59789.0,clean,automatic,fwd,compact,SUV,silver,tx
35981,2017.0,chevrolet,silverado 1500,excellent,8 cylinders,gas,39250.0,clean,automatic,4wd,full-size,truck,red,ky
12900,2009.0,toyota,highlander,,,gas,123338.0,clean,automatic,fwd,,wagon,blue,hi
3450,2006.0,ford,f-150,good,6 cylinders,gas,178000.0,clean,automatic,rwd,full-size,pickup,blue,ma
23590,2015.0,mazda,mx-5 miata grand touring,good,,gas,10316.0,clean,other,rwd,,other,black,in
7488,2013.0,nissan,versa sv,excellent,4 cylinders,gas,97000.0,,other,,,sedan,,il
19590,2019.0,chevrolet,bolt ev lt hatchback,good,,electric,9224.0,clean,other,fwd,,hatchback,,ca
4499,2008.0,chevrolet,uplander,,,gas,110077.0,clean,automatic,fwd,,van,orange,ny
27999,2021.0,subaru,crosstrek premium awd gas,,,gas,5037.0,clean,manual,4wd,,hatchback,silver,wa
3500,2004.0,nissan,quest s,good,6 cylinders,gas,134600.0,clean,automatic,fwd,mid-size,mini-van,brown,ca
6995,2006.0,mazda,tribute,excellent,6 cylinders,gas,126929.0,clean,automatic,fwd,,,,tx
3500,2008.0,,saab 9-5,excellent,4 cylinders,gas,151800.0,clean,automatic,fwd,mid-size,sedan,silver,vt
35590,2019.0,ford,ranger supercrew lariat,good,,gas,19305.0,clean,other,4wd,,pickup,black,fl
7999,2009.0,bmw,3 series 328i xdrive,like new,6 cylinders,gas,65000.0,rebuilt,automatic,4wd,,sedan,grey,vt
24995,2017.0,toyota,86,excellent,4 cylinders,gas,17532.0,clean,manual,fwd,mid-size,coupe,orange,ny
33111,2017.0,ford,f-250,,,other,177476.0,clean,automatic,4wd,,pickup,white,fl
15590,2019.0,ford,fiesta se hatchback 4d,good,,other,24471.0,clean,other,fwd,,hatchback,,ca
31590,2018.0,lincoln,continental select sedan,good,,other,22998.0,clean,other,,,sedan,,md
11995,2010.0,infiniti,qx56,excellent,,gas,139985.0,clean,automatic,4wd,,wagon,,va
31590,2017.0,infiniti,qx60 3.5 sport utility,good,,other,36656.0,clean,other,,,SUV,black,ga
18990,2018.0,mazda,mazda3 touring sedan 4d,good,,gas,18553.0,clean,other,fwd,,sedan,white,ok
9750,2007.0,acura,tl,excellent,6 cylinders,gas,136750.0,clean,automatic,fwd,mid-size,sedan,black,ny
14950,2013.0,toyota,tacoma 4dr access cab sr5,,6 cylinders,gas,202000.0,clean,automatic,4wd,,,,ma
20995,2008.0,bmw,m6,,10 cylinders,gas,73133.0,clean,automatic,rwd,,other,white,ca
37990,2020.0,cadillac,xt4 sport suv 4d,good,,gas,1366.0,clean,other,,,hatchback,white,pa
25996,2015.0,toyota,tundra,,,other,201522.0,clean,automatic,4wd,,pickup,brown,fl
5900,2004.0,honda,accord,excellent,4 cylinders,gas,142.0,clean,automatic,fwd,full-size,sedan,silver,fl
2800,2012.0,chevrolet,malibu,,,gas,1.0,clean,automatic,,,sedan,,il
13500,2010.0,infiniti,fx35,excellent,6 cylinders,gas,90008.0,clean,automatic,4wd,mid-size,SUV,white,nv
3500,1990.0,chevrolet,silverado,good,8 cylinders,gas,180000.0,clean,manual,rwd,,truck,custom,tx
18800,2007.0,chevrolet,silverado flatbed,like new,8 cylinders,diesel,1.0,clean,automatic,rwd,full-size,truck,red,fl
14974,2014.0,dodge,charger,,6 cylinders,gas,75992.0,clean,automatic,rwd,full-size,sedan,white,tn
2990,2004.0,honda,accord,,,gas,,clean,automatic,,,sedan,,va
39999,2015.0,toyota,tundra sr5 trd offroad,,,gas,83003.0,clean,automatic,4wd,,truck,silver,wa
13900,2004.0,audi,s4 4dr sdn quattro awd man,,8 cylinders,gas,71000.0,clean,manual,,,sedan,black,ut
20590,2013.0,infiniti,g g37 sport coupe 2d,good,6 cylinders,gas,57181.0,clean,other,rwd,,coupe,black,tx
29999,2018.0,ford,edge,,4 cylinders,gas,22288.0,clean,automatic,4wd,,SUV,red,tx
6255,2008.0,toyota,scion xb,,,gas,137800.0,clean,automatic,fwd,,wagon,silver,va
11000,2005.0,jeep,wrangler,good,4 cylinders,gas,165000.0,clean,manual,4wd,,convertible,orange,or
15590,2017.0,subaru,impreza 2.0i premium,good,,other,85680.0,clean,automatic,,,wagon,red,az
24900,2018.0,lexus,es 350,excellent,6 cylinders,gas,50110.0,clean,automatic,fwd,mid-size,sedan,white,ca
41000,2019.0,ford,f-150,excellent,8 cylinders,gas,11800.0,lien,automatic,4wd,,truck,,mt
12995,2014.0,jeep,grand cherokee,,6 cylinders,gas,167943.0,clean,automatic,4wd,,SUV,,nh
5950,2007.0,honda,accord,,,gas,182000.0,clean,automatic,,,,,tx
579,2016.0,bmw,7 series,,6 cylinders,gas,13687.0,clean,automatic,rwd,,sedan,,hi
4000,2007.0,honda,fit sport,excellent,4 cylinders,gas,202567.0,clean,automatic,fwd,,hatchback,black,ny
1500,2009.0,cadillac,cts sedan,fair,6 cylinders,gas,114000.0,clean,automatic,4wd,,sedan,silver,ri
19999,2017.0,toyota,rav4 xle,excellent,4 cylinders,gas,75982.0,clean,automatic,fwd,mid-size,SUV,grey,tn
33990,2016.0,chevrolet,express commercial cutaway,good,8 cylinders,gas,12398.0,clean,automatic,rwd,full-size,truck,white,al
10990,2013.0,nissan,sentra s sedan 4d,good,,gas,81557.0,clean,other,fwd,,sedan,red,ma
31991,2018.0,mercedes-benz,c-class,,4 cylinders,other,17362.0,clean,automatic,rwd,compact,sedan,grey,nv
2800,2004.0,honda,odyssey ex,excellent,6 cylinders,gas,142000.0,clean,automatic,,full-size,mini-van,grey,nj
1,2017.0,rover,discovery sport,excellent,4 cylinders,gas,31867.0,clean,other,4wd,full-size,SUV,white,fl
8988,2011.0,dodge,nitro heat 4x4,good,6 cylinders,gas,144211.0,clean,automatic,4wd,full-size,SUV,red,pa
29590,2015.0,chevrolet,silverado 1500 double,good,,other,43874.0,clean,other,,,pickup,,md
8700,2011.0,mini,cooper s clubman,like new,4 cylinders,gas,65411.0,clean,manual,rwd,,,silver,ca
23600,2018.0,honda,civic,like new,4 cylinders,gas,4675.0,clean,automatic,fwd,mid-size,sedan,silver,nc
12800,2013.0,ford,e250 econoline cargo van,excellent,8 cylinders,gas,144441.0,clean,automatic,rwd,,van,white,tx
6900,2017.0,hyundai,veloster,excellent,,gas,104723.0,rebuilt,automatic,fwd,,,,tn
44590,2020.0,ram,2500 crew cab tradesman,good,8 cylinders,gas,8008.0,clean,other,,,pickup,white,az
30990,2014.0,ford,f150 supercrew cab fx4,good,,other,67344.0,clean,other,4wd,,pickup,orange,pa
36990,2018.0,ram,1500 big horn,,,gas,36542.0,clean,automatic,,,,,ia
14500,2017.0,subaru,,like new,4 cylinders,gas,26000.0,clean,automatic,4wd,mid-size,SUV,blue,de
10999,2009.0,audi,q5,,,gas,112724.0,clean,automatic,4wd,,,,wi
4500,2012.0,nissan,altima,like new,4 cylinders,gas,157143.0,clean,automatic,fwd,compact,sedan,grey,fl
5750,2013.0,chevrolet,spark ls,good,4 cylinders,gas,140000.0,clean,automatic,fwd,compact,hatchback,,fl
16990,2018.0,nissan,leaf s hatchback 4d,good,,other,19402.0,clean,other,fwd,,hatchback,white,nm
14988,2014.0,subaru,xv crosstrek,,,hybrid,88597.0,clean,automatic,,,other,,co
241,2015.0,buick,encore,,4 cylinders,gas,73935.0,clean,automatic,fwd,,SUV,,or
39500,2017.0,gmc,sierra 1500 slt,good,8 cylinders,other,73527.0,clean,other,,,pickup,,id
11995,2016.0,chevrolet,trax lt,like new,4 cylinders,gas,50789.0,clean,automatic,fwd,,,,ia
22990,1999.0,mercedes-benz,sl500 roadster,like new,8 cylinders,gas,30351.0,clean,automatic,rwd,,convertible,silver,sc
11700,2010.0,mercedes-benz,e-class e350,excellent,6 cylinders,gas,117808.0,,automatic,4wd,,sedan,,tn
1600,1982.0,chevrolet,c30,,8 cylinders,diesel,50000.0,clean,automatic,rwd,,truck,,nv
32900,2015.0,volvo,vnl64t670,excellent,6 cylinders,diesel,640000.0,clean,automatic,rwd,,truck,black,ny
19995,2014.0,jeep,wrangler sport,,6 cylinders,gas,35000.0,rebuilt,manual,4wd,,SUV,red,ma
29900,2008.0,ford,f-550 xl,,,diesel,56335.0,clean,automatic,,,other,blue,nj
7425,2003.0,pontiac,montana,,,gas,56071.0,clean,automatic,,,,,ne
37000,1937.0,ford,tudor,,8 cylinders,gas,12345.0,clean,automatic,,,,,md
5500,2011.0,toyota,camry,,4 cylinders,gas,285594.0,clean,automatic,fwd,,sedan,grey,dc
19990,2017.0,subaru,impreza 2.0i limited,good,,gas,19306.0,clean,other,,,sedan,blue,az
4900,2004.0,volvo,s80,excellent,6 cylinders,gas,95643.0,clean,automatic,fwd,,,,fl
11995,2013.0,honda,cr-v ex-l 4wd,excellent,4 cylinders,gas,150901.0,clean,automatic,4wd,,SUV,blue,pa
4950,2001.0,chevrolet,s10 ext. cab,,4 cylinders,gas,45802.0,clean,automatic,,,pickup,,ct
28590,2017.0,chevrolet,silverado 1500 regular,good,6 cylinders,gas,102.0,clean,other,,,pickup,red,il
19990,2017.0,nissan,rogue sv sport utility 4d,good,,gas,18876.0,clean,other,,,hatchback,black,in
45995,2012.0,ram,3500 laramie drw crew cab cummins,,6 cylinders,diesel,97379.0,clean,automatic,4wd,,pickup,red,ca
21500,2013.0,,Ferightliner M2112,like new,,diesel,402856.0,clean,manual,,,truck,white,tn
5950,2011.0,honda,fit,,,gas,132240.0,clean,automatic,,compact,hatchback,red,oh
190,2015.0,ford,focus,excellent,4 cylinders,gas,94000.0,clean,automatic,fwd,full-size,sedan,brown,id
4500,2014.0,honda,civic,good,4 cylinders,gas,159000.0,clean,automatic,fwd,compact,sedan,red,fl
500,2015.0,,all makes and models,,,gas,80000.0,clean,automatic,,,,,tx
11495,2007.0,cadillac,escalade esv awd,like new,8 cylinders,gas,178823.0,clean,automatic,4wd,full-size,SUV,white,sd
33590,2016.0,lexus,gx 460 sport utility 4d,good,8 cylinders,gas,55383.0,clean,other,4wd,,other,black,ma
12987,1985.0,chevrolet,c/k 20,good,8 cylinders,gas,31151.0,clean,other,rwd,full-size,truck,black,tx
32590,2019.0,mazda,mx-5 miata rf grand,good,,gas,2612.0,clean,other,rwd,,other,red,ma
19995,2015.0,ford,flex,excellent,6 cylinders,gas,107663.0,clean,automatic,4wd,full-size,wagon,blue,wi
1900,1996.0,toyota,corolla,good,4 cylinders,gas,196.0,clean,automatic,,,,,fl
16495,2008.0,toyota,tundra,excellent,8 cylinders,gas,132000.0,clean,automatic,4wd,full-size,truck,blue,me
99,2017.0,jeep,wrangler,,,gas,27592.0,clean,automatic,4wd,full-size,,,me
10900,2012.0,mazda,cx9,like new,6 cylinders,gas,131000.0,clean,automatic,4wd,full-size,SUV,black,ks
8650,2013.0,jeep,patriot sport 4x4,excellent,4 cylinders,gas,90118.0,clean,automatic,4wd,mid-size,SUV,silver,ks
42995,2018.0,ram,2500,excellent,8 cylinders,gas,74726.0,clean,automatic,4wd,,,,wi
3500,1967.0,ford,f100,,,gas,65855.0,clean,automatic,,,pickup,,tx
10990,2014.0,dodge,grand caravan sxt,excellent,6 cylinders,gas,110608.0,clean,automatic,fwd,mid-size,mini-van,silver,or
7995,2004.0,nissan,frontier,good,6 cylinders,gas,134040.0,rebuilt,automatic,4wd,,,silver,ca
18000,2007.0,gmc,sierra,,,gas,162.0,salvage,automatic,rwd,,,,ca
29990,2015.0,cadillac,xts vsport platinum,good,6 cylinders,gas,22661.0,clean,other,,,sedan,red,co
51988,2021.0,chevrolet,silverado,like new,8 cylinders,gas,7652.0,clean,automatic,4wd,,,,ks
63814,2020.0,ram,2500 laramie,,,gas,18938.0,clean,automatic,,,,,ga
3000,2003.0,chevrolet,trailblazer ls,good,6 cylinders,gas,114000.0,clean,automatic,fwd,full-size,SUV,black,la
65000,2017.0,,freightliner cascadia,,,diesel,468000.0,clean,manual,,,,,wi
44590,2018.0,gmc,sierra 1500 crew cab slt,good,,other,15649.0,clean,other,4wd,,pickup,red,sc
9995,2010.0,lincoln,navigator,,,other,178312.0,clean,automatic,4wd,,SUV,black,nj
15000,1998.0,ford,,,,diesel,99425.0,clean,automatic,,,,,md
13500,2011.0,chevrolet,silverado 1500,excellent,8 cylinders,gas,110000.0,clean,automatic,rwd,full-size,pickup,blue,la
10000,2013.0,ford,taurus sel,like new,6 cylinders,gas,104000.0,clean,automatic,fwd,full-size,,red,ny
26500,1968.0,jeep,dump truck kaiser m817,fair,,other,1.0,clean,manual,,full-size,other,green,wi
34999,2019.0,toyota,tacoma sr5 rwd 1/4 ton,,,gas,39650.0,clean,automatic,rwd,,truck,silver,wa
1600,2006.0,chevrolet,hhr,,4 cylinders,gas,250200.0,clean,manual,fwd,,SUV,blue,md
48590,2019.0,mercedes-benz,c-class c 300,good,,other,24685.0,clean,other,,,convertible,black,pa
15990,2012.0,dodge,challenger,good,,gas,83617.0,clean,automatic,rwd,mid-size,coupe,silver,oh
27800,2006.0,,Hummer H2,good,8 cylinders,gas,79027.0,clean,automatic,4wd,full-size,SUV,,nc
49800,2017.0,gmc,sierra 1500 denali,excellent,8 cylinders,gas,21590.0,clean,automatic,4wd,full-size,truck,black,mn
34990,2014.0,bmw,6 series 640i convertible 2d,good,,gas,35788.0,clean,automatic,rwd,,other,white,dc
6490,2004.0,lexus,ls430,excellent,8 cylinders,gas,183722.0,clean,automatic,rwd,full-size,sedan,black,mn
23900,2017.0,ford,focus rs,excellent,4 cylinders,gas,51821.0,rebuilt,manual,4wd,compact,hatchback,blue,nc
15990,2016.0,chevrolet,cruze limited ltz,good,,gas,46252.0,clean,other,fwd,,sedan,black,fl
800,2003.0,acura,tl,,,gas,102000.0,clean,automatic,,,,,ny
350,2019.0,honda,cr-v,,4 cylinders,gas,23367.0,clean,automatic,4wd,,SUV,,or
14900,2004.0,chevrolet,avalanche z71,excellent,,gas,59600.0,clean,automatic,,,,,il
8995,2011.0,ford,escape,,6 cylinders,gas,122280.0,clean,automatic,4wd,,SUV,grey,il
489,2018.0,mercedes-benz,gle-class,,,gas,29509.0,clean,automatic,,,SUV,white,nj
27500,2016.0,ram,1500 slt,excellent,,diesel,104373.0,clean,automatic,4wd,full-size,truck,white,id
27999,2013.0,ford,f-150 king ranch,good,6 cylinders,gas,100458.0,clean,automatic,4wd,full-size,truck,brown,ak
29590,2017.0,ford,expedition xlt sport,good,6 cylinders,gas,70760.0,clean,other,4wd,,SUV,blue,mi
25981,2018.0,infiniti,q50,,,gas,42148.0,clean,automatic,4wd,,sedan,,oh
9995,2008.0,ford,mustang,excellent,,gas,142402.0,clean,automatic,rwd,,coupe,black,ca
42900,2013.0,ford,super duty f-250 srw,excellent,8 cylinders,diesel,145000.0,clean,automatic,4wd,full-size,truck,black,nc
10800,2006.0,dodge,caravan wheelchair van,excellent,,gas,160000.0,clean,automatic,,,,,tn
8999,2012.0,jeep,wrangler,,,other,127223.0,salvage,automatic,4wd,,SUV,,pa
35995,2018.0,bmw,5 series,,4 cylinders,gas,41911.0,clean,automatic,,,sedan,black,ny
23900,2014.0,mercedes-benz,e-class,good,6 cylinders,gas,34356.0,clean,automatic,rwd,,sedan,black,ia
17995,2006.0,ford,mustang,excellent,8 cylinders,gas,38075.0,clean,manual,,,other,white,nj
36590,2019.0,chevrolet,silverado 1500 crew,good,8 cylinders,gas,7619.0,clean,other,,,pickup,white,in
57995,2019.0,ford,f-350 dually crew cab,excellent,8 cylinders,diesel,84610.0,clean,automatic,4wd,full-size,truck,white,id
12500,2001.0,ford,f350,good,10 cylinders,gas,69110.0,clean,automatic,4wd,full-size,pickup,blue,dc
2885,2005.0,chevrolet,trailblazer ls,good,6 cylinders,gas,171561.0,clean,automatic,4wd,,,,mn
3800,2004.0,honda,civic,excellent,4 cylinders,gas,205000.0,clean,automatic,fwd,,,,ca
19599,2018.0,hyundai,tucson,,4 cylinders,gas,45769.0,clean,automatic,fwd,mid-size,SUV,silver,ga
5900,2006.0,ford,focus wagon zxw,,,gas,39000.0,clean,automatic,,,,,mi
25999,2015.0,jeep,grand cherokee limited 4x4,,,gas,75386.0,clean,automatic,4wd,,SUV,brown,wa
30981,2016.0,mercedes-benz,glc 300,,4 cylinders,gas,42939.0,clean,automatic,4wd,,SUV,white,ca
10750,2008.0,toyota,sequoia sr5,,,gas,241279.0,clean,automatic,,,,,la
17990,2012.0,acura,rdx sh-awd sport utility,good,,gas,57685.0,clean,automatic,,,SUV,white,va
4000,2008.0,nissan,altima,good,6 cylinders,gas,178900.0,rebuilt,automatic,,,sedan,green,tn
42995,2019.0,ford,super duty f-250 srw,,,gas,45371.0,clean,automatic,4wd,,pickup,white,tx
33988,2018.0,acura,rlx w/technology pkg,good,,other,23831.0,clean,automatic,fwd,,hatchback,white,mo
47999,2016.0,ford,f350,,,diesel,111536.0,clean,automatic,,,,,mo
44995,1940.0,mercury,phaeton,excellent,8 cylinders,gas,40745.0,clean,manual,,,convertible,,ca
82999,2016.0,porsche,911 carrera gts,,,gas,75000.0,clean,automatic,,,,,ny
99,2015.0,volkswagen,jetta,,,gas,116424.0,clean,automatic,fwd,full-size,sedan,white,me
20500,2014.0,chevrolet,silverado,excellent,8 cylinders,gas,121000.0,clean,automatic,,full-size,truck,blue,nc
17995,2013.0,lexus,rx 350,,,gas,140088.0,clean,automatic,,,,,mn
16900,2020.0,kia,soul,excellent,,gas,22901.0,clean,automatic,fwd,,SUV,black,ky
10988,2016.0,jeep,patriot latitude - 4wd - heated seats - recently s,excellent,4 cylinders,gas,,clean,automatic,4wd,,SUV,red,ca
2900,2009.0,volkswagen,tiguan,,4 cylinders,gas,170000.0,clean,automatic,4wd,,,,ny
42980,2018.0,ram,3500,,6 cylinders,diesel,159850.0,clean,automatic,4wd,,truck,silver,id
16998,2018.0,nissan,rogue,excellent,4 cylinders,gas,61755.0,clean,automatic,4wd,mid-size,SUV,grey,vt
9995,2013.0,acura,tsx,,,gas,131365.0,clean,automatic,,,,,mo
1200,1994.0,ram,1500,fair,8 cylinders,gas,134000.0,clean,automatic,4wd,,,,wi
8500,2010.0,kia,forte,excellent,4 cylinders,gas,101000.0,clean,automatic,rwd,,,black,fl
25990,2018.0,lincoln,mkz premiere hybrid,good,,hybrid,17500.0,clean,other,fwd,,sedan,silver,mo
29995,2015.0,ram,2500 crew cab,,6 cylinders,diesel,157824.0,clean,automatic,4wd,,pickup,white,pa
25500,2017.0,jeep,grand cherokee,excellent,,gas,79367.0,clean,automatic,4wd,,SUV,,wi
16495,2017.0,gmc,terrain,,,gas,98586.0,clean,automatic,fwd,,SUV,blue,ca
6995,2008.0,honda,fit sport hatchback,,4 cylinders,gas,151890.0,clean,automatic,,,hatchback,silver,az
15590,2012.0,mini,coupe cooper s 2d,good,,gas,41286.0,clean,other,fwd,,coupe,white,tx
9895,2014.0,chevrolet,silverado 1500,good,8 cylinders,gas,200365.0,clean,automatic,4wd,full-size,truck,white,wy
10500,2011.0,honda,cr-v ex-l,,4 cylinders,gas,107590.0,clean,automatic,4wd,,,brown,nc
33998,2019.0,infiniti,qx50,,,gas,54556.0,clean,automatic,fwd,,,brown,ok
7995,2010.0,honda,accord,excellent,4 cylinders,gas,151000.0,clean,automatic,fwd,,sedan,red,or
7950,2008.0,jeep,grand cherokee laredo,good,6 cylinders,other,170456.0,clean,automatic,4wd,,other,,ia
19750,1975.0,lincoln,,,,gas,71047.0,clean,automatic,,,,blue,ca
30990,2016.0,gmc,canyon crew cab sle pickup,good,6 cylinders,gas,51605.0,clean,other,4wd,,pickup,silver,ga
31950,2016.0,mercedes-benz,e350 4matic awd sp,,,gas,63000.0,clean,automatic,,,,,wi
49628,2019.0,ford,f-150,,,gas,46310.0,clean,automatic,4wd,,pickup,black,mo
14900,2011.0,audi,a6,excellent,6 cylinders,gas,83000.0,clean,automatic,4wd,mid-size,sedan,silver,co
34590,2017.0,lexus,rx 350 sport utility 4d,good,,other,20747.0,clean,other,,,SUV,,md
36999,2017.0,ford,f150 xlt 4x4 1/2 ton gas,,,gas,41339.0,clean,automatic,4wd,,truck,white,id
32590,2015.0,mercedes-benz,gla-class gla 45,good,,gas,34811.0,clean,other,,,other,black,ca
4500,1989.0,cadillac,brougham,,,gas,165000.0,clean,automatic,,,,,oh
7495,2008.0,mini,cooper s,like new,4 cylinders,gas,84217.0,clean,automatic,fwd,,,yellow,id
5450,2004.0,honda,cr-v,,,gas,188592.0,clean,automatic,4wd,,other,silver,sc
3500,2005.0,toyota,prius hybrid,excellent,4 cylinders,hybrid,212000.0,clean,automatic,fwd,,,,or
18590,2016.0,buick,regal sedan 4d,good,,gas,33981.0,clean,other,,,sedan,silver,ny
19990,2014.0,acura,rlx sedan 4d,good,6 cylinders,gas,65260.0,clean,other,fwd,,sedan,white,tx
40590,2019.0,ram,1500 crew cab big horn,good,8 cylinders,gas,16931.0,clean,other,4wd,,pickup,,wi
38590,2015.0,dodge,challenger srt 392 coupe,good,8 cylinders,gas,24164.0,clean,other,rwd,,coupe,white,md
56499,2019.0,ford,f250 super duty lariat,like new,8 cylinders,diesel,112000.0,clean,automatic,4wd,full-size,truck,white,ga
6900,2008.0,lexus,is250,,,gas,154.0,clean,automatic,,,,,tx
10495,2015.0,chrysler,200,,,gas,155950.0,clean,automatic,fwd,,sedan,,oh
38886,2015.0,ram,3500 laramie,,,diesel,167092.0,clean,manual,,,,,tn
8999,2015.0,jeep,patriot,,,gas,86000.0,clean,automatic,,,,,ny
11997,2012.0,mercedes-benz,c-class,excellent,6 cylinders,gas,117682.0,clean,automatic,rwd,,sedan,grey,ok
42000,2018.0,chevrolet,tahoe lt,excellent,8 cylinders,gas,45000.0,clean,automatic,4wd,full-size,SUV,grey,ak
2500,2001.0,saturn,sl2,like new,4 cylinders,gas,130774.0,clean,automatic,4wd,mid-size,sedan,silver,or
19990,2014.0,audi,a5,like new,4 cylinders,gas,64525.0,clean,automatic,4wd,mid-size,coupe,black,ma
14998,2016.0,nissan,rogue,,4 cylinders,gas,91170.0,clean,automatic,4wd,,,green,pa
16999,2007.0,bmw,z4,,6 cylinders,gas,60913.0,,automatic,rwd,,coupe,blue,tn
30590,2019.0,ford,ranger supercrew xlt pickup,good,,gas,30313.0,clean,other,,,pickup,,tx
37000,2014.0,chevrolet,camaro ss,,,gas,22700.0,clean,automatic,,,,,hi
6000,2010.0,jeep,patriot,excellent,4 cylinders,gas,134000.0,clean,manual,4wd,sub-compact,SUV,white,co
3699,2004.0,ford,focus se,excellent,4 cylinders,gas,162185.0,clean,automatic,,,sedan,,ca
21995,2012.0,jeep,wrangler,,,gas,102278.0,clean,automatic,4wd,,other,white,az
39990,2018.0,audi,s5 prestige sedan 4d,good,,other,45227.0,clean,other,,,sedan,black,dc
1,2016.0,chrysler,200,,,gas,100000.0,clean,automatic,,,,,tx
5977,2006.0,toyota,camry,,,gas,154813.0,clean,automatic,,,sedan,white,mt
9990,2012.0,gmc,terrain,excellent,4 cylinders,gas,123627.0,clean,automatic,,,SUV,,wi
5998,2009.0,pontiac,vibe,,4 cylinders,gas,141500.0,,automatic,fwd,,hatchback,silver,ia
72995,2019.0,chevrolet,silverado hd,,,diesel,35562.0,clean,automatic,4wd,,pickup,silver,ca
15250,2015.0,honda,crv,good,6 cylinders,gas,84000.0,clean,automatic,4wd,mid-size,SUV,grey,pa
18990,2019.0,jeep,renegade latitude sport,good,,other,9110.0,clean,other,,,SUV,blue,sc
12731,2015.0,chevrolet,volt,good,4 cylinders,hybrid,55189.0,clean,automatic,fwd,,hatchback,black,wi
39590,2018.0,jeep,wrangler unlimited all new,good,6 cylinders,gas,21893.0,clean,other,4wd,,SUV,silver,pa
13990,2013.0,ford,c-max hybrid se wagon 4d,good,,other,23916.0,clean,other,fwd,,wagon,white,ca
5100,2004.0,mazda,rx-8,,,gas,90000.0,clean,manual,,,,,mn
8900,1994.0,gmc,top kick,good,6 cylinders,diesel,202000.0,clean,automatic,rwd,full-size,truck,yellow,nc
5990,2002.0,jeep,grand cherokee,,,gas,180844.0,clean,automatic,4wd,,SUV,green,or
7995,2000.0,chevrolet,astro,good,6 cylinders,gas,67482.0,clean,automatic,rwd,full-size,van,white,nv
11995,2008.0,gmc,acadia,,,gas,107450.0,clean,automatic,fwd,,SUV,,tx
31590,2018.0,audi,a4 premium plus sedan 4d,good,,gas,13304.0,clean,other,,,sedan,silver,fl
13800,2014.0,ford,flex,,,other,135049.0,clean,automatic,,,,,tx
16000,2018.0,ford,escape se,excellent,4 cylinders,gas,12000.0,clean,automatic,fwd,full-size,hatchback,grey,pa
46350,1931.0,ford,model a,like new,8 cylinders,gas,10000.0,clean,automatic,rwd,full-size,sedan,black,wi
18000,2011.0,toyota,tacoma,,,gas,154165.0,clean,automatic,,,pickup,,mi
8500,2002.0,mercedes-benz,benz clk 55 amg,good,8 cylinders,gas,87000.0,clean,automatic,fwd,,convertible,silver,nj
97,2013.0,ford,escape,,,gas,122555.0,clean,automatic,,,,,mi
46495,2017.0,ford,f-150,,6 cylinders,gas,58297.0,clean,automatic,4wd,,truck,black,or
4500,2001.0,cadillac,deville,excellent,8 cylinders,gas,150000.0,clean,automatic,4wd,full-size,sedan,custom,ga
11999,2008.0,gmc,sierra,good,8 cylinders,gas,119527.0,clean,automatic,rwd,full-size,truck,white,ca
3400,2005.0,ford,escape,,,gas,180000.0,clean,automatic,,,,,fl
6500,2003.0,rover,,good,8 cylinders,gas,190167.0,clean,automatic,4wd,full-size,SUV,black,fl
5500,2008.0,gmc,acadia,good,6 cylinders,gas,185500.0,clean,automatic,fwd,,SUV,,mo
10500,2011.0,hyundai,genesis 4.6l,good,8 cylinders,gas,137251.0,clean,automatic,,full-size,sedan,black,ga
20000,2003.0,ford,f-250 super duty,excellent,8 cylinders,diesel,124000.0,clean,automatic,4wd,full-size,truck,white,ca
19590,2018.0,honda,civic lx coupe 2d,good,,gas,35931.0,clean,other,fwd,,coupe,white,in
6880,2011.0,hyundai,santa fe gls,good,4 cylinders,gas,140321.0,clean,automatic,fwd,,,grey,la
33990,2018.0,bmw,5 series 530i xdrive sedan,good,,gas,25642.0,clean,other,,,sedan,silver,md
19995,2001.0,chevrolet,silverado,fair,8 cylinders,diesel,207000.0,clean,automatic,4wd,full-size,truck,white,nv
8900,2012.0,honda,odyssey,excellent,6 cylinders,gas,178000.0,clean,automatic,fwd,,,grey,tn
6495,2015.0,chevrolet,spark lt,excellent,4 cylinders,gas,32495.0,rebuilt,automatic,fwd,,hatchback,grey,ia
24990,2016.0,cadillac,ats 2.0l turbo luxury,good,,gas,39553.0,clean,other,,,coupe,silver,mi
27988,2013.0,ford,f450,excellent,10 cylinders,gas,149207.0,clean,automatic,4wd,full-size,truck,white,tn
8995,2014.0,ford,fusion hybrid se hybrid,excellent,4 cylinders,hybrid,102910.0,clean,automatic,,,other,,ca
29990,2019.0,ford,f150 regular cab xl pickup,good,6 cylinders,other,14077.0,clean,other,,,pickup,white,co
14777,2013.0,acura,tl,,,gas,96285.0,clean,automatic,,,sedan,black,dc
7999,2017.0,honda,fit,excellent,4 cylinders,gas,34178.0,clean,automatic,rwd,,hatchback,grey,tx
22439,2014.0,ram,1500 st tradesman/express,excellent,8 cylinders,gas,63401.0,,automatic,4wd,,truck,,oh
2200,2010.0,ford,focus,,4 cylinders,gas,192928.0,clean,automatic,fwd,,sedan,blue,md
10875,1998.0,ford,e150 conversion van,good,8 cylinders,gas,112839.0,clean,automatic,rwd,full-size,van,white,ok
26000,2011.0,chevrolet,camaro,excellent,8 cylinders,gas,30000.0,clean,manual,rwd,,coupe,grey,il
39590,2019.0,chevrolet,silverado 1500 ld,good,8 cylinders,gas,23488.0,clean,other,4wd,,pickup,black,ky
8990,2013.0,,smart fortwo Passion Hatchback,good,,gas,59072.0,clean,automatic,rwd,,coupe,silver,al
13900,2008.0,dodge,caliber srt4,excellent,4 cylinders,gas,76000.0,clean,manual,fwd,compact,hatchback,orange,pa
49995,2019.0,ram,2500,,,other,41401.0,clean,automatic,,,pickup,white,tx
40590,2013.0,cadillac,cts cts-v coupe 2d,good,,other,57384.0,clean,other,rwd,,coupe,white,mi
8995,2011.0,honda,cr-v,excellent,4 cylinders,gas,124350.0,clean,automatic,4wd,,other,grey,ma
9988,2013.0,nissan,frontier,like new,4 cylinders,gas,200000.0,clean,automatic,rwd,full-size,truck,white,tx
28000,2005.0,ford,mustang v6,excellent,6 cylinders,gas,106000.0,clean,automatic,rwd,,coupe,red,az
45590,2019.0,toyota,tundra crewmax limited,good,8 cylinders,gas,10056.0,clean,other,,,pickup,silver,ca
19950,2017.0,volkswagen,jetta gli,,4 cylinders,gas,29350.0,clean,automatic,fwd,,sedan,white,nc
2500,2003.0,ford,focus se,good,4 cylinders,gas,213800.0,clean,automatic,,,wagon,,tn
14995,2015.0,volkswagen,passat,,4 cylinders,diesel,51934.0,clean,automatic,fwd,,sedan,blue,ut
25990,2016.0,toyota,tacoma access cab sr5,good,,other,79393.0,clean,other,,,pickup,silver,ma
29999,2005.0,jeep,wrangler unlimited,,6 cylinders,gas,21401.0,clean,automatic,4wd,,SUV,,co
39995,2020.0,ford,transit cargo van,,,gas,9291.0,clean,automatic,rwd,,,white,tx
8950,2009.0,lexus,is 250 awd nav,good,4 cylinders,gas,134730.0,clean,automatic,4wd,mid-size,sedan,blue,al
4900,2008.0,toyota,camry hybrid,excellent,,hybrid,191348.0,clean,automatic,,,,,fl
27590,2015.0,toyota,4runner sr5 sport utility,good,6 cylinders,gas,76451.0,clean,automatic,,,other,,ca
17990,2013.0,toyota,avalon limited,excellent,6 cylinders,gas,84864.0,clean,automatic,fwd,compact,sedan,custom,fl
33988,2017.0,toyota,tacoma,,,gas,17825.0,clean,manual,,,,,ia
10000,1931.0,ford,,good,4 cylinders,gas,42000.0,clean,manual,,,sedan,,oh
500,2015.0,chevrolet,camaro,,,gas,40000.0,clean,automatic,,,,,ct
14921,2016.0,bmw,3 series 320i xdrive,good,,other,75992.0,clean,automatic,,,sedan,,co
34990,2020.0,lexus,nx 300 sport utility 4d,good,,gas,1722.0,clean,other,fwd,,hatchback,black,pa
23000,2016.0,ram,2500,,6 cylinders,diesel,229057.0,clean,automatic,rwd,,truck,silver,ca
25990,2016.0,bmw,3 series 340i sedan 4d,good,,gas,45611.0,clean,automatic,rwd,,sedan,black,wi
33990,2019.0,ford,f150 regular cab xl pickup,good,8 cylinders,gas,11751.0,clean,other,,,pickup,,ma
6577,2013.0,hyundai,elantra,,,gas,169396.0,clean,manual,,,sedan,blue,mt
16000,2001.0,ford,f250 super duty,good,8 cylinders,diesel,238000.0,clean,automatic,4wd,full-size,pickup,green,tx
8500,2011.0,bmw,3-series,excellent,6 cylinders,gas,125680.0,clean,automatic,4wd,compact,sedan,silver,ok
26950,2013.0,audi,s6 prestige quattro awd,,,gas,69094.0,clean,automatic,,,,,sd
1,2013.0,ford,f-150,,,gas,120000.0,clean,automatic,,,,,mi
4500,2003.0,subaru,wrx,good,4 cylinders,gas,194500.0,clean,automatic,4wd,,,yellow,or
16995,2012.0,rover,,excellent,8 cylinders,gas,120951.0,clean,automatic,4wd,,SUV,white,nc
5900,2002.0,chevrolet,monte carlo ls,like new,6 cylinders,gas,35700.0,clean,automatic,fwd,full-size,coupe,,tn
27990,2020.0,gmc,terrain sle sport utility 4d,good,,gas,4481.0,clean,other,fwd,,other,,az
32590,2018.0,bmw,x3 xdrive30i sport utility,good,,gas,28118.0,clean,automatic,,,other,black,wi
15990,2018.0,kia,soul wagon 4d,good,,gas,26506.0,clean,other,fwd,,wagon,silver,tx
23590,2017.0,nissan,frontier king cab sv,good,,gas,37091.0,clean,other,fwd,,pickup,red,fl
12995,2016.0,kia,forte,,,gas,60380.0,clean,automatic,,,sedan,white,ca
37590,2017.0,toyota,tundra double cab limited,good,8 cylinders,other,25846.0,clean,automatic,,,pickup,,ca
39995,2014.0,ram,2500,good,6 cylinders,diesel,169500.0,clean,automatic,4wd,full-size,truck,white,mi
15997,2008.0,bmw,z4,excellent,6 cylinders,gas,88004.0,clean,automatic,rwd,,coupe,grey,tx
7200,2008.0,bmw,128i,good,6 cylinders,gas,137260.0,clean,manual,,,coupe,grey,ca
7375,2003.0,honda,cr-v,excellent,,gas,157290.0,clean,automatic,4wd,,SUV,white,id
24995,2019.0,ford,escape se awd,like new,4 cylinders,gas,15055.0,clean,automatic,4wd,,SUV,white,vt
25590,2018.0,audi,a4 ultra premium sedan 4d,good,,gas,26782.0,clean,other,fwd,,sedan,blue,nj
29089,2019.0,jeep,cherokee,,6 cylinders,gas,15208.0,clean,automatic,4wd,compact,SUV,white,co
4995,2007.0,toyota,prius,,,other,176541.0,clean,automatic,fwd,,hatchback,silver,pa
23590,2012.0,ford,f150 supercrew cab xlt,good,8 cylinders,gas,53752.0,clean,other,,,pickup,white,oh
5000,1990.0,mercedes-benz,,fair,6 cylinders,gas,72000.0,clean,automatic,fwd,sub-compact,convertible,red,tn
33590,2017.0,jeep,wrangler unlimited willys,good,6 cylinders,gas,26972.0,clean,other,4wd,,other,black,fl
26590,2018.0,honda,accord touring sedan 4d,good,,gas,41714.0,clean,other,fwd,,sedan,,ca
18500,2005.0,ram,2500,good,,diesel,184000.0,clean,automatic,4wd,full-size,pickup,red,co
6500,2009.0,chevrolet,impala,like new,6 cylinders,gas,75000.0,clean,automatic,fwd,mid-size,sedan,grey,oh
21000,2012.0,,ISUZU NPR-HD Box Truck,like new,4 cylinders,diesel,174000.0,clean,automatic,rwd,,truck,white,mi
14998,2014.0,bmw,3 series,,6 cylinders,hybrid,102792.0,clean,automatic,rwd,mid-size,sedan,white,sc
17590,2016.0,kia,soul ! wagon 4d,good,,other,9763.0,clean,other,fwd,,wagon,red,tx
8500,2015.0,chevrolet,equinox lt,good,4 cylinders,gas,70000.0,clean,automatic,4wd,full-size,SUV,grey,mi
12899,2013.0,cadillac,srx,,6 cylinders,gas,98486.0,clean,automatic,fwd,,SUV,grey,ca
2000,1996.0,saturn,,good,4 cylinders,gas,109000.0,clean,automatic,fwd,,,green,ca
7950,2014.0,ford,escape se,good,4 cylinders,gas,175001.0,clean,automatic,fwd,mid-size,SUV,blue,oh
9500,2006.0,chevrolet,silverado 3500,excellent,8 cylinders,diesel,220000.0,clean,automatic,rwd,full-size,truck,white,tx
33590,2017.0,audi,q5 3.0t premium plus sport,good,6 cylinders,gas,14318.0,clean,automatic,,,SUV,black,mi
39590,2020.0,bmw,x3 sdrive30i sport utility,good,,gas,3220.0,clean,automatic,rwd,,SUV,black,ny
4990,2006.0,pontiac,g6,,,other,120684.0,clean,automatic,fwd,,coupe,,az
12498,2012.0,honda,cr-v ex awd,good,4 cylinders,gas,104872.0,clean,automatic,4wd,mid-size,SUV,black,vt
7998,2010.0,subaru,legacy,,,gas,95353.0,clean,manual,,,sedan,silver,ma
26590,2017.0,kia,k900 premium sedan 4d,good,6 cylinders,gas,24667.0,clean,other,rwd,,sedan,black,nc
8900,1999.0,jeep,cherokee,excellent,6 cylinders,gas,87015.0,clean,automatic,4wd,mid-size,SUV,black,sc
21999,2017.0,cadillac,xts luxury automatic,,,gas,65691.0,clean,automatic,fwd,,sedan,white,tn
37990,2017.0,dodge,charger r/t scat pack,good,8 cylinders,gas,25957.0,clean,automatic,rwd,,sedan,black,in
34990,2018.0,jeep,wrangler unlimited all new,good,,other,13992.0,clean,other,4wd,,other,,wi
1500,2004.0,chevrolet,aveo,good,,gas,127750.0,clean,manual,,full-size,sedan,white,ny
3600,2007.0,saturn,vue,good,6 cylinders,gas,203500.0,clean,automatic,4wd,mid-size,SUV,black,tn
257,2018.0,volkswagen,tiguan limited,,4 cylinders,gas,31147.0,clean,automatic,4wd,,SUV,,or
26994,2013.0,ford,f150 limited,,,gas,132237.0,clean,automatic,,,,,sc
33990,2018.0,rover,range evoque se sport,good,,gas,31419.0,clean,other,4wd,,other,black,ma
23590,2017.0,audi,a4 ultra premium sedan 4d,good,,gas,25343.0,clean,other,fwd,,sedan,silver,nh
2900,2006.0,gmc,envoy,good,6 cylinders,gas,253000.0,clean,automatic,4wd,,,green,mi
3995,2003.0,mitsubishi,eclipse,good,6 cylinders,gas,124000.0,clean,manual,fwd,compact,hatchback,grey,il
32990,2020.0,chevrolet,express passenger,,,gas,14862.0,clean,automatic,rwd,,,white,il
4995,2009.0,pontiac,g6,,,gas,166191.0,clean,automatic,,,,,mi
19990,2017.0,subaru,legacy 2.5i premium sedan,good,,gas,10309.0,clean,other,,,sedan,white,ga
29995,2017.0,chevrolet,silverado 1500,,6 cylinders,gas,141697.0,clean,automatic,4wd,,truck,silver,co
195,2017.0,hyundai,elantra se,like new,4 cylinders,gas,54848.0,clean,automatic,fwd,,sedan,black,ny
26995,2014.0,chevrolet,silverado 1500,,6 cylinders,gas,79301.0,clean,automatic,4wd,,truck,black,il
18995,2014.0,chevrolet,silverado 1500 lt 4x4,,,gas,152568.0,clean,automatic,,,,red,pa
3900,2006.0,honda,civic lx,excellent,4 cylinders,gas,180000.0,clean,automatic,fwd,mid-size,,blue,md
6500,2015.0,ford,focus se,good,4 cylinders,gas,108208.0,clean,automatic,fwd,mid-size,sedan,black,ca
16984,2016.0,ford,escape,,4 cylinders,gas,86432.0,clean,automatic,4wd,,SUV,,ky
2500,2012.0,dodge,grand caravan,,,gas,1.0,clean,automatic,fwd,,other,,wi
4950,1964.0,dodge,dart 270 sedan,,,gas,81540.0,clean,automatic,,,,,co
2999,2004.0,kia,amanti,like new,6 cylinders,gas,140203.0,clean,automatic,fwd,,sedan,,wi
22950,2013.0,mercedes-benz,gl450 4matic 4wd l,,,gas,78249.0,clean,automatic,,,,,wi
25900,2015.0,chevrolet,silverado 1500 lt,good,8 cylinders,gas,112304.0,clean,other,rwd,,pickup,,ca
20990,2018.0,mitsubishi,outlander phev gt,good,,other,36773.0,clean,other,4wd,,other,,ca
25990,2014.0,gmc,sierra 1500 regular cab,good,6 cylinders,gas,15575.0,clean,other,,,pickup,brown,oh
13999,2008.0,rover,,,8 cylinders,gas,97393.0,clean,automatic,4wd,,SUV,,co
5495,2003.0,gmc,sierra 2500hd,good,8 cylinders,gas,192300.0,clean,automatic,rwd,full-size,pickup,white,id
7300,2009.0,bmw,x5,excellent,8 cylinders,gas,191000.0,clean,automatic,4wd,full-size,SUV,grey,ca
9800,2006.0,toyota,tacoma,excellent,4 cylinders,gas,195670.0,clean,automatic,,,,,ca
8998,2006.0,toyota,rav4,,,gas,187826.0,clean,automatic,4wd,,wagon,white,sc
5500,2005.0,,Suabru Impreza Outback,good,4 cylinders,gas,173000.0,clean,automatic,4wd,mid-size,hatchback,blue,nc
14999,2014.0,toyota,camry,good,4 cylinders,gas,76935.0,clean,automatic,rwd,,sedan,silver,ca
4468,2007.0,toyota,camry,excellent,4 cylinders,gas,142000.0,clean,automatic,fwd,full-size,sedan,silver,ne
20000,1990.0,volkswagen,vanagon westfalia,good,4 cylinders,gas,99000.0,clean,automatic,rwd,full-size,van,grey,vt
8750,1981.0,buick,riviera,like new,8 cylinders,gas,32000.0,clean,automatic,fwd,,,,nc
18999,2019.0,hyundai,kona,like new,4 cylinders,gas,19491.0,clean,automatic,4wd,compact,SUV,black,ri
12300,2013.0,gmc,terrain denali,excellent,6 cylinders,gas,133500.0,clean,automatic,4wd,,SUV,grey,ma
6995,2007.0,jeep,patriot,excellent,4 cylinders,gas,118464.0,clean,automatic,fwd,full-size,SUV,custom,ia
30990,2019.0,subaru,ascent premium sport,good,,gas,16161.0,clean,other,,,other,,ca
34974,2014.0,lexus,ls 460,,8 cylinders,gas,51485.0,clean,automatic,rwd,full-size,sedan,white,ca
11000,2003.0,jeep,wrangler,excellent,6 cylinders,gas,153641.0,clean,manual,4wd,mid-size,SUV,red,il
7999,2003.0,ford,expedition,excellent,,gas,0.0,clean,automatic,rwd,,SUV,blue,tx
14595,2016.0,chrysler,town country,excellent,6 cylinders,gas,109041.0,clean,automatic,fwd,full-size,van,grey,il
58988,2015.0,gmc,sierra 2500 hd crew cab,,8 cylinders,gas,70302.0,clean,automatic,4wd,,truck,,mt
14975,2013.0,bmw,x5,,6 cylinders,gas,97195.0,clean,automatic,4wd,mid-size,SUV,silver,md
29590,2017.0,ford,expedition xlt sport,good,6 cylinders,gas,70760.0,clean,other,4wd,,SUV,blue,ca
8495,2011.0,ford,escape limited,,,gas,124036.0,clean,automatic,,,,,wi
3000,2005.0,dodge,grand caravan,,6 cylinders,gas,148000.0,clean,automatic,fwd,,,,fl
9800,2012.0,honda,accord,like new,4 cylinders,gas,117600.0,clean,manual,fwd,compact,coupe,silver,nm
12999,2017.0,chevrolet,cruze ls sedan 4d,excellent,4 cylinders,gas,61908.0,,automatic,,,sedan,,ca
25990,2018.0,dodge,journey,good,6 cylinders,gas,29822.0,clean,automatic,4wd,,wagon,blue,or
22590,2020.0,buick,encore gx select sport,good,,other,5144.0,clean,other,,,SUV,red,md
10800,2011.0,toyota,sienna limited,excellent,6 cylinders,gas,173871.0,clean,automatic,4wd,full-size,van,green,ny
39995,2018.0,toyota,tundra,,8 cylinders,gas,54644.0,clean,automatic,4wd,,truck,,fl
4950,2008.0,dodge,charger,excellent,6 cylinders,gas,208311.0,clean,automatic,rwd,,sedan,white,va
2995,2004.0,ford,focus,good,4 cylinders,gas,104938.0,clean,automatic,fwd,,,grey,oh
19953,2017.0,jeep,patriot high alt,,,gas,28174.0,clean,automatic,,,,,il
10000,2001.0,chevrolet,silverado 2500hd,good,8 cylinders,gas,233954.0,clean,automatic,4wd,full-size,truck,grey,ny
27900,2014.0,ram,3500,,8 cylinders,gas,66788.0,,automatic,rwd,,pickup,white,al
13977,2014.0,ford,mustang,,,gas,104746.0,clean,automatic,,sub-compact,coupe,,oh
313,2018.0,toyota,camry hybrid le,good,,other,26369.0,clean,automatic,fwd,,sedan,silver,ca
18500,2006.0,lexus,gx470,good,8 cylinders,gas,169000.0,clean,automatic,4wd,,SUV,black,co
65400,2019.0,gmc,sierra 3500hd,like new,8 cylinders,diesel,15000.0,clean,automatic,4wd,full-size,truck,black,wa
6700,2007.0,bmw,335i coupe,excellent,6 cylinders,gas,139000.0,clean,automatic,rwd,mid-size,coupe,silver,ga
34590,2015.0,chevrolet,silverado 1500 crew,good,8 cylinders,gas,36240.0,clean,other,,,pickup,blue,mi
40998,2017.0,ram,1500,,8 cylinders,gas,70435.0,clean,automatic,4wd,,truck,,mt
96,2009.0,kia,borrego 2wd 4dr v6 ex,,6 cylinders,gas,176773.0,clean,automatic,rwd,,SUV,,or
19995,2013.0,ford,f150 xlt 4x4,like new,8 cylinders,gas,157279.0,clean,automatic,4wd,full-size,truck,white,sd
8000,2010.0,buick,lucerne,,,other,99168.0,clean,automatic,,full-size,sedan,red,ks
3900,2010.0,cadillac,srx,excellent,6 cylinders,gas,125000.0,clean,automatic,4wd,mid-size,SUV,blue,il
8000,2012.0,hyundai,sonata,excellent,4 cylinders,gas,147524.0,clean,automatic,fwd,full-size,sedan,blue,oh
20900,2003.0,chevrolet,corvette,good,8 cylinders,gas,49446.0,clean,manual,fwd,mid-size,convertible,black,ia
5400,2003.0,ram,1500 4x4,good,8 cylinders,gas,198000.0,clean,automatic,4wd,,pickup,red,mi
3500,2004.0,ford,thunderbird,,,gas,86306.0,clean,automatic,,,,,tn
21990,2016.0,mazda,mx-5 miata club,good,,other,41251.0,clean,other,rwd,,convertible,white,pa
6988,2007.0,buick,lucerne cxs,like new,8 cylinders,gas,137439.0,clean,automatic,,,,,ok
10000,1959.0,gmc,,,,diesel,400000.0,clean,manual,,,,,az
8450,2008.0,honda,pilot,,6 cylinders,gas,80000.0,clean,automatic,,,,,ny
21499,2013.0,ram,1500 4x4 crew cab,excellent,8 cylinders,gas,93086.0,clean,automatic,4wd,full-size,pickup,grey,ny
4995,2005.0,chevrolet,silverado 1500,good,8 cylinders,gas,142200.0,clean,automatic,rwd,full-size,truck,silver,oh
19590,2013.0,cadillac,xts luxury collection,good,6 cylinders,gas,67964.0,clean,other,fwd,,sedan,red,ga
66500,2017.0,rover,sport,excellent,,gas,44007.0,clean,automatic,4wd,,SUV,,fl
10905,2015.0,ford,focus se,excellent,4 cylinders,gas,78581.0,clean,automatic,fwd,full-size,hatchback,silver,ca
12995,2004.0,chevrolet,silverado 1500 ls 4dr crew cab ls,,8 cylinders,gas,109932.0,clean,automatic,4wd,,pickup,grey,wi
15990,2016.0,chevrolet,cruze limited ltz,good,,gas,46252.0,clean,other,fwd,,sedan,black,ks
44995,2017.0,ford,super duty f-450 drw,excellent,8 cylinders,diesel,195696.0,clean,automatic,4wd,full-size,pickup,white,ny
5500,2010.0,toyota,prius,good,4 cylinders,hybrid,120000.0,clean,automatic,fwd,full-size,hatchback,silver,oh
16990,2017.0,ford,c-max hybrid se wagon 4d,good,,hybrid,26566.0,clean,other,fwd,,wagon,,wi
8777,2012.0,ford,fusion,,,gas,49229.0,clean,automatic,,,sedan,black,oh
25000,1976.0,pontiac,trans am,excellent,8 cylinders,gas,6672.0,clean,manual,rwd,mid-size,coupe,white,id
23500,2013.0,chevrolet,silverado 2500hd,,8 cylinders,gas,198433.0,clean,automatic,4wd,,,red,tn
5990,2008.0,chevrolet,impala,,,other,129717.0,clean,automatic,fwd,,sedan,,az
22995,2008.0,ford,f-550,,,diesel,96000.0,clean,automatic,fwd,,other,red,pa
13988,2017.0,mazda,3,like new,,gas,69488.0,clean,automatic,fwd,,,,ok
38990,2019.0,ford,ranger supercrew lariat,good,,gas,16101.0,clean,other,4wd,,pickup,,ca
32990,2018.0,bmw,4 series 440i xdrive gran,good,,other,31703.0,clean,other,,,coupe,,mi
21499,2015.0,jeep,grand cherokee laredo 4x4,,,gas,96990.0,clean,automatic,4wd,,SUV,white,wa
49975,2012.0,ford,f450 regular cab,,,gas,57172.0,clean,,,,pickup,white,tx
5100,2003.0,toyota,matrix xr,good,4 cylinders,gas,138547.0,clean,automatic,fwd,compact,hatchback,yellow,ca
49988,2019.0,chevrolet,silverado,like new,8 cylinders,gas,53896.0,clean,automatic,4wd,,,,tx
24990,2013.0,bmw,1 series 135i convertible 2d,good,,gas,27287.0,clean,other,rwd,,other,black,ca
29990,2019.0,chevrolet,blazer 2lt sport,good,6 cylinders,gas,21462.0,clean,other,fwd,,other,red,ma
6900,2010.0,gmc,acadia,excellent,6 cylinders,gas,85456.0,clean,automatic,4wd,full-size,,grey,il
8499,2008.0,cadillac,sts,good,8 cylinders,gas,106567.0,clean,automatic,rwd,,sedan,custom,az
8995,2005.0,toyota,sequoia,,8 cylinders,gas,140080.0,clean,automatic,rwd,,,,tn
3350,2002.0,ford,ranger,,,gas,135793.0,clean,automatic,,,,,tx
7975,2014.0,volkswagen,passat,excellent,4 cylinders,gas,157000.0,clean,automatic,fwd,mid-size,sedan,black,ca
23995,2019.0,chevrolet,bolt ev,,,gas,34843.0,clean,automatic,fwd,,wagon,blue,ca
34900,2011.0,,International Hybrid 4300,,,diesel,135000.0,clean,automatic,,,,,nm
6900,2013.0,mazda,3,like new,4 cylinders,gas,93241.0,clean,automatic,fwd,,,,mt
11495,2012.0,mini,cooper s countryman,,,gas,90563.0,clean,manual,,compact,SUV,white,nj
32000,2015.0,ram,1500,,6 cylinders,diesel,72982.0,clean,automatic,4wd,,truck,,or
4500,2012.0,kia,soul,,,gas,120000.0,clean,automatic,,,,silver,al
23995,2010.0,jeep,wrangler,,6 cylinders,gas,96327.0,clean,manual,rwd,,SUV,black,ca
5900,2013.0,mini,cooper s,excellent,4 cylinders,gas,100.0,clean,automatic,fwd,compact,coupe,black,ny
13333,2015.0,kia,sedona ex,good,6 cylinders,gas,109890.0,clean,automatic,fwd,,van,brown,ca
7795,2013.0,hyundai,elantra,excellent,,gas,104790.0,clean,automatic,fwd,,sedan,blue,pa
13995,2010.0,hyundai,genesis,,6 cylinders,gas,130821.0,clean,,,,other,black,ks
40990,2017.0,lincoln,navigator l select sport,good,,other,31843.0,clean,automatic,4wd,,SUV,black,fl
24300,2016.0,audi,a6,excellent,4 cylinders,gas,35100.0,lien,automatic,fwd,mid-size,sedan,white,ok
14392,2010.0,nissan,frontier pro 4x,,,gas,130863.0,clean,automatic,,,other,red,pa
6500,2003.0,gmc,yukon denali,excellent,8 cylinders,gas,252305.0,clean,automatic,4wd,,,,ca
8500,1966.0,ford,mustang,good,6 cylinders,gas,71000.0,missing,automatic,,,,,nc
37995,2016.0,gmc,yukon xl denali 4x4,,,gas,109437.0,clean,automatic,,,,,mt
7900,2004.0,nissan,titan,,,gas,187222.0,clean,automatic,,,,,mi
19000,2015.0,mercedes-benz,benz glk 350,,,gas,72165.0,clean,automatic,,,,,hi
27997,2014.0,bmw,550i,,,gas,62767.0,clean,automatic,,,sedan,black,ca
400,2013.0,nissan,altima,,,gas,30000.0,clean,automatic,,,,,ca
28590,2018.0,jaguar,xe 25t premium sedan 4d,good,,gas,4007.0,clean,other,rwd,,sedan,black,wi
6995,2012.0,nissan,leaf sv electric,like new,other,electric,49152.0,clean,automatic,fwd,sub-compact,hatchback,silver,id
5200,2012.0,ford,fusion,good,4 cylinders,gas,170200.0,clean,automatic,fwd,,sedan,black,oh
9400,2014.0,volkswagen,jetta,,4 cylinders,gas,44156.0,clean,automatic,fwd,,sedan,custom,or
16995,2006.0,ford,e-series cargo,excellent,,gas,90047.0,clean,automatic,,,van,,ca
5000,2010.0,,HONO 268,good,6 cylinders,gas,198000.0,clean,automatic,,,,white,fl
12500,2007.0,mercedes-benz,benz s550,excellent,8 cylinders,gas,151000.0,clean,automatic,,full-size,sedan,black,ok
56495,2017.0,gmc,sierra 2500hd,,,gas,74178.0,clean,automatic,,,,,il
22990,2018.0,lincoln,mkz premiere sedan 4d,good,,gas,35657.0,clean,other,fwd,,sedan,blue,ks
19590,2017.0,kia,soul ! wagon 4d,good,,other,13688.0,clean,other,fwd,,wagon,red,sc
35990,2019.0,,Genesis G80 3.8 Sedan 4D,good,6 cylinders,other,8674.0,clean,other,rwd,,sedan,white,ks
36900,2020.0,hyundai,kona ev ultimate,good,,electric,5232.0,clean,automatic,fwd,,other,white,ca
49590,2020.0,gmc,yukon slt sport utility 4d,good,8 cylinders,other,21930.0,clean,other,,,SUV,black,md
4998,2009.0,ford,fusion sel,good,,gas,216000.0,clean,automatic,,,,,tx
35990,2016.0,ford,super duty f-550 drw,good,8 cylinders,diesel,161669.0,clean,automatic,4wd,,,white,md
2700,2014.0,dodge,grand caravan sxt,excellent,6 cylinders,gas,188000.0,clean,automatic,fwd,mid-size,mini-van,brown,mi
11950,2011.0,bmw,x5 xdrive35i awd luxury suv,,,gas,115905.0,clean,automatic,,,,,wi
3000,2013.0,chrysler,200,good,6 cylinders,gas,133000.0,clean,automatic,fwd,mid-size,sedan,black,oh
6500,2008.0,honda,accord,,,gas,136146.0,clean,automatic,,full-size,sedan,silver,fl
12500,1974.0,ford,f100,,,gas,100000.0,clean,manual,,,,,ca
8000,2003.0,,ASTRO VAN,good,6 cylinders,gas,123456.0,clean,automatic,rwd,full-size,van,white,de
19000,2017.0,honda,civic,,4 cylinders,gas,44162.0,clean,automatic,fwd,,sedan,black,oh
34985,2019.0,bmw,5 series,excellent,,gas,12742.0,clean,automatic,rwd,,sedan,white,ca
23000,1948.0,,1948 cheverlot 5 window,,8 cylinders,gas,6000.0,clean,automatic,rwd,,pickup,,ny
14590,2012.0,bmw,1 series 128i coupe 2d,good,,other,80465.0,clean,other,,,coupe,black,pa
21495,2015.0,bmw,x4,,,gas,85760.0,clean,automatic,,,other,black,nj
40000,1970.0,chevrolet,camaro,excellent,8 cylinders,gas,10012.0,clean,manual,rwd,,coupe,orange,nc
26500,1988.0,chevrolet,k van p6500,excellent,other,diesel,53000.0,clean,automatic,rwd,full-size,van,grey,ca
49590,2020.0,ford,f250 super duty crew cab xl,good,,other,6033.0,clean,other,4wd,,pickup,white,ky
38998,2019.0,bmw,5 series iperformance,,4 cylinders,hybrid,21202.0,clean,automatic,rwd,,sedan,,mt
19435,2018.0,mercedes-benz,c-class,,,gas,51120.0,clean,automatic,,,sedan,blue,nj
69999,2020.0,ford,f350 powerstroke xlt 4x4,,,diesel,12589.0,clean,automatic,4wd,,truck,white,mt
26000,1956.0,ford,f100 pickup,good,8 cylinders,gas,20000.0,clean,manual,rwd,,,red,md
26590,2018.0,lincoln,mkz reserve hybrid sedan,good,,gas,21308.0,clean,other,fwd,,sedan,,md
64995,2018.0,ram,2500,,,gas,36068.0,clean,automatic,4wd,,,white,il
21995,2016.0,toyota,rav4 hybrid,excellent,4 cylinders,hybrid,44438.0,clean,automatic,4wd,mid-size,SUV,black,mi
47990,2016.0,toyota,4-runner,,,gas,49994.0,clean,automatic,4wd,,SUV,,or
14830,2013.0,dodge,durango,excellent,,gas,115458.0,clean,automatic,4wd,,SUV,,wi
2500,2000.0,chrysler,sebring,good,6 cylinders,gas,110800.0,clean,automatic,fwd,,convertible,red,nh
33871,,,Grand Cherokee,,6 cylinders,gas,18284.0,,automatic,rwd,,SUV,white,az
17995,2012.0,chevrolet,silverado,,,gas,137000.0,clean,automatic,,,,,ky
14995,2015.0,ford,edge,,6 cylinders,gas,80556.0,,automatic,,,SUV,white,ia
126900,2021.0,cadillac,escalade esv premium & luxury pkgs rear dvd pano night vision,,8 cylinders,gas,179.0,clean,automatic,4wd,,SUV,grey,or
1000,2007.0,ford,freestyle limited,good,6 cylinders,gas,194622.0,clean,automatic,fwd,,SUV,black,mo
11995,2009.0,mercedes-benz,c300,excellent,6 cylinders,gas,102757.0,clean,automatic,rwd,compact,sedan,white,tx
34998,2015.0,ford,f-450,,,other,160755.0,clean,,fwd,,other,white,fl
39999,2011.0,,Maserati GranTurismo S,,8 cylinders,gas,38954.0,clean,automatic,rwd,,coupe,,wa
33990,2016.0,ford,f250 super duty cab xl,good,8 cylinders,gas,18380.0,clean,other,,,pickup,white,tx
396,2019.0,subaru,crosstrek 2.0i premium,,4 cylinders,gas,25158.0,clean,automatic,4wd,,SUV,,or
7999,2008.0,lexus,gs350 awd,excellent,6 cylinders,gas,171000.0,clean,automatic,4wd,full-size,sedan,silver,ma
27490,2006.0,mitsubishi,fuso fe145,good,4 cylinders,diesel,96626.0,clean,automatic,rwd,full-size,truck,green,oh
56000,2021.0,ford,f250,like new,8 cylinders,gas,2300.0,lien,automatic,4wd,,,,tx
7495,2010.0,ford,taurus,good,6 cylinders,gas,113000.0,clean,automatic,fwd,full-size,sedan,black,ma
60995,2016.0,ford,f-450 super duty superduty platinum drw 4wd,,8 cylinders,other,76378.0,clean,automatic,4wd,,pickup,white,az
4600,2007.0,toyota,camry se,good,6 cylinders,gas,244000.0,clean,automatic,fwd,,sedan,silver,ca
69930,2020.0,jeep,grand cherokee,,8 cylinders,gas,6649.0,clean,automatic,4wd,mid-size,SUV,red,co
11872,2016.0,jeep,renegade,,,other,122719.0,clean,automatic,fwd,,,black,ms
16900,2015.0,cadillac,srx luxury fwd,like new,6 cylinders,gas,121000.0,clean,automatic,fwd,full-size,SUV,black,tx
9500,2008.0,ford,taurus sel,like new,6 cylinders,gas,18369.0,clean,automatic,fwd,mid-size,sedan,blue,ny
17492,2015.0,infiniti,qx60,,6 cylinders,gas,97907.0,clean,automatic,4wd,full-size,SUV,white,nv
13990,2008.0,chevrolet,silverado crew cab,,8 cylinders,gas,219000.0,clean,automatic,4wd,,,,mi
62990,2016.0,ford,super duty f-550 drw,good,8 cylinders,diesel,40193.0,clean,automatic,4wd,,,red,ny
6565,2012.0,nissan,sentra s,,,gas,82726.0,clean,automatic,,,,,ok
16590,2015.0,volkswagen,beetle 1.8t fleet,good,,gas,39649.0,clean,other,fwd,,hatchback,black,tx
23995,2012.0,cadillac,escalade esv,excellent,8 cylinders,gas,,clean,automatic,rwd,full-size,SUV,white,ca
8500,1988.0,chevrolet,corvette,good,8 cylinders,gas,64017.0,clean,automatic,rwd,compact,coupe,red,md
14995,2014.0,chevrolet,impala,,,gas,64644.0,clean,automatic,,,sedan,black,va
7900,2007.0,chevrolet,express,,,gas,318295.0,clean,,fwd,,van,white,ky
4200,2002.0,toyota,highlander,good,6 cylinders,gas,279000.0,clean,automatic,4wd,mid-size,SUV,blue,ca
24995,2015.0,ford,expedition,,,gas,77049.0,clean,automatic,,,other,,tx
4999,2007.0,honda,odyssey,like new,6 cylinders,gas,122617.0,clean,automatic,fwd,,mini-van,,wi
27590,2018.0,lincoln,mkx reserve sport,good,6 cylinders,gas,48039.0,clean,other,fwd,,other,white,nc
8500,2001.0,ram,1500,good,8 cylinders,gas,86000.0,clean,automatic,,full-size,truck,red,fl
40990,2015.0,mercedes-benz,s-class s 550,good,6 cylinders,gas,50375.0,clean,other,rwd,,sedan,white,ca
12748,2018.0,chevrolet,trax,,4 cylinders,gas,66595.0,clean,automatic,fwd,,SUV,silver,or
22990,2013.0,ram,3500,excellent,8 cylinders,gas,95732.0,clean,automatic,rwd,,truck,,fl
5600,2014.0,chevrolet,spark,like new,4 cylinders,gas,105756.0,clean,automatic,fwd,sub-compact,SUV,black,ma
23000,2020.0,chevrolet,malibu lt sedan 4d,like new,4 cylinders,gas,24505.0,clean,automatic,fwd,mid-size,sedan,red,ok
24795,2015.0,bmw,x5,,,gas,80292.0,clean,automatic,,,other,black,nj
22997,2018.0,honda,cr-v,excellent,,gas,75894.0,clean,automatic,fwd,,SUV,,tn
2250,2006.0,mitsubishi,endeavor ls,good,6 cylinders,gas,240000.0,clean,automatic,fwd,mid-size,SUV,red,ca
33900,2018.0,toyota,tacoma,excellent,4 cylinders,gas,38841.0,clean,automatic,rwd,full-size,truck,grey,ca
5500,2004.0,honda,civic ex,excellent,4 cylinders,gas,124000.0,clean,automatic,fwd,,sedan,silver,dc
31788,2015.0,chevrolet,silverado 1500 lt,,8 cylinders,gas,78704.0,clean,automatic,,,truck,white,ks
19998,2014.0,lexus,is,excellent,,gas,84705.0,clean,automatic,,,sedan,white,fl
26995,2018.0,ford,edge,like new,4 cylinders,gas,32432.0,clean,automatic,fwd,full-size,SUV,blue,tx
7995,2013.0,toyota,prius v,,,hybrid,170656.0,clean,automatic,,,hatchback,blue,tx
11950,2014.0,chevrolet,equinox,excellent,4 cylinders,gas,58611.0,clean,automatic,4wd,,wagon,custom,mi
18526,2018.0,nissan,murano,,6 cylinders,gas,82870.0,clean,automatic,fwd,mid-size,SUV,silver,tx
11900,2013.0,toyota,camry,good,4 cylinders,gas,77382.0,clean,automatic,fwd,mid-size,sedan,silver,mt
5995,2005.0,infiniti,fx35,excellent,6 cylinders,gas,149000.0,clean,automatic,4wd,full-size,SUV,custom,oh
18590,2020.0,kia,forte fe sedan 4d,good,,gas,5749.0,clean,other,fwd,,sedan,,ks
6308,2005.0,lexus,es 330,excellent,6 cylinders,gas,138300.0,,automatic,,,sedan,,mi
13999,2014.0,chevrolet,malibu,,,gas,69900.0,clean,automatic,,,,,ca
9500,2011.0,mini,cooper,,,gas,89690.0,clean,automatic,,,,,ca
15500,2016.0,dodge,grand caravan,excellent,,gas,76000.0,clean,automatic,,,mini-van,grey,ca
45590,2019.0,toyota,tundra crewmax limited,good,8 cylinders,gas,10056.0,clean,other,,,pickup,silver,mo
32590,2018.0,audi,a5 premium plus sedan 4d,good,,other,38109.0,clean,other,,,sedan,silver,ga
3400,2001.0,toyota,camry,excellent,4 cylinders,gas,193000.0,clean,automatic,,,,,ga
35990,2019.0,ram,1500 crew cab big horn,good,6 cylinders,gas,8920.0,clean,other,,,pickup,black,ca
8950,2010.0,bmw,328xi xdrive coupe,,,gas,138677.0,clean,automatic,,,,,wi
5500,1991.0,chevrolet,silverado,,,gas,88888.0,clean,manual,,,,,co
8100,2011.0,hyundai,santa fe,,4 cylinders,gas,134918.0,clean,automatic,fwd,,SUV,blue,va
38990,2019.0,toyota,4runner limited sport,good,,other,11877.0,clean,other,,,other,white,ny
9988,2004.0,honda,element,excellent,,gas,138268.0,clean,automatic,4wd,,SUV,blue,ca
10900,2011.0,bmw,x3,,6 cylinders,gas,95467.0,clean,automatic,,,SUV,silver,pa
6999,2014.0,volkswagen,passat,excellent,,diesel,120315.0,clean,automatic,fwd,,sedan,grey,va
25590,2018.0,audi,q3 sport premium plus,good,,gas,44136.0,clean,other,,,other,silver,tx
11849,2011.0,kia,sorento lx awd,,,gas,98190.0,clean,automatic,4wd,,,,az
13995,2011.0,ford,f-150,,,gas,141926.0,clean,automatic,,,,,mi
23590,2018.0,chrysler,300 limited sedan 4d,good,6 cylinders,gas,42786.0,clean,other,,,sedan,white,wi
15975,2005.0,ford,excursion,,,gas,144719.0,clean,,,,other,white,ca
18990,2013.0,bmw,1 series 128i convertible 2d,good,,other,72435.0,clean,other,,,convertible,black,va
17590,2017.0,mitsubishi,outlander sel sport,good,,gas,62193.0,clean,automatic,,,SUV,silver,ca
22888,2014.0,jeep,wrangler,,,gas,128408.0,clean,automatic,4wd,,SUV,black,ct
28990,2013.0,mercedes-benz,slk-class slk 350,good,,other,36396.0,clean,other,rwd,,other,,tx
3800,2001.0,subaru,forester,,,gas,142000.0,clean,automatic,,,,,ca
4399,2008.0,honda,odyssey ex-l,good,6 cylinders,gas,208000.0,clean,automatic,fwd,,,black,sd
18995,2018.0,chevrolet,equinox lt,,,gas,12551.0,rebuilt,automatic,4wd,,SUV,blue,nc
6600,2002.0,toyota,tundra,good,,gas,187000.0,clean,automatic,fwd,,,black,nc
14999,2016.0,nissan,pathfinder,,,gas,91132.0,clean,automatic,4wd,,,white,mn
9800,2011.0,hyundai,santa fe limited,excellent,6 cylinders,gas,124000.0,clean,automatic,4wd,mid-size,SUV,silver,ny
15995,2009.0,chevrolet,express 2500,,8 cylinders,gas,126000.0,clean,automatic,rwd,,,white,dc
27990,2014.0,toyota,tacoma access cab pickup,good,,other,17805.0,clean,other,,,pickup,red,pa
15995,2014.0,chevrolet,suburban lt 4x4,,8 cylinders,gas,172100.0,clean,automatic,4wd,,,,nc
44997,2018.0,chevrolet,silverado 2500hd,excellent,,gas,84214.0,clean,automatic,4wd,,pickup,grey,ny
15999,2013.0,jaguar,xf,like new,,gas,93950.0,clean,automatic,,,,,ny
24990,2018.0,gmc,canyon extended cab pickup,good,,other,32329.0,clean,other,,,pickup,,nv
64995,2019.0,gmc,yukon,excellent,,gas,28680.0,clean,automatic,4wd,,SUV,,oh
22990,2014.0,toyota,tacoma 4wd access cab v6 at (natl),,6 cylinders,,111261.0,clean,automatic,4wd,,pickup,silver,hi
2500,2000.0,acura,integra,good,4 cylinders,gas,191420.0,clean,automatic,fwd,full-size,hatchback,silver,oh
11295,2015.0,jeep,patriot,good,4 cylinders,gas,108396.0,clean,automatic,4wd,full-size,SUV,blue,nh
7995,2013.0,kia,soul,good,4 cylinders,gas,93629.0,clean,automatic,fwd,full-size,SUV,silver,ia
29999,2012.0,mercedes-benz,cls-class,,8 cylinders,gas,43426.0,clean,automatic,rwd,,other,black,ca
3250,2004.0,pontiac,grand prix,good,,gas,203000.0,clean,automatic,,mid-size,,black,mt
32405,2018.0,jeep,grand cherokee,excellent,,gas,53249.0,clean,automatic,4wd,,SUV,,mt
35990,2018.0,toyota,4runner sr5 sport utility,good,6 cylinders,gas,29245.0,clean,other,,,other,silver,fl
1,2010.0,nissan,altima,,,gas,100000.0,clean,automatic,,,,,fl
1200,2003.0,mitsubishi,eclipse,good,4 cylinders,gas,126146.0,clean,manual,fwd,full-size,hatchback,red,nc
9995,2014.0,volkswagen,jetta trendline,,4 cylinders,gas,82076.0,clean,manual,fwd,,sedan,silver,or
3500,2003.0,mitsubishi,montero,good,6 cylinders,gas,175692.0,clean,automatic,4wd,,,,wa
36999,2015.0,ford,f-150 xlt supercrew,like new,6 cylinders,gas,15609.0,clean,automatic,4wd,full-size,truck,red,mn
19990,2016.0,ford,transit connect passenger,good,,gas,39044.0,clean,automatic,fwd,,van,blue,ny
7500,2013.0,subaru,forester,excellent,4 cylinders,gas,163552.0,clean,automatic,4wd,mid-size,SUV,,ok
13495,2013.0,honda,accord,,6 cylinders,gas,137262.0,clean,automatic,fwd,,sedan,white,mo
45590,2019.0,toyota,tundra crewmax trd pro,good,,other,27712.0,clean,other,,,pickup,black,ar
29990,2017.0,lincoln,mkx reserve sport,good,6 cylinders,gas,23545.0,clean,automatic,,,SUV,blue,in
54500,2020.0,toyota,tundra crewmax,like new,8 cylinders,gas,16000.0,lien,automatic,4wd,full-size,truck,black,pa
6750,2008.0,audi,a3,excellent,4 cylinders,gas,79000.0,clean,automatic,,,hatchback,,ca
92990,2020.0,rover,,,,other,6635.0,,automatic,4wd,full-size,SUV,,md
1750,1970.0,,Triumph TR6,fair,,gas,68999.0,clean,manual,,,,,fl
1,1960.0,,1960 Lotus Elite,,,gas,34000.0,clean,manual,,,,,ny
39990,2018.0,audi,s5 premium plus sedan 4d,good,,other,44054.0,clean,other,,,sedan,black,nj
1,2012.0,nissan,murano,,,gas,100000.0,clean,automatic,,,,,fl
17950,2014.0,ford,f-150,good,6 cylinders,other,0.0,clean,automatic,4wd,,pickup,white,ma
4000,1999.0,toyota,4runner,excellent,4 cylinders,gas,284000.0,clean,automatic,rwd,mid-size,SUV,silver,ca
39900,2013.0,,international terrastar,good,8 cylinders,diesel,87323.0,clean,automatic,rwd,full-size,truck,silver,ca
23295,2018.0,subaru,crosstrek 2.0i,,,gas,21978.0,clean,automatic,,,,,me
32990,2020.0,lexus,ux 250h sport utility 4d,good,,gas,5424.0,clean,other,,,hatchback,silver,nh
48995,2019.0,,wheelchair handicap van,new,6 cylinders,gas,24.0,clean,automatic,fwd,full-size,mini-van,silver,ma
1800,2016.0,volkswagen,golf gti,,,gas,98236.0,clean,manual,,,,,ca
17990,2018.0,hyundai,sonata se sedan 4d,good,,gas,17897.0,clean,other,fwd,,sedan,silver,ar
16994,2017.0,dodge,journey,,4 cylinders,gas,38721.0,clean,automatic,fwd,mid-size,SUV,red,tx
15990,2017.0,ford,c-max hybrid se wagon 4d,good,,hybrid,48195.0,clean,other,fwd,,wagon,blue,nc
14990,2015.0,subaru,legacy,excellent,4 cylinders,gas,47460.0,clean,automatic,4wd,,sedan,silver,ia
36990,2017.0,infiniti,q60 red sport 400 coupe,good,6 cylinders,gas,16080.0,clean,other,,,coupe,,pa
30990,2018.0,toyota,sienna l minivan 4d,good,6 cylinders,gas,4015.0,clean,other,fwd,,van,silver,in
4500,2004.0,acura,mdx,good,6 cylinders,gas,195000.0,clean,automatic,4wd,mid-size,SUV,blue,ca
18500,2013.0,toyota,highlander,excellent,,gas,80896.0,clean,automatic,4wd,,SUV,,wi
15997,2013.0,bmw,528i,,,gas,109690.0,clean,automatic,,,sedan,white,ca
9500,2011.0,chrysler,town & country,good,6 cylinders,gas,88000.0,clean,automatic,fwd,,,,ok
22300,2015.0,nissan,frontier sv 4x4,excellent,6 cylinders,gas,73468.0,clean,automatic,4wd,full-size,pickup,silver,fl
19990,2017.0,buick,encore essence sport,good,,gas,18267.0,clean,other,fwd,,other,silver,fl
11995,2011.0,gmc,acadia,,,gas,104000.0,clean,automatic,,,SUV,silver,ca
8000,1978.0,,mg midget,like new,,gas,22000.0,clean,manual,rwd,,,,az
8275,2013.0,mitsubishi,outlander sport se,excellent,4 cylinders,gas,122260.0,clean,automatic,fwd,mid-size,SUV,white,ca
24400,2018.0,toyota,rav4 hybrid,excellent,4 cylinders,hybrid,82741.0,clean,automatic,4wd,mid-size,SUV,white,mn
18590,2012.0,audi,a6 3.0t quattro premium,good,6 cylinders,gas,86356.0,clean,automatic,,,sedan,black,dc
26977,2014.0,ford,f-150,,,gas,99831.0,clean,automatic,,,truck,white,mt
22995,2015.0,chevrolet,silverado 1500,,8 cylinders,gas,141580.0,clean,automatic,4wd,,truck,,me
37190,2014.0,gmc,sierra 1500,,,gas,73065.0,clean,automatic,4wd,,pickup,,ks
18999,2016.0,jeep,renegade trailhawk 4x4 4dr,good,,gas,91359.0,clean,automatic,,,other,black,ar
2795,2004.0,ford,taurus,fair,6 cylinders,gas,103095.0,clean,automatic,fwd,,sedan,grey,az
25995,2018.0,audi,a4,excellent,,gas,51845.0,clean,automatic,4wd,,sedan,white,wi
3488,2005.0,ford,explorer xlt 4x4,excellent,8 cylinders,gas,129677.0,clean,automatic,4wd,full-size,SUV,red,ks
14590,2012.0,kia,sorento lx sport utility 4d,good,,other,82307.0,clean,other,fwd,,SUV,silver,tx
19000,2010.0,lexus,is 250c,excellent,6 cylinders,gas,50460.0,clean,automatic,rwd,compact,convertible,silver,ca
32900,2014.0,honda,odyssey ex-l nav,,,gas,69954.0,clean,automatic,,,,,nc
10997,2005.0,chevrolet,tahoe lt,excellent,8 cylinders,gas,134000.0,clean,automatic,,,SUV,grey,ca
36990,2019.0,toyota,4runner sr5 sport utility,good,6 cylinders,gas,33909.0,clean,other,4wd,,other,black,ga
12995,2011.0,ford,e-series chassis e-450 sd,excellent,8 cylinders,gas,79345.0,,automatic,,,SUV,,ca
7400,2005.0,ford,explorer sport trac 4x4,good,6 cylinders,gas,132000.0,clean,automatic,4wd,mid-size,truck,grey,mi
29500,2019.0,chrysler,300-series,,6 cylinders,gas,31916.0,clean,other,4wd,,sedan,red,ak
19000,2015.0,mercedes-benz,gla,excellent,,gas,58830.0,clean,automatic,4wd,,SUV,black,wi
4995,2004.0,honda,pilot ex,,,gas,200000.0,clean,automatic,,,,,nc
13995,2014.0,ford,mustang,like new,6 cylinders,gas,153817.0,clean,automatic,rwd,mid-size,coupe,grey,wi
29855,2020.0,nissan,nv1500 cargo van,excellent,6 cylinders,gas,71164.0,clean,automatic,rwd,full-size,van,white,nc
10900,1987.0,ford,bronco 2,excellent,4 cylinders,gas,93000.0,clean,automatic,4wd,mid-size,SUV,black,nv
37590,2018.0,acura,mdx sh-awd w/advance pkg,good,6 cylinders,other,26176.0,clean,other,,,SUV,white,il
17990,2019.0,volkswagen,golf sportwagen tsi s,good,,other,33653.0,clean,other,,,wagon,blue,ma
4295,2004.0,bmw,x3,good,6 cylinders,gas,193000.0,clean,automatic,4wd,compact,SUV,black,me
16595,2018.0,ford,fusion se,excellent,4 cylinders,gas,8227.0,,automatic,,,sedan,,ca
29990,2019.0,volkswagen,atlas s 4motion sport,good,6 cylinders,gas,11490.0,clean,other,,,other,,oh
37859,2020.0,bmw,3 series,,,gas,31134.0,clean,automatic,,,,,ks
6995,2014.0,dodge,grand caravan,good,4 cylinders,gas,186000.0,clean,automatic,fwd,full-size,mini-van,silver,la
7950,2012.0,toyota,prius v hatchback,good,4 cylinders,hybrid,156553.0,clean,automatic,fwd,mid-size,hatchback,silver,al
11999,2011.0,infiniti,g37s coupe,excellent,6 cylinders,gas,113600.0,clean,manual,rwd,mid-size,coupe,red,ga
7200,2014.0,hyundai,equus,,,gas,70000.0,clean,automatic,,,,,ga
5200,2004.0,toyota,sienna,good,6 cylinders,gas,175950.0,clean,automatic,fwd,full-size,mini-van,grey,ca
13900,2010.0,ford,f150,good,8 cylinders,gas,91000.0,clean,automatic,4wd,,,blue,mi
36590,2018.0,mercedes-benz,e-class e 300,good,,gas,23282.0,clean,other,rwd,,sedan,blue,fl
10990,2011.0,chevrolet,malibu,,,other,78927.0,clean,automatic,fwd,,sedan,,az
4500,2003.0,ford,e150 econoline,good,8 cylinders,gas,279000.0,clean,automatic,rwd,full-size,van,white,ca
32518,2019.0,ram,pickup 1500 classic,,8 cylinders,gas,44177.0,clean,automatic,rwd,full-size,pickup,white,tx
24995,2020.0,toyota,camry se,excellent,4 cylinders,gas,16494.0,clean,automatic,fwd,,sedan,blue,ak
7500,1985.0,chevrolet,corvette,,,gas,73000.0,clean,automatic,,,,,oh
25950,2015.0,ram,1500,,,gas,80232.0,clean,automatic,4wd,,pickup,red,co
10000,1981.0,mercedes-benz,benz 280 sl,good,,gas,113721.0,clean,automatic,,,convertible,brown,ks
2500,2006.0,mercedes-benz,benz ml350,good,6 cylinders,gas,150000.0,clean,automatic,4wd,full-size,SUV,silver,va
5995,2001.0,ford,ranger edge,,6 cylinders,gas,129210.0,clean,automatic,rwd,,,,il
43850,2016.0,mercedes-benz,c-class,excellent,,gas,60700.0,clean,other,,,sedan,black,mi
5900,2011.0,honda,civic ex,excellent,4 cylinders,gas,155000.0,clean,automatic,,,,,nj
3000,1998.0,jeep,cherokee,,,gas,110471.0,clean,automatic,,,,,pa
20995,2008.0,ford,super duty f-350 srw,excellent,8 cylinders,diesel,211298.0,clean,automatic,4wd,full-size,pickup,black,tx
10888,2009.0,honda,crv exl,excellent,4 cylinders,gas,147100.0,clean,automatic,fwd,mid-size,SUV,brown,hi
45995,2018.0,ford,f-450sd,,,gas,24150.0,clean,automatic,rwd,,,white,ca
4995,2007.0,volkswagen,rabbit,excellent,,gas,118959.0,clean,automatic,fwd,,hatchback,blue,ny
20999,2017.0,ford,f-150 lariat,,,gas,90000.0,clean,automatic,,,,,fl
29995,2008.0,ram,3500,excellent,6 cylinders,diesel,102232.0,clean,automatic,4wd,full-size,pickup,silver,or
30445,2022.0,mitsubishi,eclipse,new,,gas,10.0,clean,automatic,,,,,ca
20000,1986.0,chevrolet,silverado,excellent,8 cylinders,gas,0.0,clean,automatic,rwd,full-size,pickup,red,oh
5950,2011.0,honda,fit,,,gas,132240.0,clean,automatic,,compact,hatchback,red,oh
5999,2010.0,toyota,yaris,excellent,4 cylinders,gas,146899.0,clean,automatic,,compact,,,ny
44999,2017.0,ram,1500,,8 cylinders,gas,37279.0,clean,automatic,4wd,,truck,black,wa
109,2012.0,,Scion xB Base Wagon,excellent,4 cylinders,gas,113897.0,missing,automatic,,,wagon,,fl
16990,2018.0,hyundai,accent se sedan 4d,good,,gas,16930.0,clean,other,fwd,,sedan,white,ca
918,2021.0,ram,1500 laramie,excellent,8 cylinders,gas,23.0,,automatic,4wd,,truck,,ca
645,2020.0,bmw,x2 m35i m-sport package,excellent,4 cylinders,gas,13885.0,,automatic,4wd,,SUV,,wa
9000,2006.0,toyota,4runner,excellent,6 cylinders,gas,192000.0,clean,automatic,4wd,,truck,white,vt
14999,2015.0,nissan,sentra sr,excellent,4 cylinders,gas,62000.0,clean,automatic,fwd,mid-size,sedan,red,tx
38500,2014.0,ram,2500,good,6 cylinders,diesel,132903.0,clean,automatic,4wd,full-size,truck,white,ny
44995,2012.0,ford,f550 mechanics truck,,8 cylinders,diesel,158625.0,clean,automatic,rwd,,pickup,white,ca
6500,2013.0,chrysler,200,like new,4 cylinders,gas,72000.0,clean,automatic,fwd,,,,wv
2995,2011.0,chevrolet,aveo,,,gas,148700.0,clean,automatic,,compact,hatchback,yellow,va
46990,2020.0,ford,f150 supercrew cab lariat,good,8 cylinders,gas,13935.0,clean,other,4wd,,pickup,black,mn
29900,1971.0,chevrolet,corvette,excellent,8 cylinders,gas,62500.0,clean,manual,rwd,,convertible,orange,ny
6500,2002.0,ford,f350 super duty,good,8 cylinders,diesel,400000.0,clean,automatic,rwd,full-size,pickup,black,ky
3995,2006.0,chrysler,pt cruiser,,,gas,175263.0,clean,automatic,,,SUV,white,nc
11995,2010.0,ford,escape,,,gas,121010.0,clean,automatic,,,SUV,,ak
7698,2018.0,kia,forte lx sedan 6a,like new,4 cylinders,gas,143178.0,clean,automatic,fwd,full-size,sedan,silver,fl
36990,2018.0,ford,f150 supercrew cab xlt,good,8 cylinders,gas,10170.0,clean,other,,,pickup,black,ar
36590,2018.0,buick,enclave premium sport,good,6 cylinders,gas,21104.0,clean,other,,,SUV,black,il
11000,2013.0,ford,edge,excellent,6 cylinders,gas,117000.0,clean,automatic,4wd,full-size,SUV,grey,ny
6375,2004.0,lexus,rx 330,,,gas,216700.0,clean,automatic,,,,,nc
8500,2010.0,bmw,x3,good,6 cylinders,gas,140396.0,clean,automatic,4wd,full-size,SUV,red,nj
4000,2001.0,chevrolet,2500,,,gas,137000.0,clean,automatic,,,,,ny
24999,2017.0,subaru,wrx limited,good,4 cylinders,gas,39526.0,clean,other,,,sedan,silver,wa
74995,2019.0,ford,super duty f-250,,8 cylinders,diesel,22335.0,clean,automatic,4wd,,truck,,fl
30526,2019.0,toyota,rav4,,4 cylinders,gas,36149.0,clean,automatic,4wd,mid-size,SUV,black,tx
23999,2019.0,honda,civic,,4 cylinders,gas,38150.0,clean,automatic,fwd,,other,red,tn
596,2018.0,toyota,highlander,,6 cylinders,other,32546.0,clean,automatic,,,,white,or
9999,2009.0,lexus,es 350,like new,6 cylinders,gas,114000.0,clean,automatic,fwd,full-size,sedan,red,fl
30995,2018.0,jeep,wrangler jk unlimited,,,gas,41463.0,clean,automatic,,,,,nj
7995,2006.0,infiniti,g35,excellent,,gas,105913.0,clean,automatic,rwd,,sedan,black,ca
19990,2019.0,mitsubishi,outlander se sport,good,,gas,47030.0,clean,other,,,other,red,ca
10999,2011.0,bmw,3 series 328i xdrive,good,6 cylinders,gas,90719.0,clean,automatic,,,sedan,,wa
8299,2014.0,chevrolet,spark lt,excellent,4 cylinders,gas,94828.0,clean,automatic,,,hatchback,,ca
6500,2011.0,kia,sorento awd,excellent,6 cylinders,gas,120000.0,clean,automatic,4wd,,,,oh
15590,2016.0,chevrolet,cruze limited 1lt,good,,gas,7076.0,clean,automatic,fwd,,sedan,blue,ar
1800,2002.0,ford,taurus,good,6 cylinders,gas,276000.0,clean,automatic,fwd,mid-size,sedan,brown,mo
12000,2007.0,honda,pilot,excellent,6 cylinders,gas,124000.0,clean,automatic,4wd,,,brown,ca
13295,2013.0,ford,econoline e-150,excellent,8 cylinders,gas,141955.0,clean,automatic,,full-size,van,white,id
24990,2018.0,chevrolet,colorado lt,like new,,diesel,5000.0,clean,automatic,,,,black,tx
18500,2008.0,chevrolet,silverado 2500hd,excellent,8 cylinders,diesel,274478.0,clean,automatic,4wd,full-size,pickup,white,ia
2990,2007.0,chevrolet,equinox lt awd,,6 cylinders,gas,179328.0,clean,automatic,4wd,,SUV,red,nh
3150,2011.0,nissan,rogue sport awd,excellent,4 cylinders,gas,158000.0,clean,automatic,4wd,,SUV,silver,or
19999,2019.0,honda,odyssey,,,gas,116246.0,clean,automatic,fwd,,mini-van,silver,pa
5600,2014.0,ford,fusion se,,,gas,98777.0,rebuilt,automatic,,,,,tx
14000,1949.0,ford,custom,excellent,6 cylinders,gas,99999.0,clean,manual,rwd,full-size,sedan,red,wv
23500,1955.0,ford,thunderbird convertible,good,8 cylinders,gas,42000.0,clean,automatic,rwd,compact,coupe,red,pa
5850,2004.0,jaguar,x-type,good,6 cylinders,gas,94500.0,clean,automatic,4wd,compact,sedan,black,id
22999,2007.0,ram,2500,,,diesel,207000.0,clean,manual,,,,,tx
23980,2011.0,infiniti,qx56,,8 cylinders,gas,95002.0,clean,automatic,4wd,,SUV,white,id
16999,2010.0,ford,f150 xlt,excellent,8 cylinders,gas,133829.0,clean,automatic,,,pickup,red,fl
10000,2004.0,jeep,wrangler,good,6 cylinders,gas,125000.0,clean,manual,4wd,,,brown,nj
14125,2009.0,infiniti,g37 convertible,excellent,6 cylinders,gas,104333.0,clean,automatic,rwd,mid-size,convertible,silver,az
25990,2006.0,chevrolet,express cargo van,good,8 cylinders,gas,73360.0,clean,automatic,rwd,full-size,truck,white,ut
14500,2015.0,buick,lacrosse,excellent,6 cylinders,gas,,clean,automatic,fwd,mid-size,sedan,,fl
37995,2015.0,chevrolet,silverado 2500 crewcab,excellent,8 cylinders,gas,97406.0,clean,automatic,rwd,full-size,pickup,white,ca
32500,2018.0,audi,a5 sportback,like new,4 cylinders,gas,24000.0,clean,automatic,4wd,,,white,ct
30000,2020.0,subaru,brz limited,new,4 cylinders,gas,1500.0,clean,manual,rwd,compact,coupe,grey,ga
21990,2018.0,kia,niro ex wagon 4d,good,,gas,17528.0,clean,other,fwd,,wagon,,sc
3995,2009.0,pontiac,g6,,,gas,165649.0,clean,automatic,,,,,mi
46990,2020.0,ford,f150 supercrew cab lariat,good,8 cylinders,gas,13935.0,clean,other,4wd,,pickup,black,tx
4950,2003.0,honda,accord lxsedan,good,4 cylinders,gas,157423.0,,automatic,,,sedan,,pa
51990,2015.0,chevrolet,corvette stingray z51,good,8 cylinders,gas,7389.0,clean,other,rwd,,convertible,black,tn
12400,2011.0,chevrolet,avalanche z71,good,8 cylinders,gas,158000.0,clean,automatic,4wd,full-size,SUV,black,sd
14900,2018.0,fiat,500,,4 cylinders,gas,4304.0,clean,other,fwd,,coupe,white,ak
24999,2012.0,chevrolet,avalanche,,8 cylinders,gas,111000.0,clean,automatic,4wd,,truck,white,ca
34990,2017.0,chevrolet,silverado 1500 crew,good,,other,30559.0,clean,other,4wd,,pickup,white,in
27000,2018.0,volkswagen,atlas,like new,6 cylinders,gas,51345.0,clean,automatic,fwd,full-size,SUV,red,sc
975,2007.0,kia,optima,,4 cylinders,gas,146000.0,clean,automatic,fwd,mid-size,sedan,red,tx
300,2015.0,dodge,grand caravan,like new,,gas,154000.0,clean,automatic,,full-size,,grey,tx
28590,2017.0,jeep,wrangler sport suv 2d,good,,other,31783.0,clean,other,4wd,,other,,al
55000,2011.0,mercedes-benz,sprinter 2500,excellent,6 cylinders,diesel,270000.0,clean,automatic,rwd,full-size,van,black,md
36990,2019.0,chevrolet,silverado 1500 ld,good,8 cylinders,gas,14508.0,clean,other,4wd,,pickup,red,oh
33900,2019.0,ford,f250,,,gas,134000.0,clean,automatic,,,,,al
11000,2015.0,nissan,altima 2.5se,,,gas,69200.0,clean,automatic,,,,,ca
33700,2018.0,jeep,grand cherokee,,,gas,17540.0,clean,automatic,4wd,,,,pa
16000,2003.0,gmc,2500,excellent,8 cylinders,diesel,255000.0,clean,automatic,4wd,,truck,,nc
38590,2019.0,toyota,tacoma double cab trd,good,,other,12992.0,clean,other,4wd,,pickup,black,mn
5400,2008.0,ford,f-250 super duty xlt,,,gas,260000.0,clean,automatic,,,,,ar
29495,2012.0,toyota,tacoma trd sport,,6 cylinders,gas,99019.0,clean,manual,4wd,,,,id
15590,2016.0,,Scion iM Hatchback 4D,good,,other,41036.0,clean,other,,,hatchback,blue,ca
52999,2019.0,toyota,tundra sr5 trd off road,,,gas,28239.0,clean,automatic,4wd,,truck,silver,mt
8200,2004.0,toyota,tundra,excellent,8 cylinders,gas,197000.0,clean,automatic,rwd,full-size,pickup,grey,tn
13498,2019.0,ford,fiesta,excellent,,gas,29269.0,clean,automatic,fwd,,hatchback,,oh
2750,2005.0,,scion tc,fair,,gas,186000.0,clean,manual,,,hatchback,,ca
7777,2010.0,honda,civic,excellent,4 cylinders,gas,132137.0,clean,automatic,,,sedan,,ca
4500,2007.0,dodge,caliber sxt,excellent,4 cylinders,gas,160767.0,clean,automatic,fwd,,hatchback,black,wi
34500,1955.0,,Studebaker Speedster,,,gas,100060.0,clean,automatic,,,,,tx
3000,2002.0,honda,civic ex,fair,,gas,201840.0,clean,automatic,,compact,,blue,ca
6994,2005.0,dodge,dakota v8 quad cab,excellent,8 cylinders,gas,153484.0,clean,automatic,rwd,mid-size,pickup,silver,fl
7800,2004.0,ford,f-150,excellent,8 cylinders,gas,119600.0,clean,automatic,rwd,full-size,truck,,mi
4999,2002.0,toyota,sequoia 4wd,excellent,8 cylinders,gas,200000.0,clean,automatic,4wd,full-size,SUV,brown,ca
36990,2018.0,toyota,4runner limited sport,good,6 cylinders,gas,74944.0,clean,other,4wd,,other,black,ga
22498,2018.0,toyota,camry,,4 cylinders,gas,65576.0,clean,automatic,fwd,mid-size,sedan,white,fl
28590,2016.0,lincoln,mkx reserve sport,good,6 cylinders,gas,46974.0,clean,other,fwd,,other,silver,nv
30193,2018.0,ford,explorer,,6 cylinders,gas,65278.0,clean,automatic,4wd,,SUV,red,ne
6495,2008.0,ford,escape xlt,like new,6 cylinders,gas,103100.0,clean,automatic,4wd,,,silver,mn
7195,2011.0,nissan,sentra 2.0 sr,excellent,,gas,73631.0,clean,automatic,,,,red,md
4999,2004.0,toyota,sequoia,like new,8 cylinders,gas,261000.0,clean,automatic,rwd,full-size,SUV,blue,ca
7595,2011.0,nissan,pathfinder s,,6 cylinders,gas,157000.0,clean,automatic,4wd,,SUV,grey,va
4950,2000.0,jeep,cherokee sport 4x4,,,gas,222000.0,rebuilt,automatic,,,,,pa
2995,2002.0,gmc,envoy,good,6 cylinders,gas,146000.0,clean,automatic,4wd,,SUV,blue,or
23990,2014.0,acura,mdx sh-awd sport utility,good,6 cylinders,gas,62390.0,clean,other,,,SUV,,ga
2975,2007.0,ford,focus,excellent,4 cylinders,gas,145000.0,clean,automatic,,mid-size,hatchback,green,ca
3000,1989.0,ford,f250,good,,gas,120000.0,clean,automatic,4wd,full-size,truck,,id
15900,2015.0,chevrolet,cruze,,,gas,29614.0,clean,automatic,fwd,,,black,il
11995,2016.0,ford,focus titanium,,,other,52587.0,rebuilt,automatic,fwd,,sedan,blue,nc
8990,2012.0,mini,cooper countryman s all4,,4 cylinders,gas,150382.0,clean,manual,4wd,,wagon,white,ca
38990,2020.0,audi,q5 45 tfsi premium plus,good,,gas,19067.0,clean,other,,,SUV,white,ma
39590,2018.0,audi,q7 3.0t premium sport,good,6 cylinders,gas,29792.0,clean,automatic,,,SUV,silver,ri
21377,2015.0,jeep,grand cherokee,,,gas,116667.0,clean,automatic,4wd,,SUV,,ar
4997,2004.0,toyota,camry solara,,,gas,121355.0,clean,automatic,,,coupe,,ca
35590,2014.0,toyota,tundra crewmax platinum,good,,other,94287.0,clean,other,4wd,,pickup,red,ga
6500,2013.0,nissan,rogue,excellent,,gas,113731.0,rebuilt,automatic,fwd,,,,tn
19900,2016.0,ram,1500,,,gas,164259.0,clean,automatic,,,,,mi
19995,2011.0,chevrolet,silverado,,,other,91000.0,clean,automatic,,,pickup,white,me
36988,2020.0,chevrolet,silverado,like new,,gas,20408.0,clean,automatic,,,,,tx
13999,2017.0,hyundai,elantra limited,like new,,gas,1000.0,clean,automatic,fwd,full-size,sedan,silver,tx
8495,2010.0,bmw,535i,,,gas,164080.0,clean,automatic,,,sedan,blue,ca
10900,1980.0,,1980 Sprint Race Car,good,8 cylinders,gas,1.0,missing,manual,rwd,sub-compact,other,yellow,fl
9554,2013.0,hyundai,elantra gt,,,gas,84062.0,clean,automatic,fwd,,hatchback,,wa
12,2014.0,mercedes-benz,benz c250,good,4 cylinders,gas,78000.0,salvage,automatic,fwd,compact,coupe,red,ca
2500,2003.0,jeep,liberty,,,gas,82500.0,clean,automatic,,,,,pa
13995,2008.0,,HOLR Savoy LX,excellent,,gas,0.0,clean,automatic,,,,white,co
15990,2016.0,,Scion iM Hatchback 4D,good,,gas,40668.0,clean,other,fwd,,hatchback,red,mo
1,2015.0,porsche,panamera,excellent,6 cylinders,gas,30499.0,clean,automatic,4wd,compact,sedan,white,fl
36990,2019.0,toyota,4runner sr5 sport utility,good,6 cylinders,gas,33909.0,clean,other,4wd,,other,black,pa
29997,1998.0,chevrolet,p30,good,8 cylinders,diesel,104735.0,clean,manual,rwd,full-size,other,black,mi
99,2016.0,ford,f-250sd,,,other,34997.0,clean,automatic,4wd,full-size,,green,nh
14999,2014.0,subaru,brz limited,,,gas,114708.0,clean,manual,,,,,or
7500,2011.0,,Saab 9-3,,4 cylinders,gas,66674.0,clean,manual,fwd,,sedan,black,or
11344,2014.0,chevrolet,malibu,,4 cylinders,gas,143269.0,clean,automatic,fwd,,sedan,black,oh
2800,2008.0,chrysler,pt cruiser,excellent,4 cylinders,gas,149000.0,clean,manual,fwd,compact,wagon,grey,fl
6500,2003.0,chevrolet,tahoe ls 4x4,excellent,8 cylinders,gas,212330.0,clean,automatic,4wd,full-size,SUV,blue,mi
49000,2018.0,toyota,tundra,excellent,8 cylinders,gas,25000.0,clean,automatic,4wd,full-size,pickup,brown,ak
7999,2014.0,dodge,grand caravan,good,6 cylinders,gas,154191.0,clean,automatic,fwd,,mini-van,blue,mi
7500,2007.0,ford,expedition,,,gas,1000.0,clean,automatic,4wd,,other,custom,mi
19499,2019.0,kia,sportage,,4 cylinders,gas,46299.0,clean,automatic,4wd,compact,SUV,silver,nc
38990,2017.0,dodge,charger daytona 392 sedan,good,8 cylinders,gas,49739.0,clean,other,rwd,,sedan,black,ca
31000,2017.0,bmw,x5,excellent,6 cylinders,gas,69739.0,clean,automatic,4wd,mid-size,SUV,white,ny
1900,2007.0,ford,escape,excellent,6 cylinders,gas,175458.0,clean,automatic,rwd,,,,md
17499,2017.0,honda,civic lx,excellent,4 cylinders,gas,37897.0,,automatic,,,sedan,,nc
46998,2018.0,volvo,"xc90 11,200 miles wwow",excellent,,gas,11920.0,clean,automatic,4wd,,SUV,,ca
44999,2019.0,toyota,4runner,,,gas,11065.0,clean,automatic,4wd,,,,hi
3995,2007.0,saturn,vue suv,excellent,4 cylinders,gas,139773.0,clean,automatic,fwd,full-size,SUV,silver,ca
30990,2018.0,buick,enclave essence sport,good,6 cylinders,gas,41466.0,clean,other,,,other,black,ri
20850,2012.0,ford,f250 super duty,good,,diesel,226135.0,clean,automatic,4wd,,,,tx
25590,2020.0,acura,ilx sedan 4d,good,,other,15171.0,clean,other,fwd,,sedan,,va
24990,2016.0,subaru,wrx premium 1 owner,like new,,gas,40800.0,clean,manual,,,,,ca
39590,2019.0,ford,f150 supercrew cab xlt,good,6 cylinders,gas,16010.0,clean,automatic,,,pickup,blue,la
22000,2011.0,jeep,wrangler unlimited sport,good,,gas,84000.0,clean,automatic,,,,,ms
19995,2016.0,honda,pilot,excellent,6 cylinders,gas,,clean,automatic,4wd,,SUV,black,ca
234,2014.0,chevrolet,sonic,,4 cylinders,gas,87018.0,clean,automatic,fwd,compact,hatchback,grey,mo
13186,2017.0,kia,forte,,4 cylinders,gas,40236.0,clean,automatic,fwd,,sedan,white,al
37999,2017.0,jeep,wrangler sahara,like new,6 cylinders,gas,26000.0,clean,automatic,4wd,full-size,SUV,,ak
8995,2013.0,kia,sorento lx,excellent,,gas,99955.0,clean,automatic,,,,black,md
29850,2019.0,chrysler,pacifica,good,6 cylinders,gas,67004.0,clean,automatic,fwd,full-size,van,black,mo
3495,2007.0,volvo,s60,excellent,5 cylinders,gas,134751.0,clean,automatic,fwd,compact,sedan,,nc
7900,2015.0,chevrolet,impala,excellent,6 cylinders,gas,115648.0,clean,automatic,fwd,full-size,sedan,grey,mi
12500,2006.0,jeep,wrangler x,excellent,6 cylinders,gas,113000.0,clean,automatic,4wd,mid-size,SUV,silver,me
23995,2015.0,ford,transit 250 cargo van long wheel base **diesel** long wheel base diesel cargo van,,5 cylinders,other,159055.0,clean,automatic,rwd,,van,white,wa
34990,2020.0,cadillac,xt4 sport suv 4d,good,,diesel,4174.0,clean,other,,,hatchback,white,sc
4995,2006.0,ford,five hundred se,,,gas,88169.0,clean,automatic,,,,,ny
44894,2017.0,ford,super duty f-250,,8 cylinders,diesel,105139.0,clean,automatic,4wd,,truck,white,wv
29990,2012.0,toyota,tacoma double cab pickup,good,6 cylinders,gas,43182.0,clean,other,4wd,,pickup,white,fl
2900,2010.0,dodge,journey,,,gas,1.0,clean,automatic,fwd,,SUV,blue,wi
6995,2008.0,acura,mdx tech package awd,excellent,6 cylinders,gas,144325.0,rebuilt,automatic,4wd,full-size,SUV,blue,va
10999,2014.0,dodge,avenger,,,gas,63389.0,clean,automatic,fwd,,,blue,or
1750,1992.0,,plymouth duster,good,6 cylinders,gas,131000.0,clean,automatic,,,,,mi
14975,2013.0,bmw,x5,,6 cylinders,gas,97195.0,clean,automatic,4wd,mid-size,SUV,silver,va
15900,2008.0,saturn,sky redline,excellent,4 cylinders,gas,42000.0,clean,automatic,rwd,,convertible,blue,il
4900,2011.0,kia,soul,excellent,4 cylinders,gas,150000.0,clean,automatic,fwd,full-size,hatchback,silver,ga
30995,2017.0,ford,explorer,,6 cylinders,gas,36232.0,clean,automatic,4wd,full-size,SUV,black,mn
27000,2014.0,jeep,wrangler unlimited sport,,6 cylinders,gas,88361.0,clean,automatic,4wd,,convertible,,or
18999,2011.0,gmc,yukon denali,,,gas,127415.0,clean,automatic,,,SUV,white,wa
5998,2013.0,ford,focus,good,4 cylinders,gas,113931.0,clean,automatic,fwd,,sedan,black,or
4995,2005.0,mercedes-benz,c230 sport,good,4 cylinders,gas,170000.0,clean,automatic,rwd,compact,sedan,white,mi
2900,2000.0,gmc,safari,,6 cylinders,gas,189000.0,clean,automatic,rwd,,van,,az
6800,1985.0,chevrolet,monte carlo,good,8 cylinders,gas,92500.0,clean,automatic,rwd,,,white,mn
14999,2011.0,toyota,sienna le,excellent,6 cylinders,gas,77347.0,clean,automatic,fwd,mid-size,mini-van,silver,ny
8995,2002.0,ram,pickup 1500,excellent,,gas,127681.0,clean,automatic,4wd,,pickup,black,ia
12995,2015.0,chevrolet,silverado,,,gas,172645.0,clean,automatic,rwd,,pickup,silver,dc
13900,2015.0,jeep,renegade,excellent,4 cylinders,gas,111159.0,clean,automatic,4wd,,SUV,blue,nj
34990,2019.0,ram,1500 classic crew cab big,good,8 cylinders,gas,34139.0,clean,other,,,pickup,white,ky
17900,2013.0,chevrolet,avalanche,excellent,,gas,162000.0,clean,automatic,,,pickup,black,tx
3000,2009.0,nissan,versa 1.8 s,,,gas,171000.0,clean,automatic,,,,white,ca
15995,2014.0,chevrolet,traverse,excellent,6 cylinders,gas,128985.0,clean,automatic,4wd,full-size,SUV,black,mn
4950,2004.0,gmc,envoy,,,gas,118000.0,clean,automatic,,,,,fl
34991,2018.0,acura,mdx basesuv,excellent,6 cylinders,gas,19521.0,,automatic,,,SUV,,hi
11988,2013.0,chevrolet,traverse,excellent,,gas,140855.0,clean,automatic,4wd,,SUV,black,ca
15000,2001.0,chevrolet,astro van,good,6 cylinders,gas,154000.0,clean,automatic,,,,,az
22900,2016.0,cadillac,ats,,,gas,117642.0,clean,automatic,,,,black,ar
56900,2020.0,ford,f150 supercrew cab,,6 cylinders,gas,687.0,clean,automatic,4wd,,pickup,black,wi
12999,2014.0,ford,flex,excellent,6 cylinders,gas,104000.0,clean,automatic,,,SUV,silver,il
30450,2015.0,gmc,sierra 1500,,,gas,83899.0,clean,automatic,4wd,,pickup,black,ia
4900,2007.0,toyota,avalon,good,6 cylinders,gas,145000.0,clean,automatic,fwd,full-size,sedan,black,ny
35733,2018.0,ford,f-150,,6 cylinders,gas,28415.0,clean,automatic,4wd,,truck,grey,mi
45995,2017.0,rover,discovery,,,gas,40951.0,clean,automatic,,,,,tx
10800,2011.0,toyota,rav4,excellent,,gas,140158.0,clean,automatic,fwd,,,red,mn
35590,2017.0,volkswagen,golf r hatchback,good,,gas,14048.0,clean,other,,,sedan,,wi
25990,2019.0,ram,1500 classic regular cab,good,8 cylinders,gas,12302.0,clean,other,,,pickup,white,tx
24999,2018.0,nissan,rogue,,other,gas,32831.0,clean,manual,4wd,,SUV,silver,wa
26900,2018.0,toyota,4runner limited,excellent,6 cylinders,gas,29241.0,clean,automatic,4wd,,,black,ks
9000,2008.0,volvo,xc90,,6 cylinders,gas,87929.0,clean,automatic,4wd,,SUV,blue,nj
160,2013.0,ford,explorer,like new,6 cylinders,gas,30000.0,clean,automatic,fwd,full-size,SUV,white,hi
6900,2007.0,ram,,,,gas,150000.0,clean,automatic,fwd,,,,mi
3900,2009.0,chevrolet,,good,4 cylinders,gas,140000.0,clean,manual,fwd,compact,coupe,black,fl
27990,2018.0,alfa-romeo,romeo stelvio ti sport,good,,gas,16493.0,clean,other,,,hatchback,blue,de
15900,2005.0,chevrolet,avalanche,excellent,8 cylinders,gas,127000.0,clean,automatic,4wd,full-size,SUV,grey,ia
19698,2017.0,buick,envision premium ii,good,,gas,95940.0,clean,other,,,other,white,id
14156,2013.0,lincoln,mkx base awd! awd,excellent,6 cylinders,gas,108740.0,,automatic,4wd,,wagon,,mi
32990,2019.0,chevrolet,silverado 1500 ld,good,,other,6897.0,clean,other,,,pickup,black,tn
18900,2012.0,mercedes-benz,s-class,excellent,8 cylinders,gas,94220.0,clean,automatic,rwd,,sedan,black,nv
4400,2003.0,lexus,rx 300,,6 cylinders,gas,193058.0,clean,automatic,fwd,,SUV,blue,al
26089,2015.0,jeep,wrangler unlimited,,6 cylinders,gas,91106.0,clean,automatic,4wd,mid-size,SUV,red,co
6795,2015.0,fiat,500,,4 cylinders,gas,78665.0,clean,automatic,fwd,,other,silver,nv
37990,2019.0,ford,mustang gt coupe 2d,good,8 cylinders,gas,337.0,clean,other,rwd,,coupe,black,mi
24990,2018.0,gmc,canyon extended cab pickup,good,,other,32329.0,clean,other,,,pickup,,dc
9900,2014.0,honda,accord,,4 cylinders,gas,73455.0,clean,automatic,fwd,,sedan,black,pa
500,2015.0,,Flexible Down Payments,,,gas,500.0,clean,automatic,,,,,az
6900,2008.0,honda,cr-v,excellent,4 cylinders,gas,131800.0,clean,automatic,fwd,full-size,SUV,black,ca
11990,2014.0,ford,focus electric hatchback 4d,good,,electric,45308.0,clean,other,fwd,,hatchback,blue,nm
35900,2014.0,toyota,sienna,,6 cylinders,gas,28229.0,clean,automatic,fwd,,,white,co
10898,2014.0,volkswagen,jetta sedan 4dr dsg tdi value edition,,4 cylinders,,68605.0,clean,automatic,fwd,,sedan,white,az
24997,2000.0,ford,commercial chassis,,10 cylinders,gas,93585.0,clean,other,rwd,,,,fl
22998,2017.0,bmw,x1,,,gas,58680.0,clean,automatic,,,,,nm
9990,2010.0,ford,escape,,,gas,108210.0,clean,automatic,,,,,wa
1300,1999.0,gmc,suburban,,,gas,516000.0,clean,automatic,,,,,il
25990,2017.0,mercedes-benz,c-class c 300,good,,other,26469.0,clean,automatic,,,sedan,black,ny
15900,2014.0,ram,2500,good,,gas,247000.0,clean,automatic,4wd,full-size,truck,white,ks
16995,2016.0,ford,"edge $270 month, $1000 down,nav, htd seats, 0 accidents $1000 down, $270 month,",,6 cylinders,gas,98222.0,clean,automatic,fwd,,SUV,black,tx
74999,2017.0,ford,f350 deisel powerstroke 4x4,,,diesel,56701.0,clean,automatic,4wd,,truck,white,wa
8995,2013.0,subaru,outback,excellent,4 cylinders,gas,125650.0,clean,automatic,4wd,full-size,wagon,blue,ma
16900,2011.0,jeep,wrangler unlimited sahara,,,gas,164232.0,clean,automatic,4wd,,,,mi
776,2021.0,mercedes-benz,glc 300,excellent,4 cylinders,gas,2.0,,automatic,,,SUV,,az
22990,2013.0,chevrolet,silverado 2500hd lt,excellent,8 cylinders,gas,162222.0,clean,automatic,4wd,,truck,,ga
18590,2016.0,mazda,mazda6 i touring sedan 4d,good,,gas,27222.0,clean,automatic,fwd,,sedan,white,tx
25995,2013.0,ford,f-150,good,,gas,123744.0,clean,automatic,4wd,full-size,truck,black,wv
4495,2011.0,volkswagen,jetta,,,gas,167100.0,clean,automatic,,,,,mi
10500,2003.0,gmc,sierra,,8 cylinders,gas,106000.0,clean,automatic,4wd,,,,in
9718,2012.0,jeep,liberty sport suv 4d,excellent,6 cylinders,gas,0.0,,automatic,4wd,,SUV,,ca
8995,2011.0,ford,e250 econoline,,,gas,169441.0,clean,automatic,,,,,ri
4000,2004.0,chevrolet,avalanche,good,8 cylinders,gas,199509.0,clean,automatic,,,,,ca
24791,2019.0,honda,hr-v,,4 cylinders,gas,19348.0,clean,automatic,4wd,compact,wagon,grey,ca
11495,2011.0,gmc,acadia,,6 cylinders,gas,130916.0,clean,automatic,4wd,full-size,SUV,white,md
39999,2017.0,ram,diesel cummin 1500 4x4,,,diesel,35967.0,clean,automatic,4wd,,truck,white,or
11500,2013.0,chevrolet,express,excellent,8 cylinders,gas,228699.0,clean,automatic,rwd,full-size,van,white,tn
13999,2016.0,nissan,altima,,,gas,77367.0,clean,automatic,fwd,,sedan,black,ca
4699,2004.0,jeep,grand cherokee laredo,,,gas,154426.0,clean,automatic,,,,,oh
12998,2017.0,honda,fit,,,gas,54386.0,clean,manual,fwd,,,black,wa
4950,2002.0,acura,rl,excellent,6 cylinders,gas,201000.0,clean,automatic,,,sedan,,al
16500,2010.0,jeep,wrangler sport x unlimited,excellent,6 cylinders,gas,118143.0,clean,automatic,4wd,,offroad,,ny
5999,2010.0,dodge,journey,,,gas,132273.0,clean,automatic,fwd,,SUV,blue,tx
1000,2007.0,lexus,ls460,,,gas,133.0,clean,automatic,,,,,ca
43990,2016.0,chevrolet,4500 lcf gas,good,8 cylinders,gas,45542.0,clean,automatic,rwd,,,white,pa
2800,2000.0,honda,civic ex,,,gas,160000.0,salvage,automatic,,,,,ca
20000,2003.0,ford,tbird convertible,like new,8 cylinders,gas,36000.0,clean,automatic,rwd,mid-size,convertible,grey,mo
30990,2018.0,lexus,nx 300h sport utility 4d,good,,hybrid,27205.0,clean,automatic,,,hatchback,silver,ca
5900,2010.0,nissan,altima,,,gas,81000.0,clean,automatic,,,,,nj
2999,2006.0,chevrolet,uplander,good,6 cylinders,gas,211732.0,clean,automatic,fwd,mid-size,mini-van,silver,mi
500,2006.0,,2006,excellent,4 cylinders,gas,1.0,clean,automatic,fwd,,,,co
23999,2020.0,nissan,altima sl fwd gas sedan,,,gas,48261.0,clean,automatic,fwd,,sedan,grey,wa
30857,2015.0,chevrolet,silverado 1500 crew cab,,8 cylinders,gas,98957.0,clean,automatic,,,pickup,black,ca
8995,2015.0,dodge,dart,excellent,4 cylinders,gas,88798.0,clean,manual,fwd,,sedan,black,dc
9995,2013.0,nissan,altima,,,gas,120525.0,clean,automatic,fwd,,sedan,black,id
11995,2012.0,honda,odyssey,,6 cylinders,gas,101056.0,clean,automatic,fwd,,,,vt
3800,2007.0,honda,pilot,fair,6 cylinders,gas,260000.0,clean,automatic,4wd,full-size,SUV,green,nd
8995,2009.0,honda,pilot,,,gas,178612.0,clean,automatic,4wd,,SUV,silver,pa
39999,2017.0,mercedes-benz,glc,,,gas,36358.0,clean,automatic,,,,,mo
3500,2013.0,chrysler,300,like new,,gas,124035.0,clean,automatic,,full-size,sedan,grey,tx
23874,2014.0,mercedes-benz,gl-class,,8 cylinders,gas,102147.0,clean,automatic,,,SUV,black,wa
99,2014.0,mercedes-benz,cls,,,gas,66660.0,clean,automatic,,full-size,sedan,,ma
99,2017.0,rover,,,,gas,25855.0,clean,automatic,4wd,full-size,,,nh
26590,2018.0,toyota,camry hybrid xle sedan 4d,good,,gas,38401.0,clean,other,fwd,,sedan,silver,ca
16995,2017.0,dodge,grand caravan,,,other,77683.0,clean,automatic,fwd,,mini-van,black,ia
99,2018.0,chevrolet,silverado 1500,,,other,38297.0,clean,automatic,4wd,full-size,,,me
25990,2019.0,kia,sorento lx sport utility 4d,good,,gas,15910.0,clean,other,fwd,,other,white,ca
29590,2016.0,lexus,nx 200t f sport suv 4d,good,,gas,30646.0,clean,other,fwd,,hatchback,black,fl
16990,2008.0,ford,super duty f-350 srw,good,8 cylinders,gas,147476.0,clean,automatic,4wd,,,white,nc
1,2015.0,lexus,gs 350,excellent,10 cylinders,gas,77613.0,clean,other,4wd,compact,sedan,white,fl
22000,2013.0,,2013 Genesis Coupe,excellent,6 cylinders,gas,34600.0,clean,automatic,rwd,,coupe,grey,ca
59999,2016.0,ford,f350 diesel powerstroke 4x4,,,diesel,59149.0,clean,automatic,4wd,,truck,white,wa
36990,2019.0,honda,ridgeline rtl pickup 4d 5,good,6 cylinders,gas,5128.0,clean,other,,,pickup,,fl
21495,2014.0,bmw,535i m-sport 5-series,like new,6 cylinders,gas,55807.0,clean,automatic,rwd,full-size,sedan,silver,ca
26881,2015.0,dodge,charger r/t 4dr sedan,,,gas,58901.0,clean,automatic,,,sedan,,wa
6497,2012.0,mini,cooper countryman,good,4 cylinders,gas,113000.0,clean,automatic,fwd,mid-size,wagon,blue,ca
18990,2013.0,acura,rdx sport utility 4d,good,6 cylinders,gas,51633.0,clean,other,,,SUV,red,co
24590,2017.0,chevrolet,silverado 1500 regular,good,6 cylinders,gas,40784.0,clean,other,,,pickup,white,tn
28488,2018.0,gmc,terrain,,,other,47861.0,clean,automatic,4wd,,,,ca
32990,2016.0,jeep,wrangler rubicon sport,good,6 cylinders,gas,42344.0,clean,other,4wd,,other,silver,il
800,2014.0,,2014 All Makes & Models,excellent,,gas,60000.0,clean,automatic,,,,,tx
6100,2007.0,lexus,es 350,excellent,6 cylinders,gas,144586.0,clean,automatic,fwd,compact,sedan,white,az
79999,2020.0,chevrolet,silverado diesels 3500,,,diesel,11044.0,clean,automatic,4wd,,truck,white,id
3000,1985.0,,mecury grand marquis,excellent,8 cylinders,gas,63800.0,clean,automatic,rwd,full-size,sedan,white,az
4995,2008.0,honda,accord lx sedan,excellent,4 cylinders,gas,156000.0,clean,automatic,fwd,full-size,sedan,silver,nj
24900,2014.0,ford,f550 super duty regular cab & chassis,,8 cylinders,diesel,108775.0,clean,automatic,,,other,black,pa
64000,2015.0,chevrolet,,,8 cylinders,other,1749.0,clean,automatic,fwd,compact,other,,nv
39590,2020.0,ford,mustang gt premium coupe 2d,good,8 cylinders,gas,1419.0,clean,other,rwd,,coupe,white,mi
40990,2020.0,ford,mustang gt coupe 2d,good,8 cylinders,gas,39.0,clean,other,rwd,,coupe,black,in
18988,2015.0,jeep,cherokee,,,gas,42974.0,clean,automatic,4wd,,,,fl
12995,2013.0,toyota,camry,excellent,,gas,94750.0,clean,automatic,fwd,,sedan,silver,wi
12671,2018.0,nissan,sentra sv sedan 4d,excellent,4 cylinders,gas,89020.0,,other,,,sedan,,ca
31590,2014.0,ford,f150 supercrew cab fx4,good,8 cylinders,other,54152.0,clean,other,4wd,,pickup,blue,wv
4999,2005.0,ford,focus ses,excellent,4 cylinders,gas,170358.0,clean,manual,,,sedan,,ca
11995,2013.0,ford,taurus sho,like new,6 cylinders,gas,128000.0,clean,automatic,4wd,full-size,sedan,black,ma
10500,1984.0,chevrolet,corvette,excellent,,gas,68000.0,clean,automatic,,,,,ga
16997,2016.0,jeep,renegade limited bad credit,like new,,gas,43000.0,clean,automatic,4wd,,SUV,blue,ca
4500,2002.0,mercedes-benz,benz clk 430,good,8 cylinders,gas,142000.0,clean,automatic,,,coupe,,tx
18500,2002.0,harley-davidson,davidson,excellent,4 cylinders,gas,67000.0,clean,automatic,,full-size,truck,black,ca
18450,2009.0,ford,ranger,,6 cylinders,gas,87236.0,clean,automatic,4wd,,truck,,or
25998,2019.0,toyota,prius,,,gas,38123.0,clean,automatic,4wd,,wagon,,mt
24995,2013.0,chevrolet,silverado 1500 lt ext cab lifted,,8 cylinders,other,117740.0,clean,automatic,4wd,,pickup,silver,az
37590,2017.0,gmc,savana 2500 cargo van 3d,good,8 cylinders,other,21297.0,clean,automatic,rwd,,van,white,ca
17998,2012.0,bmw,5 series,,6 cylinders,gas,62665.0,clean,automatic,rwd,mid-size,sedan,grey,ga
28990,2012.0,mitsubishi,lancer,,,gas,84001.0,clean,automatic,,compact,sedan,white,or
338,2014.0,chevrolet,tahoe,,8 cylinders,gas,139184.0,clean,automatic,4wd,,SUV,,or
28225,2014.0,jeep,wrangler unlimited,,,gas,72827.0,clean,automatic,4wd,,,,in
17800,2014.0,honda,cr-v,,,gas,76362.0,clean,automatic,fwd,,SUV,black,ca
15000,2008.0,audi,,excellent,4 cylinders,gas,43500.0,clean,automatic,fwd,,convertible,black,pa
17995,2013.0,ram,1500 quad cab,,8 cylinders,gas,126959.0,clean,automatic,4wd,,pickup,red,ak
19995,2016.0,nissan,nv2500 hd cargo,,8 cylinders,gas,164999.0,clean,automatic,rwd,,other,white,mo
23988,2018.0,toyota,camry se automatic,,,gas,41360.0,clean,automatic,fwd,,sedan,silver,ak
9500,2014.0,kia,optima,good,,gas,95000.0,clean,automatic,fwd,,,,oh
22388,2018.0,subaru,impreza,,,other,34303.0,clean,manual,,,,,co
7977,2016.0,chevrolet,cruze limited,excellent,,gas,83149.0,clean,manual,fwd,,sedan,,or
449,2015.0,chevrolet,silverado 1500 lt,,,gas,40185.0,clean,automatic,4wd,,pickup,black,ca
13800,2013.0,hyundai,santa fe sport 2.0t,,4 cylinders,gas,96693.0,clean,automatic,4wd,,SUV,grey,pa
2990,2011.0,dodge,grand caravan,,6 cylinders,gas,107000.0,clean,automatic,,,,white,tx
9995,2013.0,honda,civic,,,gas,122295.0,clean,automatic,,compact,sedan,black,ak
28590,2013.0,jeep,wrangler unlimited sport,good,6 cylinders,gas,46469.0,clean,other,4wd,,other,black,va
26999,2013.0,ford,f150 xlt 4x4 half ton gas,,,gas,100227.0,clean,automatic,4wd,,truck,red,wa
27900,2001.0,ford,excursion 4x4 limited 6.8l v10 gas loaded low miles,,10 cylinders,gas,101000.0,clean,automatic,4wd,,SUV,black,ca
11995,2014.0,nissan,rogue select,,,gas,49716.0,clean,automatic,4wd,,SUV,silver,va
13990,2016.0,ford,focus titanium hatchback 4d,good,,gas,61401.0,clean,other,fwd,,hatchback,red,fl
3200,2002.0,mazda,millenia,good,6 cylinders,gas,129000.0,clean,automatic,fwd,full-size,sedan,green,va
8900,2004.0,lexus,rx330 awd,excellent,6 cylinders,gas,115000.0,clean,automatic,4wd,,SUV,,va
47990,2018.0,ford,f-350,,,diesel,96075.0,clean,automatic,4wd,,pickup,black,me
25990,2018.0,acura,rdx sport utility 4d,good,,other,21272.0,clean,other,fwd,,SUV,silver,fl
9500,1988.0,chevrolet,grumman,good,,diesel,33300.0,clean,automatic,,,,,co
1650,1997.0,honda,accord ex,fair,4 cylinders,gas,119561.0,clean,automatic,fwd,,sedan,blue,il
4197,2004.0,jeep,liberty sport,excellent,6 cylinders,gas,185218.0,,automatic,4wd,,SUV,,ks
25990,1999.0,ford,f-250,,,diesel,141631.0,clean,automatic,4wd,,pickup,white,or
1500,2000.0,ford,,salvage,8 cylinders,gas,1862563.0,salvage,automatic,rwd,mid-size,pickup,black,co
58670,2016.0,chevrolet,,,8 cylinders,other,16407.0,clean,automatic,fwd,compact,other,,nj
52000,2020.0,toyota,tacoma,excellent,,gas,5500.0,clean,automatic,4wd,,,,ca
29500,2016.0,ford,transit,good,6 cylinders,gas,11595.0,clean,automatic,rwd,full-size,van,white,ca
26499,2020.0,ford,escape,,3 cylinders,gas,10.0,clean,other,4wd,,SUV,silver,ak
20995,2016.0,ford,explorer limited,excellent,6 cylinders,gas,97187.0,clean,automatic,,,SUV,,ca
27995,2015.0,gmc,sierra,,,gas,132653.0,clean,automatic,rwd,,pickup,black,ca
10950,2012.0,toyota,corolla s,excellent,4 cylinders,gas,99450.0,clean,automatic,fwd,compact,sedan,silver,az
27590,2020.0,hyundai,santa fe 2.4 sel sport,good,,gas,17264.0,clean,other,,,SUV,blue,oh
15500,2018.0,nissan,pathfinder,,6 cylinders,gas,44147.0,rebuilt,automatic,,,,black,fl
8500,2006.0,toyota,4runner,good,6 cylinders,gas,179000.0,clean,automatic,fwd,full-size,SUV,red,tn
3995,2007.0,chevrolet,trailblazer,good,,gas,125346.0,clean,automatic,,,,,nc
7499,2008.0,volkswagen,gti,,,gas,110780.0,clean,automatic,,,,,ca
39878,2017.0,ram,1500 sport,,8 cylinders,gas,63992.0,clean,automatic,,,truck,orange,ks
15000,1966.0,ford,thunderbird,new,8 cylinders,gas,91036.0,clean,automatic,rwd,full-size,coupe,white,il
33497,2018.0,chevrolet,silverado 1500,,,gas,28002.0,clean,automatic,,,pickup,,tx
13790,2014.0,subaru,legacy,,,gas,39326.0,clean,automatic,,,,,nj
6000,2005.0,lincoln,town car,,8 cylinders,gas,78144.0,clean,automatic,rwd,full-size,sedan,green,ny
5500,1998.0,ford,ranger xlt,,,gas,205000.0,clean,manual,,,,,ca
16900,2011.0,ford,f250,,,gas,175000.0,clean,automatic,,,,,tn
500,2014.0,chevrolet,malibu,,,gas,10000.0,clean,automatic,,,,,oh
10995,2010.0,ford,explorer,good,6 cylinders,gas,110000.0,clean,automatic,4wd,full-size,SUV,white,ma
7777,2011.0,chevrolet,cruze,,,gas,122092.0,clean,automatic,,,sedan,,mt
13000,2012.0,mercedes-benz,benz glk350,excellent,6 cylinders,gas,127355.0,clean,automatic,4wd,full-size,other,white,in
26590,2018.0,lincoln,mkz reserve sedan 4d,good,,gas,19506.0,clean,automatic,,,sedan,red,in
10999,2013.0,toyota,sienna xle,excellent,6 cylinders,gas,159620.0,clean,automatic,fwd,full-size,van,yellow,hi
32999,2019.0,ford,mustang,,,gas,38584.0,clean,manual,rwd,,,black,mn
7900,2013.0,acura,ilx,excellent,4 cylinders,gas,68000.0,rebuilt,automatic,fwd,,sedan,,fl
34990,2019.0,ram,1500 classic crew cab big,good,8 cylinders,gas,34139.0,clean,other,,,pickup,white,tx
17990,2015.0,volkswagen,golf tdi sel,good,,diesel,51482.0,clean,other,fwd,,sedan,white,pa
12995,2013.0,mercedes-benz,,like new,6 cylinders,gas,116000.0,clean,automatic,4wd,,,black,ri
500,2018.0,fiat,500,,4 cylinders,gas,100000.0,clean,automatic,fwd,,other,custom,az
3500,2008.0,ford,expedition,,,gas,260000.0,clean,automatic,,,,,ct
32990,2011.0,chevrolet,corvette coupe 2d,good,8 cylinders,gas,20190.0,clean,other,rwd,,coupe,blue,ny
37900,2018.0,chevrolet,silverado 1500,excellent,8 cylinders,gas,23000.0,clean,automatic,4wd,full-size,truck,black,sc
25795,2017.0,ford,transit,,,other,124335.0,clean,automatic,,,van,white,va
45990,2020.0,bmw,5 series 530e xdrive sedan,good,,hybrid,9825.0,clean,automatic,,,sedan,,fl
9900,2013.0,volkswagen,tiguan,excellent,4 cylinders,gas,108243.0,clean,automatic,fwd,full-size,SUV,black,fl
18995,2016.0,audi,a3,excellent,4 cylinders,gas,45946.0,clean,automatic,4wd,mid-size,sedan,black,ca
8995,2009.0,honda,civic,good,4 cylinders,gas,79904.0,rebuilt,automatic,fwd,,sedan,grey,ia
11800,2014.0,subaru,outback,,,gas,134502.0,clean,automatic,,,SUV,red,mi
43995,2018.0,ford,f150 supercrew stx,like new,6 cylinders,gas,18030.0,clean,automatic,4wd,,truck,grey,hi
3750,1999.0,mercury,grand marquis,excellent,8 cylinders,gas,150000.0,clean,automatic,rwd,,sedan,silver,mo
21999,2017.0,ford,escape titanium 4x4 gas suv,,,gas,43145.0,clean,automatic,4wd,,SUV,grey,or
14988,2015.0,chevrolet,camaro,excellent,6 cylinders,gas,94657.0,clean,manual,rwd,compact,convertible,red,ca
4500,1986.0,gmc,s15 p/u,excellent,6 cylinders,gas,161690.0,clean,automatic,4wd,,pickup,blue,wa
39599,2019.0,ford,f-150,,6 cylinders,gas,13789.0,clean,automatic,4wd,full-size,pickup,grey,co
13500,2010.0,chevrolet,silverado ex- cab 4x4,excellent,8 cylinders,gas,202156.0,clean,automatic,4wd,full-size,truck,grey,sc
9500,1995.0,chevrolet,p30 step van,good,,gas,220000.0,clean,automatic,,,,,al
17995,2010.0,dodge,challenger,,,gas,111725.0,clean,automatic,rwd,compact,coupe,red,fl
13995,2016.0,chrysler,town & country touring,excellent,6 cylinders,gas,77653.0,clean,automatic,fwd,mid-size,van,,pa
13999,2008.0,gmc,yukon denali,excellent,8 cylinders,gas,170000.0,clean,automatic,4wd,,,black,ga
3695,2006.0,hyundai,accent,,,gas,94836.0,clean,manual,,,,,wi
34990,2020.0,infiniti,q50 3.0t sport sedan 4d,good,,other,7720.0,clean,other,rwd,,sedan,silver,mn
8500,2012.0,chevrolet,tahoe z71,good,,gas,400000.0,clean,automatic,4wd,full-size,SUV,white,fl
1,2016.0,jeep,wrangler unlimited,excellent,6 cylinders,gas,57722.0,clean,other,4wd,compact,wagon,white,fl
1995,2008.0,dodge,grand caravan,excellent,6 cylinders,gas,122008.0,clean,automatic,,full-size,mini-van,grey,tx
20288,2015.0,mercedes-benz,glk,,6 cylinders,gas,48889.0,clean,automatic,rwd,compact,SUV,red,ga
69988,2018.0,ram,3500 crew cab,excellent,6 cylinders,diesel,18335.0,clean,automatic,,,,,wa
13900,2011.0,rover,lr4 hse,excellent,8 cylinders,gas,144633.0,clean,automatic,4wd,full-size,SUV,blue,co
4200,2003.0,toyota,camry le,,,gas,145000.0,clean,automatic,,,,,oh
17900,2016.0,chevrolet,express 3500,excellent,8 cylinders,gas,97819.0,rebuilt,automatic,rwd,,van,white,co
10500,2012.0,mini,cooper s,excellent,4 cylinders,gas,94893.0,clean,automatic,fwd,,hatchback,brown,az
14575,2012.0,buick,enclave,,6 cylinders,gas,73900.0,clean,automatic,4wd,full-size,SUV,custom,il
69850,2017.0,chevrolet,corvette,,,gas,2813.0,clean,automatic,rwd,,convertible,blue,ga
8999,2008.0,lexus,rx 350,excellent,6 cylinders,gas,140996.0,clean,automatic,4wd,full-size,SUV,,ca
16999,2008.0,ford,f250 super duty,good,8 cylinders,gas,103698.0,clean,automatic,rwd,,truck,white,fl
2000,2011.0,chevrolet,hhr lt,good,4 cylinders,gas,68000.0,rebuilt,automatic,fwd,mid-size,wagon,red,tn
5500,1990.0,mercedes-benz,benz 300 sl convertible,,,gas,70.0,clean,automatic,,,,,ok
15995,2011.0,ford,expedition,,,gas,91852.0,clean,automatic,,,other,white,va
10977,2008.0,mazda,mx-5,excellent,4 cylinders,gas,82006.0,clean,manual,rwd,compact,convertible,red,or
24900,2018.0,nissan,rogue,,,gas,26144.0,clean,automatic,,,SUV,white,co
34999,2017.0,mercedes-benz,c 300,excellent,4 cylinders,gas,27000.0,clean,automatic,,,convertible,,ca
9894,2012.0,ford,transit connect cargo van x,,4 cylinders,gas,128995.0,clean,automatic,fwd,,van,white,ca
29990,2008.0,chevrolet,express commercial cutaway,good,6 cylinders,diesel,65073.0,clean,automatic,rwd,,,white,nj
8100,2009.0,chevrolet,suburban,excellent,8 cylinders,gas,202000.0,rebuilt,automatic,4wd,full-size,SUV,,tx
8950,2009.0,mini,cooper mt convertible,like new,4 cylinders,gas,71000.0,clean,manual,fwd,compact,coupe,red,ma
28990,2018.0,infiniti,qx60 3.5 sport utility,good,6 cylinders,gas,32458.0,clean,other,fwd,,SUV,black,wi
48999,2020.0,gmc,lifted sierra 1500 x31 4x4,,,gas,20797.0,clean,automatic,4wd,,truck,white,wa
3400,1999.0,ford,f-150 ac,good,6 cylinders,gas,233000.0,clean,manual,fwd,full-size,pickup,orange,fl
42999,2018.0,toyota,tundra,,,gas,56484.0,clean,automatic,4wd,,pickup,black,ny
31998,2013.0,ram,2500,,,diesel,132402.0,clean,automatic,,,,,tx
9950,2003.0,ford,excursion,,10 cylinders,gas,137000.0,clean,automatic,4wd,full-size,SUV,red,pa
26777,2013.0,bmw,640i,,,gas,65484.0,clean,automatic,,sub-compact,coupe,black,ca
26590,2018.0,chrysler,300 300s sedan 4d,good,,other,39870.0,clean,other,,,sedan,,nj
16000,2013.0,volkswagen,beetle convertible,,5 cylinders,gas,46364.0,clean,automatic,fwd,,convertible,black,oh
10495,2003.0,toyota,tacoma,good,6 cylinders,gas,297000.0,clean,automatic,4wd,,truck,silver,id
6495,2007.0,kia,sorento,like new,6 cylinders,gas,187003.0,clean,automatic,fwd,full-size,SUV,custom,nc
5500,2007.0,cadillac,cts,,,gas,91000.0,clean,automatic,,,,,ca
11500,1981.0,chevrolet,camaro z28,good,8 cylinders,gas,40453.0,clean,manual,rwd,,coupe,,ca
21995,2015.0,mercedes-benz,c-class c 300,good,,gas,56843.0,clean,automatic,,,sedan,,pa
6995,2006.0,hyundai,tucson limited,,6 cylinders,gas,102563.0,clean,automatic,fwd,,SUV,silver,az
15043,2016.0,toyota,rav4,,4 cylinders,gas,121768.0,clean,automatic,fwd,mid-size,SUV,red,fl
2800,2008.0,toyota,prius,good,4 cylinders,gas,146000.0,clean,automatic,fwd,,,black,fl
2500,2003.0,jeep,liberty,like new,6 cylinders,gas,162112.0,clean,automatic,4wd,mid-size,SUV,black,ny
14995,2012.0,dodge,durango,,,gas,127000.0,clean,automatic,,,,,va
6500,2010.0,chrysler,town and country,good,6 cylinders,gas,93000.0,clean,automatic,,,mini-van,,fl
20789,2016.0,chrysler,300 s,excellent,6 cylinders,gas,46075.0,,automatic,,,other,,oh
16436,2012.0,dodge,durango,excellent,8 cylinders,gas,139823.0,clean,automatic,4wd,,SUV,black,ia
39999,2016.0,ford,f150 xlt xtr 4x4 half ton,,,gas,23977.0,clean,automatic,4wd,,truck,red,id
12800,2013.0,subaru,outback,excellent,4 cylinders,gas,78458.0,clean,automatic,4wd,,wagon,blue,ma
3550,2012.0,nissan,nv2500,good,6 cylinders,gas,370000.0,clean,automatic,rwd,full-size,van,white,tn
18250,2018.0,chevrolet,trax,,4 cylinders,gas,20398.0,clean,automatic,fwd,,SUV,red,ar
19988,2017.0,subaru,impreza sport - awd - rear camera - lane keep assi,excellent,4 cylinders,gas,,clean,automatic,4wd,compact,sedan,blue,ca
18546,2013.0,chevrolet,tahoe,excellent,8 cylinders,gas,147489.0,clean,automatic,4wd,,SUV,white,ia
304,2014.0,bmw,2 series m235i estoril blu,,6 cylinders,gas,,clean,automatic,rwd,,coupe,,ca
2995,2010.0,hyundai,sonata,,4 cylinders,gas,1.0,clean,automatic,,,,red,nv
31995,2011.0,ford,f-150 svt raptor 4x4 4dr su,,,gas,130467.0,clean,automatic,,,,,or
24995,2019.0,ford,transit van,excellent,6 cylinders,gas,55556.0,clean,automatic,rwd,,mini-van,white,ct
27900,2016.0,ford,f-150 xlt,,6 cylinders,gas,83199.0,clean,automatic,4wd,,,,ca
12000,2010.0,chevrolet,silverado,excellent,8 cylinders,gas,181000.0,clean,automatic,4wd,full-size,truck,silver,mn
35800,2006.0,chevrolet,silverado 2500hd lbz,excellent,,diesel,47733.0,clean,automatic,4wd,,,,ar
2999,2000.0,chrysler,sebring jxi,good,6 cylinders,gas,142021.0,clean,automatic,fwd,mid-size,convertible,brown,fl
11988,2013.0,subaru,wrx,like new,4 cylinders,gas,150000.0,clean,manual,4wd,full-size,sedan,blue,ok
23985,2016.0,mercedes-benz,glc,excellent,4 cylinders,gas,103078.0,clean,automatic,4wd,,,,va
16590,2015.0,kia,optima ex sedan 4d,good,,gas,40433.0,clean,automatic,fwd,,sedan,red,ga
7999,2012.0,hyundai,veracruz,,,gas,148660.0,clean,automatic,4wd,,wagon,black,nj
800,2002.0,dodge,durango,fair,8 cylinders,gas,136000.0,clean,automatic,4wd,,,red,ma
14995,2011.0,ford,ranger,excellent,6 cylinders,gas,86415.0,clean,automatic,4wd,mid-size,pickup,white,or
18995,2011.0,ford,f-150,,,gas,151524.0,clean,automatic,4wd,,pickup,white,id
15495,2016.0,chevrolet,malibu,like new,4 cylinders,gas,59169.0,clean,automatic,fwd,mid-size,sedan,black,ct
8995,2011.0,ford,escape,,4 cylinders,gas,132334.0,clean,automatic,4wd,,SUV,white,co
1500,2004.0,chevrolet,impala,good,,gas,187000.0,clean,automatic,,,,grey,ct
33990,2014.0,gmc,sierra 1500 double cab slt,good,8 cylinders,gas,41376.0,clean,other,4wd,,pickup,,ny
31990,2014.0,gmc,yukon xl 1500 denali sport,good,,other,57899.0,clean,other,,,SUV,black,pa
9495,2016.0,hyundai,sonata 2.4l se,excellent,4 cylinders,gas,58030.0,salvage,automatic,,,other,,ca
15590,2017.0,fiat,500x pop sport utility 4d,good,,gas,26760.0,clean,other,fwd,,hatchback,black,az
32,1997.0,ford,taurus,,6 cylinders,gas,90744.0,clean,automatic,fwd,,sedan,,or
2000,2004.0,honda,pilot,good,6 cylinders,gas,188000.0,clean,automatic,4wd,mid-size,SUV,white,oh
6988,2015.0,mitsubishi,mirage,,,other,98313.0,clean,other,,,,,co
3600,2006.0,chrysler,sebring convertible,excellent,6 cylinders,gas,114974.0,clean,automatic,fwd,mid-size,convertible,silver,ma
27990,2018.0,bmw,3 series 330i xdrive sedan,good,,gas,24379.0,clean,other,,,sedan,black,in
8995,2004.0,acura,tl fwd,good,6 cylinders,gas,55564.0,clean,automatic,fwd,,sedan,silver,wa
13995,2014.0,chrysler,town and country,,,gas,73012.0,clean,automatic,,,,,nm
39995,2017.0,ram,1500 sport,like new,8 cylinders,gas,248226.0,clean,automatic,4wd,,truck,,ny
32990,2017.0,acura,mdx sh-awd sport utility,good,6 cylinders,gas,29322.0,clean,other,,,SUV,white,mi
18388,2017.0,nissan,altima 2.5 s,good,4 cylinders,gas,14944.0,clean,automatic,fwd,,sedan,silver,ca
26590,2019.0,volkswagen,jetta gli autobahn,good,,other,19696.0,clean,other,fwd,,sedan,black,il
8995,2011.0,hyundai,tucson,good,4 cylinders,gas,169096.0,clean,automatic,fwd,full-size,SUV,grey,id
23980,2008.0,cadillac,escalade,,8 cylinders,gas,49012.0,clean,automatic,4wd,,SUV,black,id
18990,2017.0,chevrolet,volt premier hatchback,good,,gas,52967.0,clean,other,fwd,,hatchback,,fl
4100,2009.0,ram,3500,,6 cylinders,diesel,15000.0,clean,manual,4wd,,,,co
10995,2007.0,nissan,armada,excellent,8 cylinders,gas,158148.0,clean,automatic,4wd,full-size,SUV,grey,tn
17200,2014.0,subaru,outback,excellent,6 cylinders,gas,105600.0,clean,automatic,4wd,mid-size,wagon,grey,co
35990,2020.0,toyota,4runner sr5 sport utility,good,6 cylinders,gas,33556.0,clean,other,4wd,,SUV,black,ar
267,2005.0,,Hummer H2 SUV,excellent,8 cylinders,gas,186757.0,,automatic,4wd,,SUV,,mn
203,2017.0,volkswagen,golf gti c,,4 cylinders,gas,60974.0,clean,manual,fwd,,hatchback,,ca
12850,2013.0,volkswagen,passat tdi sel premiu,,,diesel,68000.0,clean,automatic,fwd,,sedan,blue,in
35000,1928.0,ford,model a,excellent,8 cylinders,gas,39561.0,clean,automatic,rwd,mid-size,sedan,red,oh
9995,2013.0,chevrolet,impala,excellent,,gas,89767.0,clean,automatic,,,,,fl
18998,2015.0,ford,explorer,,6 cylinders,gas,121342.0,clean,automatic,4wd,,SUV,white,mn
4990,2007.0,bmw,335i,,,gas,162162.0,clean,automatic,,compact,sedan,,fl
15499,2011.0,ram,1500,,,gas,125370.0,clean,automatic,,,,,wi
22949,2014.0,ford,f-150,,,gas,102758.0,clean,automatic,4wd,,pickup,blue,oh
22990,2010.0,ford,econoline commercial cutaway,good,10 cylinders,gas,121911.0,clean,automatic,rwd,full-size,truck,white,ct
20990,2017.0,honda,cr-v ex sport utility 4d,good,,gas,69790.0,clean,automatic,,,SUV,green,tn
29999,2015.0,ram,1500 slt,good,8 cylinders,gas,66366.0,clean,automatic,4wd,full-size,truck,silver,ak
11900,2014.0,subaru,forester 2.5i limited,excellent,4 cylinders,gas,79894.0,salvage,automatic,4wd,mid-size,sedan,blue,sc
34990,2010.0,chevrolet,corvette coupe 2d,good,8 cylinders,gas,19502.0,clean,other,rwd,,coupe,blue,oh
31500,2016.0,toyota,tacoma,excellent,,gas,34800.0,clean,automatic,4wd,,pickup,red,wi
10000,1972.0,chevrolet,cheyenne super,good,8 cylinders,gas,95000.0,clean,automatic,rwd,full-size,truck,black,nc
15995,2013.0,chevrolet,silverado 1500,excellent,8 cylinders,gas,125766.0,clean,automatic,rwd,full-size,pickup,white,va
5000,2012.0,chevrolet,captiva sport,excellent,4 cylinders,gas,91044.0,rebuilt,automatic,fwd,mid-size,sedan,black,mi
4900,2009.0,honda,civic,,,gas,198000.0,clean,manual,,,,,nc
12595,2013.0,dodge,charger sxt,,,gas,132753.0,clean,automatic,,,,,il
40800,2020.0,volvo,xc60 t6 momentum,like new,4 cylinders,gas,19020.0,clean,automatic,4wd,,,silver,or
14995,2017.0,fiat,500l trekking,like new,4 cylinders,gas,52000.0,clean,automatic,fwd,mid-size,hatchback,yellow,tx
16990,2012.0,lexus,ct 200h premium hatchback,good,,hybrid,65113.0,clean,other,fwd,,hatchback,red,tx
15590,2016.0,chevrolet,cruze limited 1lt,good,,gas,7076.0,clean,automatic,fwd,,sedan,blue,ok
15999,2011.0,ram,1500,,,gas,100350.0,clean,automatic,,,other,black,oh
5800,2007.0,acura,tl,,,gas,150000.0,clean,automatic,,,,,ct
29995,2015.0,ram,2500 crew cab,,6 cylinders,diesel,157824.0,clean,automatic,4wd,,pickup,white,ny
5700,1977.0,,triumph spitfire 1500,good,4 cylinders,gas,91690.0,clean,manual,rwd,compact,convertible,,oh
20990,2013.0,audi,a6 2.0t premium plus sedan,good,,gas,38496.0,clean,other,,,sedan,black,wi
386,2019.0,subaru,outback 2.5i,,4 cylinders,gas,13994.0,clean,automatic,4wd,,SUV,,or
9500,1973.0,dodge,dart 340 sport,fair,8 cylinders,gas,89000.0,clean,automatic,rwd,mid-size,coupe,red,mi
9999,2003.0,chevrolet,silverado,excellent,8 cylinders,gas,230988.0,clean,automatic,4wd,full-size,pickup,white,ca
33989,2011.0,mercedes-benz,s-class,,8 cylinders,gas,87490.0,clean,automatic,rwd,full-size,sedan,black,tn
22000,2006.0,volkswagen,r32,like new,,gas,36000.0,clean,manual,,,,blue,pa
5900,2006.0,mercedes-benz,clk-class,,,gas,103406.0,clean,,,sub-compact,coupe,black,ca
15998,2015.0,chevrolet,cruze,,,gas,63781.0,clean,automatic,fwd,,,silver,ks
7995,2009.0,subaru,impreza,,,gas,100610.0,clean,automatic,,,,,ca
10454,2007.0,jeep,commander,,,gas,170002.0,clean,automatic,4wd,,,,az
6400,2009.0,toyota,camry le 4dr sedan 5a,,,gas,118885.0,clean,automatic,,,sedan,,pa
27590,2018.0,bmw,3 series 330i xdrive sedan,good,,other,20845.0,clean,other,,,sedan,blue,in
22590,2010.0,audi,s5 quattro coupe 2d,good,,other,46303.0,clean,other,,,coupe,black,ca
8700,2015.0,chrysler,200 s,like new,4 cylinders,gas,125759.0,clean,automatic,fwd,full-size,sedan,red,va
16990,2012.0,volvo,c70 t5 convertible 2d,good,,other,72709.0,clean,other,fwd,,other,blue,co
129,1997.0,toyota,tacoma xtracab manual,,4 cylinders,gas,214124.0,clean,automatic,rwd,,,,or
7900,2006.0,honda,ridgeline rtl,,,gas,190000.0,clean,automatic,,,,,il
19998,2012.0,ford,f-350 xl extended cab util,,,diesel,175311.0,clean,automatic,4wd,,,,id
5995,2012.0,chevrolet,impala,,,other,88000.0,clean,automatic,fwd,,sedan,white,in
40990,2019.0,chevrolet,camaro ss coupe 2d,good,8 cylinders,gas,16539.0,clean,other,rwd,,coupe,,ga
10995,2013.0,bmw,x3,excellent,,gas,93234.0,clean,automatic,4wd,,SUV,black,va
60950,2016.0,chevrolet,silverado,,,diesel,53898.0,clean,automatic,4wd,,pickup,,co
29995,1997.0,,Freightliner FL-80 Dump Truck 5.9 Cummins,,6 cylinders,,120527.0,,automatic,,,,red,tn
12990,2014.0,acura,tsx,excellent,4 cylinders,gas,105000.0,clean,automatic,fwd,mid-size,sedan,black,de
30499,2017.0,bmw,430i,,4 cylinders,gas,32214.0,clean,other,rwd,,sedan,blue,ak
22990,2004.0,gmc,tc5500,good,,diesel,119091.0,clean,automatic,rwd,,,white,ny
9995,2010.0,gmc,yukon xl,,,gas,213339.0,clean,automatic,,,,,mn
44590,2019.0,ford,f150 supercrew cab lariat,good,6 cylinders,other,37001.0,clean,other,4wd,,pickup,white,tn
38896,2012.0,ford,f250 super duty lariat,,,diesel,141590.0,clean,automatic,,,,,va
4000,2007.0,toyota,corolla,excellent,4 cylinders,gas,141166.0,clean,manual,fwd,mid-size,sedan,grey,wi
36990,2018.0,jeep,wrangler unlimited all new,good,,other,5933.0,clean,other,4wd,,other,,nc
34990,2019.0,honda,odyssey ex-l minivan 4d,good,6 cylinders,gas,13500.0,clean,other,fwd,,van,silver,wi
10300,2007.0,lexus,is250 awd,excellent,6 cylinders,gas,71011.0,clean,automatic,4wd,compact,sedan,blue,dc
7975,2008.0,ford,ranger,,,gas,157121.0,clean,automatic,4wd,,pickup,,nj
19990,2017.0,subaru,legacy 2.5i premium sedan,good,,gas,10309.0,clean,other,,,sedan,white,al
47990,2017.0,chevrolet,ss sedan 4d,good,8 cylinders,gas,11448.0,clean,other,rwd,,sedan,red,ca
8995,2014.0,kia,soul,,,gas,116795.0,clean,automatic,,compact,SUV,green,or
16900,2011.0,jeep,wrangler unlimited sahara,,,gas,164232.0,clean,automatic,4wd,,,,mi
5999,2006.0,chevrolet,trailblazer,,,gas,151373.0,clean,automatic,,,,,ia
2995,2008.0,chevrolet,aveo,like new,,gas,90.0,clean,manual,,,,,ma
17995,2003.0,,Hummer H2,,,gas,124417.0,clean,automatic,,,SUV,yellow,or
99,2016.0,jeep,wrangler,,,gas,87544.0,clean,automatic,4wd,full-size,,,me
29590,2014.0,lexus,ls 460 sedan 4d,good,,other,76306.0,clean,other,rwd,,sedan,black,ca
219,2014.0,honda,odyssey ex lmini van,excellent,6 cylinders,gas,90534.0,,automatic,,,van,,fl
6500,1990.0,chrysler,tc by maserati,good,6 cylinders,gas,140000.0,clean,automatic,,,,,or
36990,2020.0,buick,enclave essence sport,good,6 cylinders,gas,11777.0,clean,other,,,other,black,oh
14995,2014.0,ram,1500 slt 4x4,excellent,8 cylinders,gas,167311.0,clean,automatic,4wd,,truck,black,in
37990,2010.0,chevrolet,corvette grand sport,good,8 cylinders,other,56302.0,clean,other,rwd,,other,red,nc
34998,2014.0,ram,3500,,,diesel,226770.0,clean,automatic,4wd,,pickup,white,fl
7500,2012.0,hyundai,sonata,,,gas,87000.0,rebuilt,automatic,,,,,ar
28590,2017.0,chevrolet,silverado 1500 regular,good,6 cylinders,gas,102.0,clean,other,,,pickup,red,mi
15590,2012.0,acura,tsx wagon 4d,good,,gas,102260.0,clean,automatic,fwd,,wagon,white,nm
29770,2016.0,toyota,4-runner,,,gas,108422.0,clean,automatic,4wd,,wagon,black,or
2200,1997.0,toyota,rav4,excellent,4 cylinders,gas,260325.0,clean,automatic,4wd,,SUV,black,oh
4100,2007.0,chevrolet,uplander ls,excellent,6 cylinders,gas,162000.0,clean,automatic,fwd,full-size,mini-van,silver,ca
12695,2009.0,ford,e-350,,,other,185523.0,clean,automatic,,,other,white,ct
12590,2013.0,chevrolet,volt sedan 4d,good,,hybrid,62214.0,clean,other,fwd,,sedan,silver,co
7000,2007.0,ford,expedition,,,gas,111000.0,salvage,automatic,,,,,ca
3499,2005.0,dodge,caravan/grand caravan,,,gas,200000.0,clean,automatic,fwd,,van,blue,ca
21880,2016.0,buick,enclave,,6 cylinders,gas,74113.0,clean,automatic,,,SUV,silver,wa
3600,2009.0,nissan,versa,good,4 cylinders,gas,113847.0,clean,manual,fwd,compact,hatchback,silver,sc
21997,2016.0,mercedes-benz,e-class,excellent,,gas,98904.0,clean,automatic,4wd,,sedan,,tn
6500,2003.0,chevrolet,tahoe z71,like new,8 cylinders,gas,245700.0,clean,automatic,4wd,full-size,SUV,silver,al
45590,2019.0,toyota,tundra crewmax limited,good,8 cylinders,gas,10056.0,clean,other,,,pickup,silver,az
1,2012.0,buick,enclave,,,gas,5555555.0,clean,automatic,,,,,mi
2200,1999.0,pontiac,bonneville ssei,,6 cylinders,gas,160000.0,clean,automatic,,,,,wi
8999,2013.0,mitsubishi,lancer,,,gas,79000.0,clean,automatic,,,,,ny
18990,2017.0,hyundai,tucson sport suv 4d,good,,gas,47185.0,clean,automatic,,,other,black,co
4650,2004.0,jeep,grand cherokee limited,excellent,8 cylinders,gas,167573.0,,automatic,4wd,,SUV,,il
18621,2018.0,kia,sportage,,4 cylinders,gas,11887.0,clean,automatic,fwd,compact,SUV,white,tx
11000,2015.0,honda,odyssey,excellent,6 cylinders,gas,85000.0,rebuilt,automatic,rwd,full-size,mini-van,silver,fl
5995,2010.0,nissan,xterra x,excellent,6 cylinders,gas,149000.0,clean,automatic,fwd,full-size,SUV,silver,tx
54590,2018.0,bmw,7 series 750i sedan 4d,good,,other,26119.0,clean,other,,,sedan,,nm
26990,2017.0,nissan,titan single cab sv,good,8 cylinders,gas,41335.0,clean,other,4wd,,pickup,red,pa
15999,2017.0,dodge,grand caravan gt,excellent,6 cylinders,gas,31000.0,rebuilt,automatic,fwd,,mini-van,grey,ny
34295,2018.0,ford,expedition,,,gas,54890.0,clean,automatic,fwd,,SUV,black,tx
30974,2018.0,ford,f-150,,8 cylinders,gas,85030.0,clean,automatic,4wd,full-size,pickup,black,tx
29995,2015.0,toyota,tacoma,,,gas,43944.0,clean,automatic,fwd,,pickup,silver,ca
42999,2019.0,gmc,sierra 1500,,,gas,7383.0,clean,automatic,,,,,az
1995,2006.0,nissan,altima,excellent,4 cylinders,gas,156072.0,clean,automatic,fwd,full-size,sedan,white,tx
4999,2008.0,,saab 9-3,good,4 cylinders,gas,111731.0,clean,manual,fwd,mid-size,sedan,silver,ky
39999,2017.0,toyota,tundra sr5 4x4 1/2 ton,,,gas,49956.0,clean,automatic,4wd,,truck,white,wa
48590,2017.0,cadillac,escalade esv premium,good,8 cylinders,gas,73547.0,clean,other,4wd,,SUV,black,sc
8995,2013.0,volkswagen,jetta se pzev,excellent,5 cylinders,gas,108003.0,clean,automatic,fwd,compact,sedan,black,tx
14995,2011.0,chevrolet,silverado 1500,,8 cylinders,gas,138499.0,clean,automatic,rwd,,truck,red,id
23750,2014.0,,Freightliner M2,,,diesel,206730.0,clean,automatic,,,,,co
5500,2009.0,ford,taurux x eddie bauer,good,,gas,160000.0,clean,automatic,4wd,mid-size,wagon,blue,mi
7000,2005.0,dodge,,good,5 cylinders,diesel,141500.0,clean,automatic,rwd,,truck,black,nj
6999,2005.0,chevrolet,suburban 1500 4x4,excellent,8 cylinders,gas,201881.0,clean,automatic,4wd,full-size,SUV,,ca
20990,2006.0,chevrolet,express cargo van,good,8 cylinders,diesel,134296.0,clean,automatic,rwd,full-size,truck,white,ny
24990,2016.0,lexus,nx 200t sport utility 4d,good,,gas,34818.0,clean,automatic,fwd,,hatchback,white,md
33990,2018.0,jeep,wrangler unlimited willys,good,6 cylinders,gas,34636.0,clean,other,4wd,,other,white,fl
16500,2014.0,ford,focus st,good,4 cylinders,gas,76640.0,clean,manual,fwd,compact,hatchback,white,co
19990,2017.0,hyundai,sonata plug-in hybrid,good,,hybrid,29254.0,clean,manual,fwd,,sedan,white,fl
7900,1957.0,ford,f450,,,gas,1000.0,missing,manual,,,,,ca
5900,2013.0,ford,escape,good,4 cylinders,gas,164000.0,clean,automatic,fwd,,,grey,mi
3500,1996.0,ram,2500,good,8 cylinders,gas,91000.0,clean,automatic,rwd,full-size,truck,green,wy
8795,2011.0,dodge,journey,,,gas,94633.0,clean,automatic,,,hatchback,silver,ct
56800,2015.0,ford,f-250,,,diesel,64441.0,clean,automatic,4wd,,pickup,black,nv
8000,1996.0,chevrolet,suburban,good,8 cylinders,gas,81085.0,clean,automatic,rwd,full-size,SUV,black,la
3000,2017.0,ford,f150,excellent,,gas,189200.0,clean,automatic,,,,white,tx
4444,2004.0,,Yamaha  4 seat,like new,other,electric,1000.0,clean,automatic,,sub-compact,convertible,red,ca
10700,2012.0,ford,f-250,good,10 cylinders,gas,197000.0,salvage,automatic,4wd,,truck,white,fl
36590,2018.0,ram,1500 crew cab slt pickup 4d,good,,other,21015.0,clean,other,4wd,,pickup,,ks
3000,2005.0,nissan,murano,,6 cylinders,gas,176791.0,clean,automatic,4wd,,SUV,silver,md
5200,2012.0,honda,,,,gas,120000.0,clean,manual,,,,,la
17973,2012.0,subaru,impreza wrx sti,good,4 cylinders,gas,150111.0,clean,manual,4wd,mid-size,wagon,silver,nj
3800,2005.0,honda,odyssey,good,,gas,210891.0,clean,automatic,,,mini-van,,ia
2900,2003.0,ford,crown victoria police,good,8 cylinders,gas,270000.0,clean,automatic,rwd,full-size,sedan,white,fl
45870,2017.0,ford,f-250 xlt,,,diesel,1.0,clean,automatic,,,,,sc
13995,2010.0,dodge,challenger,excellent,,gas,112580.0,clean,automatic,rwd,,coupe,white,or
17999,2017.0,mitsubishi,outlander sport es,,,gas,56600.0,clean,automatic,4wd,,SUV,red,wa
5400,1994.0,gmc,k 1500,good,8 cylinders,gas,227000.0,clean,automatic,4wd,full-size,pickup,blue,co
11900,2010.0,bmw,750i xdrive,excellent,8 cylinders,gas,116000.0,clean,automatic,,,,,ny
31495,2018.0,chevrolet,silverado 1500,,8 cylinders,gas,106601.0,clean,automatic,4wd,,truck,white,id
11980,2016.0,chrysler,200,,4 cylinders,gas,104289.0,clean,automatic,fwd,,sedan,black,id
7500,2008.0,cadillac,escalade,fair,8 cylinders,gas,210500.0,clean,automatic,4wd,,,black,ia
39999,2017.0,ram,1500 laramie 4x4 gas,,,gas,52216.0,clean,automatic,4wd,,truck,red,id
25990,2019.0,ram,1500 classic regular cab,good,8 cylinders,gas,12302.0,clean,other,,,pickup,white,oh
39990,2019.0,ford,f-150,,,gas,18838.0,clean,,4wd,,pickup,,ma
1,2018.0,nissan,altima,excellent,10 cylinders,gas,34515.0,clean,other,4wd,compact,sedan,black,fl
14900,2004.0,mercedes-benz,benz slk 320,like new,6 cylinders,gas,25997.0,clean,automatic,rwd,compact,convertible,silver,ma
59999,2014.0,ram,3500,,6 cylinders,diesel,75761.0,clean,manual,4wd,,pickup,,wa
41590,2020.0,,Genesis G70 3.3T Sedan 4D,good,,other,6390.0,clean,other,rwd,,sedan,black,la
5200,2010.0,kia,forte,excellent,4 cylinders,gas,98650.0,clean,manual,fwd,mid-size,sedan,silver,va
16800,2011.0,dodge,dakota quad cab,excellent,8 cylinders,gas,128732.0,clean,automatic,4wd,mid-size,truck,white,nc
34900,2019.0,toyota,tacoma 2wd,excellent,6 cylinders,gas,33007.0,clean,automatic,rwd,full-size,truck,grey,ca
9500,2013.0,ford,transit connect,good,4 cylinders,gas,150189.0,clean,automatic,fwd,full-size,van,white,id
20590,2015.0,volkswagen,eos komfort,good,,gas,43470.0,clean,automatic,fwd,,convertible,black,wi
21990,2020.0,mitsubishi,outlander se sport,good,,gas,19118.0,clean,other,,,other,silver,ga
12000,2012.0,honda,odyssey,,,gas,145113.0,clean,automatic,,,mini-van,,ks
30990,2018.0,buick,enclave essence sport,good,6 cylinders,gas,41466.0,clean,other,,,other,black,nj
27990,2013.0,,International TerraStar,good,8 cylinders,diesel,138071.0,clean,automatic,rwd,,,white,ia
19900,2019.0,ford,ecosport se,good,,other,14751.0,clean,automatic,4wd,,other,red,oh
16999,2013.0,ford,f-150,excellent,,gas,159903.0,clean,automatic,4wd,,pickup,grey,il
6500,1999.0,ford,f450 super duty,excellent,8 cylinders,diesel,244000.0,clean,automatic,rwd,full-size,truck,white,va
9952,2012.0,nissan,maxima,,6 cylinders,gas,115829.0,clean,automatic,fwd,mid-size,sedan,white,tn
1,2010.0,ford,edge,,,gas,95443.0,clean,automatic,,,,,mi
54654,2019.0,toyota,tundra platinum 4x4 gas,,,gas,26067.0,clean,automatic,4wd,,truck,white,id
31590,2017.0,acura,mdx sh-awd sport utility,good,6 cylinders,gas,32183.0,clean,other,,,SUV,silver,ca
4999,2004.0,subaru,legacy wagon,good,4 cylinders,gas,127472.0,clean,automatic,,,wagon,blue,pa
12500,2007.0,ford,explorer sport trac,excellent,8 cylinders,gas,128804.0,clean,automatic,4wd,mid-size,pickup,orange,il
13950,2010.0,mercedes-benz,benz ml350,like new,6 cylinders,gas,81917.0,clean,automatic,,,SUV,grey,tx
13990,2008.0,jeep,wrangler sahara 4x4,good,6 cylinders,gas,160670.0,clean,automatic,4wd,mid-size,SUV,green,nd
14500,2012.0,gmc,acadia denali,excellent,6 cylinders,gas,107562.0,,automatic,4wd,,SUV,,co
33985,2017.0,toyota,tacoma,,,other,99940.0,clean,automatic,,,,,il
9995,2013.0,ford,escape se,,,gas,168050.0,clean,automatic,,,SUV,blue,nc
11999,2011.0,buick,enclave cxl-1,good,6 cylinders,gas,90412.0,clean,automatic,4wd,,SUV,,ca
36998,2019.0,subaru,forester,,4 cylinders,gas,7276.0,clean,automatic,4wd,,SUV,,mt
1000,2022.0,,all,,,gas,1000.0,clean,other,,,,,nj
6995,2007.0,lexus,is,,,gas,190457.0,clean,automatic,,,sedan,white,oh
13480,2014.0,toyota,rav4 le,,4 cylinders,gas,94826.0,clean,automatic,fwd,,wagon,custom,wi
4200,2005.0,,scion tc,good,6 cylinders,gas,147657.0,clean,automatic,,,,white,ca
9900,2015.0,audi,a4,,,other,12533.0,salvage,automatic,4wd,,sedan,,wv
26417,2017.0,mercedes-benz,gla,,4 cylinders,gas,17489.0,clean,automatic,4wd,compact,SUV,black,ny
15995,1999.0,ford,mustang,,8 cylinders,gas,104718.0,clean,manual,rwd,,coupe,black,ia
9900,2006.0,lexus,rx 330 base awdsuv,excellent,6 cylinders,gas,170578.0,,automatic,4wd,,SUV,,sc
29990,2017.0,chevrolet,colorado crew cab lt,good,,other,30727.0,clean,other,,,pickup,white,ca
3500,2006.0,chrysler,pt cruiser touring,excellent,4 cylinders,gas,111000.0,clean,automatic,,,van,,ca
4900,2002.0,bmw,330ci,excellent,6 cylinders,gas,155000.0,clean,automatic,rwd,compact,convertible,silver,ga
28990,2016.0,jeep,wrangler unlimited sahara,good,6 cylinders,gas,69856.0,clean,other,4wd,,SUV,red,oh
7995,2009.0,mercedes-benz,c-class,good,6 cylinders,gas,104000.0,clean,automatic,rwd,,sedan,black,va
13986,2015.0,nissan,quest 3.5 s,good,,other,66425.0,clean,automatic,fwd,,van,,fl
6995,2012.0,ford,econoline,,,gas,215149.0,missing,automatic,,,,,mi
888,2014.0,jeep,cherokee latitude,,,gas,100000.0,clean,automatic,,,,,oh
16590,2018.0,ford,c-max hybrid se wagon 4d,good,,hybrid,42749.0,clean,other,fwd,,wagon,blue,ca
3995,2005.0,subaru,legacy wagon,good,4 cylinders,gas,195225.0,clean,automatic,,,wagon,brown,ma
46773,2020.0,ford,explorer,,,gas,27130.0,clean,automatic,4wd,,,white,mo
7995,2008.0,chrysler,town & country touring,,6 cylinders,gas,97879.0,clean,automatic,fwd,,van,black,or
29888,2018.0,mercedes-benz,gla-class,,,gas,15014.0,clean,automatic,,,SUV,white,hi
3100,2010.0,nissan,sentra,,,gas,135000.0,clean,automatic,,,,,ia
15995,2016.0,chevrolet,malibu,good,4 cylinders,gas,67732.0,clean,automatic,fwd,,sedan,white,ca
19990,2019.0,mitsubishi,outlander sport es,,4 cylinders,gas,42903.0,clean,automatic,fwd,,wagon,blue,tn
28899,2017.0,ford,f-150,,,gas,81998.0,clean,automatic,4wd,,,,in
12000,2010.0,audi,a5,like new,,gas,45000.0,clean,automatic,,full-size,coupe,black,ca
38590,2019.0,acura,mdx sh-awd w/technology,good,,other,14906.0,clean,other,,,other,white,oh
19500,2008.0,chrysler,town and country tourin,,,gas,44243.0,clean,automatic,,,,,nc
32500,2011.0,ford,f350 super duty,excellent,8 cylinders,diesel,165697.0,clean,automatic,4wd,full-size,truck,white,fl
17664,2018.0,honda,civic,,4 cylinders,gas,39984.0,clean,automatic,fwd,mid-size,sedan,custom,al
5750,2008.0,bmw,x3si awd,excellent,6 cylinders,gas,145000.0,clean,automatic,4wd,mid-size,SUV,blue,pa
2500,1997.0,lexus,ls 400,excellent,8 cylinders,gas,222000.0,clean,automatic,fwd,full-size,sedan,custom,fl
10750,2013.0,toyota,corolla,good,4 cylinders,gas,52600.0,clean,automatic,fwd,,sedan,custom,mi
15500,2014.0,chevrolet,equinox,,4 cylinders,gas,73317.0,clean,automatic,fwd,mid-size,SUV,custom,fl
3400,2008.0,chrysler,pt cruiser,good,4 cylinders,gas,68000.0,clean,automatic,,,,,ca
14500,1978.0,,1978 Corvette,,,gas,72300.0,clean,automatic,,,,,wi
7000,2007.0,gmc,1500 sierra,good,6 cylinders,gas,298940.0,clean,automatic,rwd,,truck,white,ga
29997,2015.0,toyota,tacoma v6 1 owner* trd sport* navigation*back up cam* 6-speed manual* rust free*1-owner*non smoker*bilstein toytec lift,,6 cylinders,gas,144071.0,clean,manual,4wd,,pickup,silver,hi
500,1979.0,cadillac,eldorado,,8 cylinders,gas,95000.0,clean,automatic,fwd,,,,va
7995,2004.0,ford,mustang,good,8 cylinders,gas,170561.0,clean,automatic,rwd,mid-size,convertible,yellow,fl
2500,2008.0,pontiac,g6,fair,6 cylinders,gas,119000.0,clean,automatic,fwd,mid-size,convertible,black,ca
28850,2002.0,porsche,911 carrera,good,6 cylinders,gas,46053.0,clean,other,,,convertible,,wa
41500,2016.0,ford,f250 super duty crew cab,,8 cylinders,other,85454.0,clean,automatic,4wd,,pickup,custom,ct
5500,2010.0,chevrolet,equinox lt,good,4 cylinders,gas,175000.0,clean,automatic,4wd,mid-size,SUV,grey,in
6995,2012.0,jeep,compass,excellent,4 cylinders,gas,149937.0,clean,automatic,4wd,full-size,SUV,black,ne
109995,2004.0,,ROLLS ROYCE PHANTOM,,,gas,26000.0,clean,automatic,,,sedan,black,me
9500,2019.0,acura,tlx w/a-spec pkg red,excellent,6 cylinders,gas,18495.0,clean,automatic,,,sedan,,nj
6990,2009.0,hyundai,genesis,excellent,6 cylinders,gas,134063.0,clean,automatic,rwd,full-size,sedan,blue,fl
2600,2013.0,chrysler,200 touring,excellent,4 cylinders,gas,122000.0,clean,automatic,fwd,mid-size,sedan,white,mi
19500,1999.0,gmc,sierra 1500,like new,8 cylinders,gas,98315.0,clean,automatic,4wd,full-size,pickup,red,ma
9988,2016.0,chevrolet,spark ls,good,,other,64505.0,clean,automatic,fwd,,hatchback,,ar
14988,2016.0,nissan,rogue,,,gas,110005.0,clean,automatic,fwd,,SUV,black,fl
15900,2015.0,chevrolet,traverse lt,excellent,6 cylinders,gas,102000.0,clean,manual,4wd,,,,mt
39590,2020.0,nissan,370z sport touring coupe,good,6 cylinders,gas,683.0,clean,other,rwd,,coupe,white,ca
6900,2012.0,volkswagen,beetle,excellent,,gas,59.0,rebuilt,automatic,fwd,,,,pa
26000,2004.0,,2004 Sprinter 140,good,5 cylinders,diesel,186000.0,clean,automatic,,,van,silver,ca
21995,,,u Outback,,4 cylinders,gas,31880.0,clean,automatic,,,SUV,silver,ia
43991,2003.0,dodge,viper,,10 cylinders,gas,43887.0,clean,manual,rwd,,convertible,black,ok
5400,2011.0,mazda,3,good,4 cylinders,gas,100500.0,clean,automatic,fwd,mid-size,sedan,black,ca
9390,2007.0,chevrolet,suburban,,8 cylinders,gas,191000.0,clean,automatic,,,SUV,white,mn
12990,2013.0,bmw,x5,excellent,6 cylinders,gas,155000.0,clean,automatic,,,,silver,ga
9490,2013.0,ford,f150,,,gas,135760.0,clean,automatic,,,pickup,,pa
36995,2018.0,ford,mustang,excellent,,gas,11857.0,clean,automatic,rwd,,coupe,,or
15995,2015.0,chevrolet,silverado 1500,good,6 cylinders,gas,80000.0,clean,automatic,rwd,,pickup,white,mn
1700,2006.0,saturn,vue,,,gas,1.0,clean,manual,fwd,,SUV,black,wi
31950,2006.0,ram,2500,excellent,,diesel,189250.0,clean,manual,4wd,,pickup,blue,ca
13588,2018.0,kia,forte,like new,,gas,26713.0,clean,automatic,,,,,ok
15490,2019.0,ford,ecosport,new,4 cylinders,gas,7600.0,clean,automatic,4wd,mid-size,SUV,black,il
12900,2012.0,lincoln,mkz,good,4 cylinders,gas,79332.0,clean,automatic,fwd,,sedan,silver,fl
2500,1996.0,chevrolet,tahoe,fair,8 cylinders,gas,236000.0,clean,automatic,4wd,sub-compact,SUV,blue,or
8999,2014.0,ford,fusion,good,4 cylinders,gas,77000.0,clean,automatic,fwd,mid-size,sedan,white,oh
37990,2018.0,mercedes-benz,e-class e 300,good,,other,2361.0,clean,automatic,rwd,,sedan,brown,la
34999,2017.0,ford,f-150 xlt,,6 cylinders,gas,35601.0,clean,automatic,4wd,,truck,,wa
25990,2019.0,ram,1500 classic regular cab,good,6 cylinders,gas,27709.0,clean,other,,,pickup,,oh
20995,2008.0,toyota,fj cruiser,,6 cylinders,gas,96249.0,clean,automatic,4wd,,SUV,silver,wa
3200,2007.0,jeep,compass 4x4 limited,good,4 cylinders,gas,125000.0,clean,automatic,4wd,mid-size,SUV,brown,ny
199,2017.0,dodge,charger,,,gas,25090.0,clean,automatic,,,,,fl
8695,2011.0,audi,a4,,,gas,142109.0,clean,automatic,,,,,il
14000,1995.0,ford,f150 xlt,excellent,8 cylinders,gas,160066.0,clean,automatic,4wd,full-size,pickup,red,co
14800,2002.0,ford,excursion diesel,excellent,8 cylinders,diesel,237450.0,clean,other,rwd,full-size,SUV,blue,ca
16495,2015.0,toyota,venza,,6 cylinders,gas,78889.0,clean,automatic,4wd,,SUV,,ny
13900,2012.0,honda,crosstour,,6 cylinders,gas,101652.0,clean,automatic,4wd,,sedan,black,il
65900,2017.0,ford,f-350 lifted f350 lariat 6.7l power stroke diesel 4x4,,8 cylinders,other,56461.0,clean,automatic,4wd,,pickup,white,or
39500,1956.0,ford,,excellent,,gas,42620.0,clean,manual,,,,brown,sc
4000,2004.0,chevrolet,impala,good,6 cylinders,gas,104000.0,clean,automatic,fwd,mid-size,sedan,red,pa
14995,2019.0,kia,forte fe,excellent,4 cylinders,gas,30633.0,clean,automatic,fwd,mid-size,sedan,silver,ks
37999,2018.0,nissan,titan,,,gas,8485.0,clean,automatic,4wd,,,silver,nc
4400,2004.0,mercedes-benz,benz,,6 cylinders,gas,170000.0,clean,automatic,rwd,,,grey,ca
13777,2016.0,dodge,grand caravan,,6 cylinders,gas,71611.0,clean,automatic,fwd,,mini-van,grey,ca
17995,2014.0,gmc,acadia,good,6 cylinders,gas,105598.0,rebuilt,automatic,4wd,full-size,SUV,black,ia
17990,2018.0,mitsubishi,outlander sport se,good,,other,29287.0,clean,other,4wd,,hatchback,,tx
18991,2018.0,buick,encore,,4 cylinders,gas,13969.0,clean,automatic,fwd,compact,SUV,black,nv
40900,2021.0,toyota,tacoma 4wd,good,6 cylinders,gas,1582.0,clean,automatic,4wd,full-size,truck,silver,al
29414,2016.0,ford,f-150,,8 cylinders,gas,148889.0,clean,automatic,4wd,full-size,pickup,white,tx
13990,2013.0,volvo,s60 t5 premier sedan 4d,good,,gas,94192.0,clean,other,fwd,,sedan,black,il
34990,2018.0,lexus,rx 350 sport utility 4d,good,6 cylinders,gas,21959.0,clean,other,fwd,,SUV,silver,ky
16491,2015.0,ford,mustang,,6 cylinders,gas,98185.0,clean,manual,rwd,,coupe,black,ca
2900,2002.0,ford,escape,,6 cylinders,gas,172758.0,clean,automatic,,,SUV,silver,nj
25887,2020.0,honda,civic,excellent,,gas,8536.0,clean,automatic,fwd,,hatchback,,ok
45000,1997.0,,Freightliner,excellent,8 cylinders,diesel,290000.0,clean,automatic,rwd,,other,blue,dc
9987,2010.0,mercedes-benz,glk glk 350 4matic,,6 cylinders,gas,131376.0,clean,automatic,4wd,,SUV,red,or
38990,2019.0,tesla,model 3 standard range,good,,electric,7609.0,clean,other,rwd,,sedan,,ny
25590,2018.0,chrysler,pacifica touring plus,good,6 cylinders,gas,8666.0,clean,other,fwd,,van,,al
16990,2014.0,subaru,xv crosstrek premium,good,,gas,73813.0,clean,automatic,,,hatchback,orange,sc
32800,2019.0,ford,transit t250,excellent,,gas,50200.0,clean,automatic,,,,white,in
15000,2014.0,bmw,328i,excellent,4 cylinders,gas,57482.0,clean,automatic,rwd,,sedan,blue,ca
28990,2018.0,alfa-romeo,romeo stelvio sport suv 4d,good,,other,21943.0,clean,other,,,hatchback,black,ia
27000,1956.0,chevrolet,,excellent,8 cylinders,gas,40000.0,clean,automatic,rwd,full-size,pickup,black,ca
15000,2002.0,chevrolet,corvette,excellent,8 cylinders,gas,83154.0,clean,automatic,rwd,compact,convertible,silver,ca
17995,2015.0,dodge,challenger sxt,,6 cylinders,gas,62161.0,clean,automatic,rwd,,coupe,silver,ca
14000,1990.0,,jimmy blazer,excellent,,gas,59000.0,clean,automatic,,,,,or
38590,2015.0,mercedes-benz,s-class s 550,good,8 cylinders,gas,83595.0,clean,other,,,sedan,,ca
17998,2017.0,chevrolet,express 2500,excellent,,gas,1.0,clean,automatic,,,,,ca
23500,2015.0,mercedes-benz,e-class,excellent,,gas,53715.0,clean,automatic,4wd,,sedan,white,wi
17974,2013.0,cadillac,srx,,6 cylinders,gas,70676.0,clean,automatic,fwd,mid-size,SUV,white,nv
39998,2014.0,ford,f-350,,,diesel,194764.0,clean,manual,4wd,,,,mt
2900,2002.0,chevrolet,express g1500,good,8 cylinders,gas,111220.0,clean,automatic,rwd,full-size,van,blue,ny
14000,2020.0,nissan,altima s,good,4 cylinders,gas,10000.0,salvage,automatic,fwd,mid-size,sedan,grey,ca
15763,2016.0,ford,taurus,excellent,6 cylinders,gas,80248.0,clean,automatic,fwd,,sedan,black,ms
36590,2017.0,chevrolet,silverado 1500 double,good,8 cylinders,gas,13146.0,clean,other,4wd,,pickup,red,pa
28590,2017.0,chevrolet,silverado 1500 regular,good,6 cylinders,gas,102.0,clean,other,,,pickup,red,md
12598,2013.0,,Scion tC,,,gas,54560.0,clean,automatic,fwd,,hatchback,white,ks
12900,2007.0,ford,e150 econoline,like new,8 cylinders,gas,54761.0,clean,automatic,,full-size,van,white,ca
16590,2019.0,fiat,500 pop hatchback 2d,good,,other,13906.0,clean,other,fwd,,hatchback,,nm
27999,2017.0,mercedes-benz,c-class,,4 cylinders,gas,41549.0,clean,automatic,,,sedan,white,ak
3590,2002.0,toyota,avalon xl,excellent,6 cylinders,gas,183417.0,,automatic,,,other,,mi
7995,2003.0,ford,f-150,excellent,,gas,185007.0,clean,automatic,4wd,,,,or
4995,2005.0,jeep,grand cherokee limited 4x4,excellent,8 cylinders,gas,156216.0,clean,automatic,4wd,full-size,sedan,black,oh
5999,2002.0,mercedes-benz,c-class,good,4 cylinders,gas,72722.0,clean,automatic,rwd,,hatchback,,wa
15952,2014.0,hyundai,genesis coupe,,4 cylinders,gas,57892.0,clean,manual,rwd,sub-compact,coupe,red,oh
33998,2007.0,chevrolet,5500,,,diesel,137455.0,clean,automatic,rwd,,truck,,va
8000,2011.0,gmc,acadia slt,good,6 cylinders,gas,147000.0,clean,automatic,,,SUV,grey,ky
6695,2013.0,chevrolet,cruze lt,excellent,4 cylinders,gas,90975.0,clean,automatic,fwd,full-size,sedan,silver,fl
17590,2013.0,mini,hardtop cooper s hatchback,good,,other,20181.0,clean,other,fwd,,hatchback,red,fl
4500,2002.0,honda,accord,excellent,,gas,170529.0,clean,automatic,fwd,,,,ca
2450,1999.0,dodge,caravan.,,,gas,154000.0,clean,automatic,,,,,or
5900,2011.0,ford,escape,good,6 cylinders,gas,154000.0,clean,automatic,fwd,,,silver,mi
10990,2013.0,nissan,sentra s sedan 4d,good,,gas,81557.0,clean,other,fwd,,sedan,red,pa
35990,2019.0,toyota,4runner sr5 sport utility,good,6 cylinders,gas,49441.0,clean,other,4wd,,other,red,ga
19590,2018.0,kia,soul + wagon 4d,good,,gas,5304.0,clean,other,fwd,,wagon,red,nc
39590,2019.0,chevrolet,silverado 1500 crew,good,,gas,21014.0,clean,other,4wd,,pickup,brown,az
4300,2009.0,kia,spectra ex,excellent,4 cylinders,gas,125000.0,clean,automatic,fwd,compact,,red,ca
8988,2006.0,honda,element,excellent,,gas,177190.0,clean,automatic,4wd,,SUV,silver,ca
36590,2020.0,kia,stinger gt sedan 4d,good,,other,3137.0,clean,other,,,sedan,red,ma
5800,2006.0,subaru,tribeca limited,,6 cylinders,gas,189000.0,clean,automatic,4wd,,,,ca
2950,2006.0,mercedes-benz,s 350,,6 cylinders,gas,97168.0,clean,automatic,rwd,,sedan,silver,fl
18850,2013.0,dodge,charger sxt plussedan,excellent,6 cylinders,gas,70122.0,,automatic,,,other,,il
13998,2016.0,volkswagen,jetta 1.4t se,,4 cylinders,gas,72586.0,clean,automatic,fwd,,sedan,,id
14850,2017.0,jeep,compass,,,gas,72034.0,clean,automatic,fwd,,SUV,black,fl
8995,1983.0,datsun,280zx,excellent,6 cylinders,gas,115000.0,clean,manual,rwd,compact,coupe,blue,nc
40590,2018.0,mercedes-benz,gle 350 4matic,good,,other,23872.0,clean,other,,,SUV,black,fl
1,2014.0,bmw,m6,excellent,8 cylinders,gas,59964.0,clean,other,4wd,compact,sedan,silver,fl
13590,2015.0,volkswagen,jetta 1.8t sport,good,,gas,90671.0,clean,automatic,fwd,,sedan,white,sc
2300,2016.0,kia,forte5,,4 cylinders,gas,165525.0,clean,automatic,fwd,,other,,oh
11995,2007.0,cadillac,escalade,,,gas,115504.0,clean,automatic,,,,,mi
35590,2019.0,ram,1500 crew cab big horn,good,6 cylinders,gas,68032.0,clean,other,4wd,,pickup,,fl
8995,2005.0,chrysler,crossfire,excellent,6 cylinders,gas,32000.0,clean,automatic,rwd,,coupe,white,oh
28995,2018.0,audi,q5,excellent,,gas,53386.0,clean,automatic,4wd,,SUV,,wi
46995,2020.0,ford,explorer,,6 cylinders,gas,12224.0,clean,automatic,4wd,,SUV,white,il
37590,2019.0,acura,mdx advance pkg sport,good,,other,30356.0,clean,other,,,other,silver,fl
15900,2012.0,jeep,grand cherokee laredo 4wd,excellent,6 cylinders,gas,85982.0,clean,automatic,4wd,,SUV,grey,pa
8250,2011.0,gmc,acadia,excellent,6 cylinders,gas,124788.0,clean,automatic,4wd,,SUV,silver,sd
4995,2005.0,volvo,xc90,good,5 cylinders,gas,111950.0,clean,automatic,,full-size,SUV,grey,ct
36998,2019.0,subaru,forester touring,,4 cylinders,gas,7276.0,clean,automatic,4wd,,SUV,,id
36590,2020.0,volkswagen,atlas cross sport se,good,6 cylinders,gas,8977.0,clean,other,,,other,black,ga
10999,2012.0,lexus,ct 200h hybrid,,,hybrid,103937.0,clean,automatic,,,,,ar
17295,2014.0,chrysler,300,excellent,8 cylinders,gas,129128.0,clean,automatic,rwd,,sedan,blue,tn
4995,2004.0,toyota,matrix,,4 cylinders,gas,171507.0,clean,automatic,fwd,,wagon,silver,id
4000,1984.0,ford,f150,good,6 cylinders,gas,125800.0,clean,manual,rwd,full-size,truck,brown,md
17900,2018.0,honda,civic,,4 cylinders,gas,36363.0,clean,automatic,fwd,mid-size,sedan,black,ca
18995,2013.0,toyota,tacoma,excellent,,gas,176000.0,clean,automatic,4wd,,pickup,silver,me
2450,1984.0,,Ford/F2500,excellent,8 cylinders,gas,94000.0,clean,automatic,rwd,full-size,pickup,brown,nd
30590,2020.0,ford,ranger supercab xl pickup,good,,gas,10740.0,clean,other,,,pickup,,tn
4900,2011.0,volkswagen,routan,fair,6 cylinders,gas,170000.0,clean,automatic,fwd,,,grey,mt
12495,2010.0,audi,a5,,,gas,89424.0,clean,automatic,,,convertible,,nj
36999,2019.0,jeep,grand cherokee,,6 cylinders,gas,29280.0,clean,automatic,4wd,mid-size,SUV,silver,co
30798,2017.0,dodge,challenger,,,gas,62802.0,clean,automatic,rwd,,,,tx
41999,2017.0,ram,1500 laramie 4x4 gas,,,gas,62834.0,clean,automatic,4wd,,truck,black,mt
35990,2018.0,honda,civic type r touring,good,,other,40831.0,clean,other,,,sedan,black,md
38995,2014.0,ford,f250 super duty crew cab,,8 cylinders,diesel,206341.0,clean,automatic,4wd,,pickup,silver,ok
5600,2008.0,toyota,camry,good,4 cylinders,diesel,133244.0,clean,automatic,fwd,mid-size,sedan,grey,al
11995,2011.0,gmc,acadia,,,gas,104000.0,clean,automatic,,,SUV,silver,ca
20995,2018.0,nissan,rogue,,,gas,29302.0,clean,,,,other,black,nj
18988,2016.0,dodge,charger se,excellent,6 cylinders,gas,74000.0,,automatic,,,other,,il
20950,2015.0,mercedes-benz,ml350 4matic awd s,,,gas,84011.0,clean,automatic,,,,,il
13985,2017.0,cadillac,xts,like new,6 cylinders,gas,102913.0,clean,automatic,fwd,full-size,sedan,black,nj
39999,2016.0,chevrolet,silverado 1500 lt 4x4,,,gas,52921.0,clean,automatic,4wd,,truck,black,wa
20590,2015.0,volkswagen,eos komfort,good,,gas,43470.0,clean,automatic,fwd,,convertible,black,ca
4900,2011.0,nissan,murano s,excellent,6 cylinders,gas,100000.0,clean,automatic,4wd,full-size,SUV,grey,ny
20872,2017.0,toyota,rav4,,4 cylinders,gas,63583.0,clean,automatic,,,SUV,white,or
6998,2015.0,subaru,impreza,excellent,,gas,104434.0,clean,automatic,4wd,,sedan,grey,ca
14499,2009.0,nissan,frontier,,6 cylinders,gas,127600.0,clean,automatic,4wd,,truck,grey,or
8000,2010.0,honda,civic si,,,gas,152000.0,clean,manual,,,,,pa
18500,2013.0,mercedes-benz,sprinter 2500,like new,6 cylinders,diesel,136000.0,clean,automatic,,full-size,truck,grey,ny
44999,2019.0,ford,lifted f150 xlt 4x4 1/2 ton,,,gas,24363.0,clean,automatic,4wd,,truck,white,id
19990,2012.0,mazda,mx-5 miata grand touring,good,,gas,29993.0,clean,other,rwd,,other,silver,fl
63990,2019.0,audi,q8 premium sport utility 4d,good,,other,20126.0,clean,automatic,,,other,black,md
16495,2017.0,audi,q3,,4 cylinders,gas,86918.0,clean,automatic,4wd,compact,SUV,,ca
12000,2000.0,jeep,wrangler sahara,,,gas,170000.0,clean,manual,,,,,ma
29990,2017.0,jeep,wrangler sport suv 2d,good,6 cylinders,gas,22947.0,clean,other,4wd,,other,,il
4900,2008.0,chevrolet,impala,good,6 cylinders,gas,143694.0,clean,automatic,fwd,,sedan,white,ia
11738,2015.0,hyundai,elantra se,,,gas,68360.0,clean,automatic,,,,,il
23982,2014.0,jeep,wrangler,,6 cylinders,gas,92103.0,clean,automatic,4wd,compact,SUV,black,il
23995,2017.0,nissan,titan single cab,,8 cylinders,gas,98103.0,clean,automatic,,,pickup,white,ms
27590,2020.0,volkswagen,golf gti s hatchback,good,,gas,1309.0,clean,other,fwd,,sedan,red,wi
3500,2011.0,chevrolet,malibu,good,4 cylinders,gas,101130.0,clean,automatic,fwd,mid-size,,grey,ny
4500,2004.0,nissan,titan,good,8 cylinders,gas,210000.0,clean,automatic,4wd,full-size,pickup,red,ma
24995,2013.0,ford,f150 ecoboost,,,gas,115176.0,clean,automatic,,,,,or
40969,2018.0,audi,tt roadster,,,gas,28567.0,clean,automatic,,,convertible,,ks
11481,2010.0,mazda,b4000 seextended cab,excellent,6 cylinders,gas,89686.0,,other,4wd,,truck,,mi
10988,1995.0,chevrolet,corvette automatic - 5l - v8 - overhead valves (ohv) 16v - low low miles - clean car fax,,8 cylinders,gas,68131.0,clean,automatic,rwd,,hatchback,white,or
3900,2004.0,toyota,camry,good,4 cylinders,gas,155500.0,clean,automatic,fwd,full-size,sedan,green,ny
3250,2005.0,nissan,murano sl awd,excellent,6 cylinders,gas,163346.0,clean,automatic,4wd,,SUV,,ny
7998,2007.0,nissan,pathfinder,,6 cylinders,gas,145722.0,clean,other,4wd,,SUV,blue,or
23388,2017.0,subaru,outback,,,other,24597.0,clean,other,,,,,co
33590,2013.0,lexus,ls 460 sedan 4d,good,8 cylinders,gas,33570.0,clean,other,rwd,,sedan,,pa
41900,2017.0,ford,f-150 xlt,excellent,8 cylinders,gas,42420.0,clean,automatic,4wd,full-size,pickup,grey,fl
41999,2019.0,ford,f150 xlt sport 4x4 1/2 ton,,,gas,23887.0,clean,automatic,4wd,,truck,red,mt
9000,2003.0,jeep,wrangler x,good,6 cylinders,gas,190000.0,clean,manual,4wd,compact,,red,mt
3400,2006.0,volkswagen,jetta,good,,gas,220000.0,clean,automatic,,,,,or
7499,2012.0,kia,soul,,4 cylinders,gas,99320.0,clean,automatic,fwd,,wagon,silver,oh
13995,2009.0,chevrolet,silverado,,,gas,129183.0,clean,automatic,4wd,,pickup,blue,pa
14500,2005.0,,H2 HUMMER,good,,gas,176000.0,clean,automatic,,full-size,,black,fl
29980,2014.0,bmw,640,,,gas,65957.0,clean,automatic,,,,,sc
29999,2012.0,ford,f250 super duty,,,diesel,152552.0,clean,automatic,4wd,,pickup,white,co
3600,2014.0,chevrolet,cruze,,4 cylinders,gas,170281.0,clean,automatic,fwd,,sedan,red,md
3850,1999.0,mitsubishi,montero sport,,,gas,149917.0,clean,automatic,fwd,,SUV,green,va
8000,2004.0,,Workhorse p42,like new,4 cylinders,diesel,227000.0,clean,automatic,rwd,,,,ny
28910,2017.0,lexus,nx,,,gas,29170.0,clean,automatic,fwd,,wagon,,la
27590,2014.0,chevrolet,silverado 1500 double,good,8 cylinders,gas,44512.0,clean,other,,,pickup,red,tn
19990,2017.0,hyundai,sonata plug-in hybrid,good,,hybrid,29254.0,clean,manual,fwd,,sedan,white,mi
4995,2005.0,chevrolet,trailblazer,good,6 cylinders,gas,210000.0,clean,automatic,4wd,full-size,SUV,white,sc
35000,1968.0,chevrolet,nova ss,excellent,8 cylinders,gas,17850.0,clean,manual,rwd,full-size,coupe,red,mn
3900,1959.0,ford,ranchero,good,8 cylinders,gas,1234567.0,clean,automatic,rwd,full-size,pickup,red,tx
6950,2012.0,hyundai,sonata,good,,gas,116000.0,clean,automatic,,,sedan,silver,tx
16900,2008.0,jeep,wrangler rubicon,excellent,6 cylinders,gas,118259.0,clean,automatic,4wd,mid-size,offroad,black,fl
2000,2005.0,jeep,grand cherokee,fair,6 cylinders,gas,138369.0,clean,automatic,4wd,full-size,SUV,brown,pa
26949,2013.0,jeep,wrangler unlimited,,,gas,70282.0,clean,automatic,4wd,,convertible,silver,ia
27995,2018.0,bmw,530e,,,gas,29851.0,clean,automatic,,compact,sedan,blue,nj
12000,2013.0,bmw,328i xd,excellent,4 cylinders,gas,116750.0,lien,automatic,4wd,full-size,sedan,black,tx
26250,2016.0,volvo,xc90,excellent,,gas,66384.0,clean,automatic,4wd,,SUV,grey,wi
21950,2017.0,chevrolet,silverado 1500,good,8 cylinders,gas,175124.0,clean,automatic,4wd,full-size,truck,white,pa
17990,2012.0,volkswagen,touareg tdi sport suv,good,6 cylinders,gas,93185.0,clean,other,,,other,white,ca
23990,2019.0,volkswagen,jetta gli s sedan 4d,good,,gas,20259.0,clean,other,fwd,,sedan,white,ca
32590,2019.0,acura,rdx sh-awd advance pkg,good,,other,60680.0,clean,other,,,SUV,,fl
9648,2011.0,chevrolet,traverse,,6 cylinders,gas,139883.0,clean,automatic,fwd,,SUV,grey,oh
2495,2005.0,pontiac,grand am,good,6 cylinders,gas,152733.0,rebuilt,automatic,,,,white,or
32990,2018.0,acura,mdx sh-awd w/technology,good,6 cylinders,gas,31967.0,clean,other,,,other,brown,ks
16999,2018.0,nissan,sentra,,4 cylinders,gas,44393.0,clean,automatic,fwd,,sedan,red,tn
4995,2009.0,honda,fit,,,gas,110352.0,clean,manual,,,,,va
18500,2012.0,bmw,,like new,8 cylinders,gas,64000.0,clean,automatic,4wd,,,white,fl
9200,2016.0,dodge,grand carvan,,6 cylinders,gas,116000.0,clean,automatic,fwd,,mini-van,white,mi
21990,2016.0,,Scion FR-S Coupe 2D,good,,gas,23592.0,clean,other,rwd,,coupe,black,pa
6900,2012.0,jeep,liberty sport,good,6 cylinders,gas,158000.0,clean,automatic,4wd,,,black,mi
27000,2018.0,bmw,320i xdrive,like new,4 cylinders,gas,22000.0,clean,automatic,4wd,mid-size,sedan,grey,ca
37990,2016.0,chevrolet,camaro ss coupe 2d,good,8 cylinders,gas,9704.0,clean,other,rwd,,coupe,red,oh
4495,2010.0,pontiac,g6,,,gas,133222.0,clean,automatic,,,,,mi
12750,2005.0,,international 4400,excellent,,diesel,335000.0,clean,automatic,,,,white,ma
4700,2009.0,ford,focus,good,4 cylinders,gas,121454.0,clean,automatic,fwd,mid-size,coupe,red,wi
24500,1940.0,ford,coupe,excellent,8 cylinders,gas,6000.0,clean,automatic,,,,,az
11550,2012.0,gmc,yukon 4x4,,8 cylinders,gas,149185.0,rebuilt,automatic,4wd,,SUV,silver,id
29990,2019.0,ford,ranger supercrew xl pickup,good,,gas,10301.0,clean,other,,,pickup,black,ma
39999,2016.0,toyota,tundra sr5 trd off road,,,gas,52530.0,clean,automatic,4wd,,truck,red,wa
34990,2020.0,cadillac,xt4 sport suv 4d,good,,diesel,4174.0,clean,other,,,hatchback,white,pa
29990,2018.0,chevrolet,colorado crew cab work,good,6 cylinders,gas,11401.0,clean,other,4wd,,pickup,red,tx
30990,2019.0,ford,ranger supercrew xl pickup,good,,gas,5468.0,clean,other,,,pickup,white,mi
4495,2002.0,toyota,rav4,good,4 cylinders,gas,150000.0,clean,automatic,4wd,mid-size,SUV,white,ny
8500,2011.0,subaru,impreza,excellent,,gas,67630.0,clean,automatic,4wd,,wagon,silver,nc
33590,2018.0,bmw,5 series 540i xdrive sedan,good,,other,45003.0,clean,other,,,sedan,blue,tx
21995,2012.0,toyota,tacoma,excellent,,gas,112000.0,clean,automatic,4wd,,pickup,red,nh
38587,2019.0,audi,a4,,4 cylinders,gas,9340.0,clean,automatic,4wd,compact,sedan,white,ga
6295,2005.0,subaru,outback,good,4 cylinders,gas,147463.0,clean,automatic,4wd,,wagon,green,mn
28900,2007.0,ford,f750 xl,,,diesel,120000.0,clean,automatic,,,,,ky
4900,2008.0,gmc,envoy,,,gas,244000.0,clean,automatic,,,SUV,silver,la
35990,2018.0,jaguar,e-pace p250 se sport,good,,gas,8490.0,clean,other,,,other,black,md
3900,2004.0,mercury,grand marquis,,,gas,51000.0,clean,automatic,,,,,ny
5495,2008.0,buick,lucerne,like new,6 cylinders,gas,110000.0,clean,automatic,fwd,full-size,sedan,silver,de
51995,2015.0,ford,super duty f-250,,8 cylinders,diesel,52042.0,clean,automatic,4wd,,truck,black,or
2500,1985.0,mercedes-benz,500 sel,good,8 cylinders,gas,227000.0,clean,automatic,rwd,full-size,sedan,silver,tx
14995,2014.0,acura,ilx,,,gas,124199.0,clean,automatic,,compact,sedan,,fl
10500,2004.0,toyota,tundra 4wd truck,good,8 cylinders,gas,175365.0,clean,automatic,4wd,,,,mt
7499,1999.0,lexus,rx 300 luxury suv,excellent,6 cylinders,gas,178597.0,,automatic,4wd,,SUV,,ca
21495,2018.0,ford,mustang,good,,gas,63210.0,clean,automatic,,,other,silver,az
29990,2019.0,nissan,maxima platinum sedan 4d,good,6 cylinders,other,10714.0,clean,automatic,fwd,,sedan,black,mi
35590,2016.0,lexus,ls 460 sedan 4d,good,8 cylinders,gas,56295.0,clean,other,,,sedan,,tn
10500,2015.0,kia,optima,,4 cylinders,gas,127892.0,clean,automatic,fwd,,sedan,white,ca
13995,2010.0,ford,f-150,,,gas,169000.0,rebuilt,automatic,,,,,ks
12500,1998.0,chevrolet,silverado 1500 z71,,8 cylinders,gas,110000.0,clean,automatic,,,pickup,,tx
5995,2010.0,jeep,patriot,good,4 cylinders,gas,132386.0,clean,manual,4wd,,other,black,ma
10750,2016.0,toyota,corolla,,4 cylinders,gas,141781.0,clean,automatic,fwd,,sedan,green,al
3600,2004.0,honda,odyssey ex-l w/dvd,excellent,6 cylinders,gas,156905.0,clean,automatic,fwd,full-size,mini-van,blue,ri
29990,2018.0,subaru,wrx,,,gas,36173.0,clean,automatic,,compact,sedan,blue,or
1600,2002.0,infiniti,qx56,good,,gas,190000.0,clean,automatic,,,,,ri
42999,2015.0,ram,1500,,8 cylinders,gas,65193.0,clean,automatic,4wd,,truck,white,wa
26990,2017.0,ram,1500 regular cab tradesman,good,6 cylinders,gas,31573.0,clean,other,,,pickup,white,ks
23990,2015.0,cadillac,srx luxury collection,good,,other,57304.0,clean,other,fwd,,SUV,,ky
6950,2002.0,mercedes-benz,benz,excellent,,gas,63000.0,clean,automatic,rwd,,,,ca
3750,2015.0,dodge,charger sxt,excellent,6 cylinders,gas,105.0,clean,automatic,,,,grey,tx
950,2005.0,mazda,tribute,,,gas,182507.0,clean,automatic,,,,,mt
13300,2016.0,kia,sportage ex awd limited,excellent,,gas,49790.0,rebuilt,automatic,,,,,co
15500,2018.0,mazda,3,good,4 cylinders,gas,59950.0,lien,automatic,fwd,,sedan,blue,mo
39000,1969.0,chevrolet,chevelle,excellent,8 cylinders,gas,70299.0,clean,automatic,rwd,mid-size,coupe,silver,ct
19995,2007.0,toyota,"fj cruiser | *one owner*,",good,6 cylinders,gas,150902.0,clean,automatic,4wd,,other,white,ca
4500,2004.0,gmc,envoy,good,6 cylinders,gas,192000.0,clean,automatic,rwd,,,,ca
9500,2014.0,ford,transit connect,excellent,4 cylinders,gas,219581.0,clean,automatic,fwd,full-size,van,white,ky
10500,1937.0,jaguar,roadster,excellent,4 cylinders,gas,22000.0,clean,automatic,rwd,compact,convertible,white,nc
6999,2011.0,kia,sorento,excellent,,gas,168234.0,clean,automatic,fwd,,SUV,black,il
20590,2019.0,mazda,mazda3 select sedan 4d,good,,gas,19900.0,clean,other,fwd,,sedan,,ca
8995,2008.0,ford,escape,,,gas,68000.0,clean,automatic,,,,,ma
42500,2016.0,gmc,yukon,excellent,8 cylinders,gas,70000.0,clean,automatic,4wd,full-size,,black,nc
17990,2018.0,mitsubishi,outlander sport se,good,,other,29287.0,clean,other,4wd,,hatchback,,sc
15900,2013.0,cadillac,cts,like new,6 cylinders,gas,109633.0,clean,automatic,fwd,full-size,sedan,grey,fl
21995,2015.0,ford,explorer,,6 cylinders,gas,75563.0,clean,automatic,4wd,full-size,SUV,white,oh
16900,2011.0,chevrolet,silverado 2500 lt z71,excellent,8 cylinders,diesel,240000.0,clean,automatic,4wd,full-size,truck,silver,sc
6550,2009.0,pontiac,vibe hatch,like new,4 cylinders,gas,110000.0,clean,automatic,fwd,compact,hatchback,silver,ny
26999,2015.0,chevrolet,silverado 1500,excellent,6 cylinders,gas,34725.0,clean,other,,full-size,truck,silver,fl
1500,2002.0,dodge,dakota,,,gas,1.0,clean,,,,pickup,,il
16800,2014.0,gmc,savana 2500,excellent,,gas,98000.0,clean,automatic,,,,white,mi
15900,2011.0,mercedes-benz,benz glk 350,excellent,6 cylinders,gas,63000.0,clean,automatic,rwd,mid-size,SUV,white,al
57460,2020.0,jeep,gladiator,,,gas,31481.0,clean,automatic,4wd,,pickup,silver,ca
4595,2005.0,ford,f150 regular cab,,6 cylinders,gas,257708.0,clean,automatic,,,pickup,custom,sd
23900,2018.0,ford,f-150,excellent,6 cylinders,gas,75912.0,clean,automatic,rwd,full-size,truck,black,ca
26995,2017.0,chevrolet,silverado 1500,,,gas,133908.0,clean,automatic,,,,,mi
24000,2014.0,chevrolet,silverado 1500,fair,6 cylinders,gas,68000.0,clean,automatic,4wd,full-size,truck,brown,ny
10500,1981.0,nissan,280zx,excellent,6 cylinders,gas,191000.0,clean,manual,rwd,,coupe,silver,tn
9300,2017.0,chevrolet,cruze lt,excellent,4 cylinders,gas,48332.0,clean,automatic,fwd,,sedan,grey,ne
17971,2018.0,mitsubishi,outlander,,4 cylinders,gas,86433.0,clean,automatic,4wd,,SUV,red,mt
31990,2017.0,ford,f-250,,,gas,63749.0,clean,automatic,4wd,,pickup,black,me
20590,2014.0,audi,a6 2.0t premium sedan 4d,good,,other,35795.0,clean,other,fwd,,sedan,,mn
39988,2016.0,cadillac,escalade esv,,,gas,86750.0,clean,automatic,,,,,ia
22000,2003.0,jeep,wrangler rubicon 4x4,excellent,,gas,110000.0,clean,manual,,,,,ca
20075,2018.0,kia,sportage,,,gas,51891.0,clean,automatic,4wd,,SUV,black,mi
8995,2009.0,chevrolet,traverse,,,gas,184337.0,clean,automatic,4wd,,SUV,,or
34990,2019.0,ford,ranger supercrew xlt pickup,good,,gas,9747.0,clean,other,,,pickup,blue,ny
23590,2016.0,hyundai,genesis coupe 3.8 2d,good,6 cylinders,gas,43562.0,clean,other,rwd,,coupe,,dc
15985,2010.0,ram,1500,good,8 cylinders,gas,105831.0,clean,automatic,rwd,full-size,truck,grey,wi
10500,1972.0,toyota,fj40,,,gas,97000.0,clean,manual,,,,,oh
7900,1994.0,,1994 Mustang GT Convertible,excellent,8 cylinders,gas,54345.0,clean,automatic,rwd,mid-size,convertible,red,ny
750,,,,,,,,,,,,,,wa
15590,2015.0,mini,hardtop 2 door cooper s,good,,other,60291.0,clean,other,,,hatchback,red,ny
5999,2004.0,chevrolet,express 2500 series,excellent,8 cylinders,gas,170000.0,clean,automatic,,,truck,,ny
8995,2013.0,nissan,rogue,good,,gas,99062.0,clean,automatic,4wd,,wagon,black,il
14000,1996.0,toyota,hiace,good,4 cylinders,diesel,125000.0,clean,automatic,4wd,mid-size,van,brown,az
22990,2019.0,hyundai,santa fe 2.4 se sport,good,,gas,13528.0,clean,other,,,other,white,sc
5995,2011.0,chevrolet,impala,,,gas,146433.0,clean,automatic,,,,,mi
14900,2006.0,ford,f-250 4x2 reg cab service utility truck,,8 cylinders,gas,46642.0,clean,automatic,rwd,,,yellow,mn
3300,2000.0,ford,f-150,,,gas,170000.0,salvage,automatic,4wd,,truck,black,ar
10000,2021.0,honda,civic,,,gas,100000.0,clean,other,,,,,nj
3000,2004.0,volkswagen,new beetle,,4 cylinders,gas,86000.0,clean,automatic,fwd,,convertible,silver,ca
2500,2004.0,chevrolet,suburban,fair,8 cylinders,gas,330000.0,clean,automatic,rwd,full-size,SUV,black,ar
1,2015.0,bmw,3 series,excellent,10 cylinders,gas,56505.0,clean,automatic,4wd,compact,sedan,black,fl
26590,2020.0,hyundai,sonata sel sedan 4d,good,,gas,649.0,clean,other,fwd,,sedan,black,wi
7999,2009.0,subaru,forester 2.5x,excellent,4 cylinders,gas,186000.0,clean,automatic,4wd,,SUV,green,mt
7995,2014.0,chevrolet,cruze ls auto,,4 cylinders,gas,134753.0,clean,automatic,fwd,,sedan,blue,or
5575,2008.0,ford,escape,,,gas,153731.0,clean,automatic,4wd,,SUV,red,wa
2500,1990.0,chevrolet,silverado 2500hd 4x4,fair,8 cylinders,gas,217000.0,clean,automatic,4wd,,pickup,red,nj
21898,2011.0,ram,2500 laramie longhorn,like new,6 cylinders,gas,100000.0,clean,automatic,fwd,full-size,truck,brown,fl
14998,2019.0,toyota,yaris sedan,,4 cylinders,gas,20683.0,clean,manual,fwd,,sedan,black,wa
14990,2017.0,ford,focus se sedan 4d,good,,other,19455.0,clean,other,fwd,,sedan,,ok
72998,2018.0,chevrolet,silverado 2500hd,excellent,8 cylinders,diesel,33397.0,clean,automatic,4wd,,truck,,ca
10990,2009.0,lexus,es 350,good,6 cylinders,gas,102078.0,clean,automatic,fwd,,sedan,silver,ia
36300,2017.0,cadillac,xts platinum,excellent,6 cylinders,gas,31200.0,clean,automatic,4wd,mid-size,hatchback,red,ca
2500,1999.0,ram,1500 sport,good,8 cylinders,gas,100.0,clean,automatic,rwd,,pickup,,ms
17998,2015.0,bmw,3 series,,4 cylinders,gas,62063.0,clean,automatic,rwd,mid-size,sedan,white,nc
53414,2020.0,mercedes-benz,gle,,4 cylinders,gas,13187.0,clean,automatic,4wd,mid-size,SUV,black,tx
7200,2012.0,lexus,rx350,,,gas,90000.0,clean,automatic,,,,,ga
4999,2006.0,toyota,sienna,good,6 cylinders,gas,254325.0,clean,automatic,fwd,full-size,van,white,co
23999,2015.0,chevrolet,tahoe,excellent,8 cylinders,gas,125234.0,clean,automatic,4wd,full-size,SUV,silver,oh
5999,2007.0,chevrolet,impala lt,good,6 cylinders,gas,128285.0,clean,automatic,,full-size,sedan,grey,az
3995,2007.0,honda,fit,excellent,4 cylinders,gas,120616.0,clean,automatic,fwd,,hatchback,blue,ny
44999,2020.0,ford,f150 xlt 4x4 half ton gas,,,gas,19781.0,clean,automatic,4wd,,truck,silver,wa
46000,2018.0,gmc,sierra 1500,like new,8 cylinders,gas,46000.0,clean,automatic,4wd,full-size,pickup,silver,or
30988,2018.0,bmw,4 series,,,other,25888.0,clean,automatic,,,,,co
13995,2015.0,nissan,rogue,,,gas,74071.0,clean,automatic,4wd,,SUV,blue,va
7560,2012.0,nissan,rogue,good,4 cylinders,gas,154179.0,clean,automatic,rwd,,wagon,silver,la
69999,2018.0,ram,diesels cummins 3500,,,diesel,32299.0,clean,automatic,4wd,,truck,grey,wa
13995,2015.0,ford,,,,gas,88801.0,rebuilt,automatic,,,,,ks
27990,2017.0,chevrolet,colorado extended cab,good,,gas,22120.0,clean,other,,,pickup,,fl
16990,2011.0,toyota,venza wagon 4d,good,,other,57107.0,clean,other,,,wagon,silver,or
4300,2007.0,lexus,rx,,,electric,1.0,clean,automatic,4wd,,wagon,,wi
35990,2020.0,dodge,challenger r/t coupe 2d,good,8 cylinders,gas,1548.0,clean,other,rwd,,coupe,black,ma
1,1999.0,ford,f-550,,,diesel,238000.0,clean,manual,,,,,or
9000,2013.0,nissan,altima 2.5,excellent,4 cylinders,gas,71500.0,clean,automatic,fwd,full-size,sedan,blue,pa
63995,2020.0,ford,f-250 superduty lifted stx 8ft 6.7l diesel,,8 cylinders,other,21240.0,clean,automatic,4wd,,pickup,white,co
45300,2018.0,ram,3500 big horn,excellent,6 cylinders,diesel,34125.0,rebuilt,automatic,4wd,full-size,truck,black,ga
26990,2017.0,kia,k900 premium sedan 4d,good,6 cylinders,gas,21457.0,clean,other,rwd,,sedan,black,sc
39950,2015.0,porsche,macan turbo awd crossove,,,gas,53321.0,clean,automatic,,,,,wi
5998,2009.0,kia,optima,,4 cylinders,gas,78769.0,clean,automatic,fwd,,sedan,silver,oh
19999,1999.0,ford,f450 sd xl,excellent,10 cylinders,gas,118242.0,clean,manual,4wd,full-size,truck,red,mn
31491,2019.0,volkswagen,tiguan,,4 cylinders,gas,14268.0,clean,automatic,fwd,,SUV,black,hi
22590,2020.0,buick,encore gx select sport,good,,gas,3722.0,clean,other,fwd,,SUV,black,tn
8499,2012.0,hyundai,tucson,,4 cylinders,gas,156930.0,clean,automatic,4wd,,SUV,white,or
12700,2011.0,jeep,grand cherokee,,6 cylinders,gas,93088.0,clean,automatic,rwd,,SUV,grey,ca
19590,2017.0,kia,soul ! wagon 4d,good,,other,13688.0,clean,other,fwd,,wagon,red,ga
12950,2007.0,ford,ranger,,,gas,53869.0,clean,automatic,4wd,,pickup,black,ct
49999,2018.0,ram,2500 4x4 cummins,,,diesel,22628.0,clean,automatic,,,,,la
193,2017.0,chevrolet,cruze 4dr sdn 1.4l ls,,4 cylinders,gas,49527.0,clean,automatic,fwd,,sedan,,or
44900,2014.0,chevrolet,camaro 2ss,excellent,8 cylinders,gas,22027.0,clean,manual,rwd,,,red,mt
41590,2020.0,audi,a6 45 tfsi premium plus,good,,gas,27160.0,clean,other,,,sedan,black,va
29990,2016.0,chevrolet,colorado extended cab,good,6 cylinders,gas,17302.0,clean,other,4wd,,pickup,red,al
79995,2018.0,ford,super duty f-350 drw,excellent,8 cylinders,diesel,21739.0,clean,automatic,4wd,full-size,pickup,black,ny
10000,1993.0,jeep,wrangler,excellent,6 cylinders,gas,1.0,clean,manual,4wd,,offroad,blue,id
2500,2008.0,gmc,yukon denali,good,,gas,165000.0,clean,automatic,,full-size,SUV,white,pa
2200,1982.0,chevrolet,el camino,good,,gas,149000.0,clean,automatic,rwd,,other,brown,id
12900,2014.0,toyota,camry,,4 cylinders,gas,25000.0,salvage,other,fwd,,sedan,red,pa
19900,2016.0,toyota,rav4,,,gas,65657.0,clean,automatic,fwd,,wagon,red,ca
6995,2014.0,jeep,patriot,excellent,,gas,104539.0,clean,automatic,,,SUV,black,va
29981,2019.0,lincoln,mkz,,,hybrid,17894.0,clean,automatic,fwd,,,,ca
300,2012.0,chevrolet,cruze,like new,,gas,134000.0,clean,automatic,,full-size,,blue,tx
17985,2015.0,honda,pilot ex-l 4wd,excellent,,gas,87000.0,clean,automatic,4wd,,,,ct
23990,2015.0,mini,convertible cooper s 2d,good,,diesel,20615.0,clean,other,fwd,,other,blue,ma
46990,2020.0,gmc,sierra 1500 crew cab slt,good,8 cylinders,gas,13430.0,clean,other,,,pickup,,tx
19990,2018.0,nissan,sentra sr turbo sedan 4d,good,,gas,24273.0,clean,other,fwd,,sedan,white,tx
7995,2011.0,hyundai,santa fe gls awd,good,4 cylinders,gas,114000.0,clean,automatic,4wd,mid-size,SUV,silver,ny
5750,2014.0,jeep,patriot sport,,,gas,105062.0,rebuilt,automatic,,,,,al
49900,2013.0,chevrolet,camaro,,8 cylinders,gas,7660.0,clean,manual,rwd,,coupe,blue,fl
1,2010.0,,Autos,,,other,1.0,clean,automatic,,,,,la
4900,2008.0,mazda,mazda5 mini-van,good,4 cylinders,gas,137000.0,clean,automatic,fwd,full-size,mini-van,blue,ca
1600,2001.0,hyundai,santa fe,fair,,gas,140000.0,clean,automatic,,,,silver,il
16988,2016.0,nissan,rogue,,,gas,28271.0,clean,automatic,fwd,,,red,tx
16995,2015.0,,volkwagen beetle,like new,4 cylinders,gas,26000.0,clean,automatic,fwd,mid-size,convertible,black,fl
8999,2011.0,kia,optima,excellent,4 cylinders,gas,110000.0,clean,automatic,fwd,full-size,sedan,black,ca
13000,2012.0,mercedes-benz,benz gl350,,,diesel,144000.0,clean,automatic,,,,,nj
20590,2018.0,hyundai,santa fe sport utility,good,,gas,20983.0,clean,other,fwd,,SUV,black,ca
4250,2011.0,kia,sedona,excellent,6 cylinders,gas,142000.0,clean,automatic,fwd,mid-size,mini-van,white,pa
13999,2015.0,jeep,compass,,,gas,91927.0,clean,automatic,,,SUV,,wa
10400,2011.0,honda,civic lx sedan 4d,like new,4 cylinders,gas,72099.0,clean,automatic,,,sedan,,pa
30590,2017.0,audi,a6 3.0t premium plus sedan,good,6 cylinders,gas,24238.0,clean,automatic,,,sedan,white,in
38300,2020.0,ford,transit,like new,6 cylinders,gas,7540.0,clean,automatic,rwd,full-size,van,white,tn
38615,2021.0,chevrolet,silverado 1500,,4 cylinders,gas,11.0,clean,automatic,4wd,full-size,truck,grey,nc
12995,2010.0,mercedes-benz,e-class,excellent,,gas,103275.0,clean,automatic,rwd,,sedan,grey,ga
39995,2018.0,ford,transit passenger wagon,excellent,6 cylinders,gas,16705.0,clean,automatic,rwd,full-size,van,white,tx
3500,1996.0,,F250,,,diesel,230000.0,salvage,automatic,,,,,ca
31990,2019.0,,Genesis G70 2.0T Advanced Sedan,good,,gas,10970.0,clean,other,rwd,,sedan,,va
24590,2013.0,gmc,sierra 1500 extended cab slt,good,8 cylinders,other,80318.0,clean,other,,,pickup,,oh
9000,2014.0,chevrolet,volt,good,4 cylinders,hybrid,91044.0,clean,other,fwd,,sedan,blue,co
13750,2007.0,ram,1500,like new,8 cylinders,gas,154000.0,clean,automatic,4wd,,pickup,grey,fl
7500,2012.0,volkswagen,cc,excellent,4 cylinders,gas,88000.0,clean,automatic,fwd,mid-size,sedan,grey,tx
7600,2011.0,kia,sorento,,4 cylinders,gas,97929.0,clean,automatic,4wd,,SUV,black,pa
8599,2015.0,nissan,altima,like new,4 cylinders,gas,115789.0,clean,automatic,,,,,fl
39995,2016.0,ford,f-150 xlt sport supercrew,,6 cylinders,gas,56654.0,clean,automatic,4wd,,pickup,white,tx
550,2021.0,chrysler,pacifica hybrid,excellent,6 cylinders,gas,8.0,,other,,,van,,ca
4999,2002.0,ram,1500,,8 cylinders,gas,145314.0,clean,automatic,4wd,,truck,red,oh
37000,2020.0,ram,promaster city,new,4 cylinders,gas,1500.0,clean,automatic,fwd,compact,mini-van,white,co
8500,2006.0,toyota,camry solara sle convertible,,,gas,97920.0,clean,automatic,fwd,,convertible,silver,ca
29772,2017.0,jeep,grand cherokee limited 4x4,,,gas,72852.0,clean,automatic,4wd,,SUV,silver,id
500,2013.0,nissan,altima,,,gas,130000.0,salvage,automatic,,,,,ca
28495,2015.0,bmw,6 series 640i gran coupe,,6 cylinders,gas,71853.0,clean,automatic,rwd,,sedan,,or
39000,2014.0,gmc,sierra 2500hd,excellent,8 cylinders,diesel,111442.0,clean,automatic,4wd,full-size,truck,black,ar
50995,2015.0,ford,f350 super duty larait,,,diesel,111301.0,clean,automatic,,,,,nc
17950,2014.0,acura,ilx,excellent,4 cylinders,gas,24668.0,clean,automatic,fwd,full-size,sedan,silver,ca
32990,2020.0,hyundai,veloster n coupe 3d,good,,gas,1343.0,clean,other,fwd,,coupe,red,pa
37995,2017.0,bmw,x4 m-sport awd,excellent,6 cylinders,gas,26346.0,clean,automatic,4wd,,SUV,white,ak
46807,2019.0,lexus,rx 350l,,6 cylinders,gas,9116.0,clean,automatic,fwd,,SUV,white,nc
11788,2013.0,honda,civic sdn lx,good,4 cylinders,gas,118313.0,clean,automatic,fwd,,sedan,black,ca
9999,2013.0,chevrolet,express,,,gas,120000.0,clean,automatic,,,,,ca
11995,2014.0,ford,flex se,,,gas,90570.0,rebuilt,automatic,fwd,,wagon,black,nc
27990,2018.0,nissan,frontier crew cab pro-4x,good,6 cylinders,gas,37332.0,clean,other,4wd,,pickup,silver,pa
21590,2018.0,mitsubishi,outlander phev sel,good,,other,46574.0,clean,other,,,SUV,silver,pa
9698,2013.0,kia,sportage,,4 cylinders,gas,85228.0,clean,automatic,fwd,compact,SUV,custom,oh
18499,2019.0,kia,sorento lx,like new,4 cylinders,gas,32120.0,lien,automatic,fwd,mid-size,SUV,grey,tx
33990,2016.0,ford,f250 super duty cab xl,good,8 cylinders,gas,18380.0,clean,other,,,pickup,white,wi
9500,2013.0,ford,escape sel,excellent,4 cylinders,gas,116000.0,clean,automatic,fwd,mid-size,SUV,silver,mt
5750,2011.0,chevrolet,cruze lt,good,4 cylinders,gas,140000.0,clean,automatic,fwd,mid-size,sedan,black,fl
39991,2018.0,chevrolet,camaro,,8 cylinders,gas,33105.0,clean,manual,rwd,,coupe,white,ok
2499,1999.0,mercury,sable,excellent,6 cylinders,gas,149000.0,clean,automatic,fwd,full-size,sedan,green,ny
88500,2018.0,chevrolet,cruze,good,4 cylinders,gas,35000.0,clean,automatic,fwd,compact,sedan,red,il
8350,2013.0,chevrolet,impala ltz,like new,6 cylinders,gas,75000.0,rebuilt,automatic,fwd,full-size,sedan,black,mt
35000,2005.0,,frieghtliner colombia,good,6 cylinders,diesel,520000.0,clean,manual,rwd,full-size,truck,white,nd
9495,2011.0,kia,sorento,,,gas,153064.0,clean,automatic,fwd,,wagon,,fl
8999,2005.0,chevrolet,colorado,excellent,5 cylinders,gas,120718.0,clean,automatic,rwd,full-size,truck,white,ca
35888,2018.0,bmw,530i,,,gas,18667.0,clean,automatic,,,sedan,,fl
9995,2011.0,bmw,3-series,good,6 cylinders,gas,93347.0,clean,automatic,rwd,compact,sedan,black,wa
13590,2009.0,mercedes-benz,c-class c 300,good,,other,77034.0,clean,other,,,sedan,,ct
300,2010.0,,all,,,gas,100000.0,clean,automatic,,,,,oh
3995,2012.0,ford,escape limited,,6 cylinders,gas,128000.0,clean,automatic,4wd,,,,wy
23590,2016.0,volvo,xc70 t5 classic platinum,good,,gas,70223.0,clean,automatic,fwd,,wagon,brown,oh
6950,2012.0,hyundai,elantra,excellent,,gas,139764.0,clean,automatic,fwd,,sedan,grey,pa
18000,2014.0,ford,f-150,,,gas,85567.0,clean,automatic,4wd,,,blue,ia
27199,2010.0,ram,pickup 2500,,8 cylinders,gas,57391.0,clean,automatic,4wd,full-size,pickup,silver,co
21988,2017.0,chevrolet,equinox,,4 cylinders,gas,44063.0,clean,automatic,,,,grey,fl
4533,2007.0,chevrolet,impala lt,excellent,6 cylinders,diesel,129746.0,,automatic,,,other,,mi
5975,2003.0,acura,mdx,,,gas,147186.0,clean,automatic,,,SUV,silver,wa
40990,2018.0,lexus,gx 460 sport utility 4d,good,,other,38987.0,clean,other,4wd,,SUV,,ca
6900,2011.0,hyundai,santa fe,excellent,,gas,101533.0,clean,automatic,,,,,ca
34990,2018.0,ford,mustang gt premium,good,8 cylinders,gas,18650.0,clean,other,rwd,,convertible,black,ga
17311,2015.0,mercedes-benz,c-class,,,gas,76012.0,clean,automatic,,,,black,md
42995,2017.0,chevrolet,silverado 1500 crew cab,,8 cylinders,gas,40826.0,clean,automatic,4wd,,pickup,custom,or
12805,2017.0,ford,escape s,excellent,4 cylinders,gas,106730.0,,automatic,,,SUV,,mi
38990,2015.0,dodge,charger r/t scat pack,good,,other,30447.0,clean,other,rwd,,sedan,blue,ny
2500,2007.0,nissan,xterra,good,6 cylinders,gas,136000.0,clean,automatic,,full-size,SUV,yellow,ga
9000,2006.0,rover,lr3,good,6 cylinders,gas,135000.0,clean,manual,4wd,full-size,SUV,black,ca
23995,2015.0,ford,mustang,good,,gas,76570.0,clean,manual,rwd,mid-size,coupe,white,ky
6500,2013.0,ford,focus se,excellent,4 cylinders,gas,124000.0,clean,automatic,,,sedan,silver,ca
5000,2006.0,jeep,liberty,,,diesel,194000.0,clean,automatic,,,SUV,,al
29590,2017.0,ford,expedition xlt sport,good,6 cylinders,gas,70760.0,clean,other,4wd,,SUV,blue,ok
26990,2016.0,ford,f150 regular cab xl pickup,good,6 cylinders,gas,14230.0,clean,other,,,pickup,black,va
14990,2013.0,hyundai,tucson gls sport utility,good,,gas,85339.0,clean,automatic,,,SUV,black,tx
1500,2015.0,nissan,murano,,,gas,60000.0,clean,automatic,,,,,ca
10995,2015.0,hyundai,sonata,,4 cylinders,gas,125896.0,clean,automatic,fwd,,sedan,white,co
33111,2015.0,cadillac,escalade,,,gas,130760.0,clean,automatic,fwd,,SUV,white,fl
34888,2011.0,ford,f-350,,,diesel,106860.0,clean,automatic,4wd,,pickup,blue,fl
72888,2018.0,ford,f-450,,,diesel,64543.0,clean,automatic,4wd,,pickup,,fl
1000,2013.0,chevrolet,cruze lt,excellent,6 cylinders,gas,172432.0,clean,automatic,fwd,mid-size,sedan,silver,or
5000,2005.0,infiniti,g35,good,6 cylinders,gas,180000.0,clean,automatic,rwd,compact,coupe,blue,tn
2995,2000.0,ford,f150,good,8 cylinders,gas,237245.0,clean,automatic,4wd,full-size,pickup,white,ks
10999,2006.0,chrysler,♿,excellent,6 cylinders,gas,97977.0,clean,automatic,fwd,full-size,mini-van,white,ia
33999,2016.0,ford,f150 xlt 4x4 half ton gas,,,gas,70487.0,clean,automatic,4wd,,truck,white,wa
8900,2016.0,dodge,grand caravan,excellent,6 cylinders,gas,144100.0,clean,automatic,fwd,,mini-van,white,nj
5900,2008.0,lincoln,mkz,good,6 cylinders,gas,83722.0,rebuilt,automatic,fwd,,sedan,silver,in
3500,1962.0,ford,,good,8 cylinders,gas,75000.0,clean,automatic,rwd,full-size,,green,ny
54999,2020.0,nissan,titan platinum reserve,,,gas,12870.0,clean,automatic,4wd,,truck,red,wa
34900,2011.0,ford,f-350,,,other,163724.0,clean,automatic,4wd,,other,white,fl
49000,2007.0,chevrolet,corvette,excellent,8 cylinders,gas,23000.0,clean,manual,,full-size,coupe,black,oh
9995,2013.0,mazda,cx-9,,,gas,127012.0,clean,automatic,fwd,,wagon,,oh
7995,2010.0,lincoln,mkt,,,gas,133291.0,clean,automatic,,,,,mi
22995,2012.0,toyota,tacoma,like new,6 cylinders,gas,121641.0,clean,automatic,,full-size,truck,,ca
63990,2019.0,audi,q8 premium sport utility 4d,good,,other,20126.0,clean,automatic,,,other,black,ny
13995,2016.0,chrysler,town & country,excellent,6 cylinders,gas,94127.0,clean,automatic,fwd,,mini-van,silver,or
9500,2006.0,,Acterra Full cab,good,,diesel,1000.0,clean,automatic,,,other,,nc
29900,2018.0,dodge,grand caravan sxt,excellent,6 cylinders,gas,47916.0,,automatic,,,van,,fl
14990,2012.0,bmw,1 series 128i convertible 2d,good,,other,61809.0,clean,other,rwd,,convertible,black,co
16990,2016.0,,Scion iM Hatchback 4D,good,,gas,29652.0,clean,other,fwd,,hatchback,blue,ga
21995,2016.0,subaru,wrx sti,,4 cylinders,gas,92743.0,clean,manual,4wd,,sedan,silver,ca
43995,2020.0,ford,expedition,,,gas,12085.0,clean,automatic,,,,,nj
3600,2004.0,chevrolet,cavalier lssedan,good,4 cylinders,gas,84909.0,,automatic,,,sedan,,pa
24995,2004.0,ram,2500,excellent,6 cylinders,diesel,178748.0,clean,automatic,4wd,full-size,truck,red,ca
12900,2018.0,hyundai,elantra,,4 cylinders,gas,20272.0,clean,automatic,fwd,,sedan,black,pa
20372,2017.0,subaru,crosstrek,,,gas,41628.0,clean,automatic,,,SUV,black,vt
3600,1998.0,bmw,528i,excellent,6 cylinders,gas,137000.0,clean,automatic,rwd,full-size,sedan,silver,in
600,2001.0,nissan,exterra,fair,6 cylinders,gas,177403.0,clean,automatic,4wd,,SUV,brown,hi
5200,2004.0,toyota,sienna xle,good,,gas,185000.0,clean,automatic,,,van,silver,il
19995,2020.0,mitsubishi,outlander sport es 2.0 cvt,,,,4628.0,clean,automatic,fwd,,SUV,grey,tx
43990,2017.0,bmw,x5 xdrive50i sport utility,good,8 cylinders,gas,24024.0,clean,other,,,other,black,ny
27990,2020.0,mitsubishi,outlander gt sport,good,6 cylinders,gas,26570.0,clean,other,4wd,,other,silver,tx
27990,2019.0,infiniti,qx50 luxe sport utility,good,,gas,34108.0,clean,automatic,fwd,,hatchback,,mn
11200,2011.0,honda,accord,,,gas,100588.0,clean,automatic,fwd,,sedan,,md
26995,2017.0,gmc,savana cargo van,good,8 cylinders,other,42763.0,clean,automatic,rwd,,van,white,ny
16999,2019.0,ford,escape se automatic,,4 cylinders,gas,41799.0,clean,automatic,,,SUV,,ca
1,2015.0,,Isuzu,,,other,88799.0,clean,automatic,,,,,ny
13500,2007.0,ram,2500,fair,8 cylinders,gas,194000.0,clean,automatic,4wd,full-size,truck,grey,id
9995,2006.0,toyota,tundra sr5,,8 cylinders,gas,227912.0,clean,automatic,rwd,,pickup,grey,ca
23000,2014.0,chrysler,town & country,good,6 cylinders,gas,68000.0,clean,automatic,fwd,mid-size,mini-van,blue,ok
12900,2014.0,chevrolet,tahoe,excellent,,gas,115000.0,clean,automatic,,,,,mi
39500,1932.0,chevrolet,roadster pickup,like new,6 cylinders,gas,1.0,clean,automatic,rwd,full-size,pickup,blue,tn
12000,1956.0,pontiac,chieften,good,8 cylinders,gas,9999999.0,clean,automatic,rwd,full-size,coupe,blue,fl
7995,2011.0,mazda,cx-7,,4 cylinders,gas,104104.0,clean,automatic,fwd,mid-size,SUV,custom,fl
7980,2012.0,chevrolet,cruze,,4 cylinders,gas,92986.0,clean,automatic,fwd,,sedan,red,ma
18750,2005.0,,"GMC, Ford, Freightliner & More",,,diesel,161087.0,clean,automatic,,,,,sd
30000,2016.0,ram,1500 big horn,excellent,8 cylinders,gas,64000.0,clean,automatic,4wd,,truck,black,ak
8488,2004.0,chevrolet,tahoe,,8 cylinders,,141294.0,clean,automatic,rwd,,,red,fl
10900,2006.0,toyota,camry solara,like new,6 cylinders,gas,37000.0,clean,automatic,fwd,,,black,nc
35000,2013.0,lexus,,excellent,,gas,106010.0,clean,automatic,,full-size,SUV,black,co
34990,2018.0,ford,f-150 lariat,like new,,gas,5000.0,clean,automatic,,,,silver,tx
16999,2004.0,chevrolet,silverado 2500hd,,8 cylinders,diesel,217794.0,clean,automatic,4wd,,truck,,co
29990,2017.0,jeep,wrangler sport suv 2d,good,6 cylinders,gas,28680.0,clean,other,4wd,,other,black,mo
39780,2017.0,toyota,tundra crewmax sr5,,8 cylinders,gas,53541.0,clean,automatic,4wd,,pickup,black,wi
2500,2004.0,bmw,x5,,,gas,226000.0,clean,automatic,,,,,ny
4000,2012.0,subaru,,,,gas,120000.0,clean,automatic,,,,,ny
4000,1990.0,chevrolet,silverado,fair,8 cylinders,gas,145000.0,clean,automatic,,,,,wi
777777,2012.0,gmc,sierra,,,gas,144000.0,clean,automatic,,,,,ok
18500,1983.0,jeep,,,,gas,1000.0,clean,manual,,,,,ca
23990,2015.0,lexus,is 250 crafted line sedan,good,6 cylinders,gas,53388.0,clean,other,,,sedan,white,ga
56999,2015.0,gmc,sierra duramax 2500 slt 4x4,,,diesel,82829.0,clean,automatic,4wd,,truck,white,id
19999,2008.0,toyota,fj cruiser,,6 cylinders,gas,191705.0,clean,automatic,4wd,,SUV,,or
12555,2016.0,toyota,corolla,,,gas,101958.0,clean,automatic,fwd,,sedan,black,ca
39590,2020.0,ford,mustang gt coupe 2d,good,,other,2516.0,clean,other,,,coupe,black,oh
24995,2014.0,chevrolet,silverado,like new,6 cylinders,gas,87612.0,clean,automatic,rwd,full-size,pickup,black,tx
29590,2017.0,bmw,x3 xdrive28i sport utility,good,,gas,25368.0,clean,other,,,SUV,blue,tn
700,2008.0,,to 2017,,,gas,1000.0,clean,automatic,,,,,tx
6900,1971.0,gmc,1500,good,6 cylinders,gas,89000.0,clean,manual,rwd,,truck,red,ny
5400,2005.0,toyota,highlander sport 4x4,excellent,6 cylinders,gas,194500.0,clean,automatic,4wd,,SUV,custom,ca
23995,2009.0,ford,f250 super duty crew cab,,8 cylinders,diesel,182184.0,clean,automatic,4wd,,pickup,blue,tx
11890,2014.0,mazda,cx-5,,4 cylinders,gas,116549.0,clean,automatic,fwd,,SUV,white,oh
25000,2017.0,,Genesis G80,,6 cylinders,gas,53413.0,clean,automatic,4wd,,sedan,silver,mi
22995,2015.0,ram,pickup 1500 slt 4x4 4dr,good,8 cylinders,gas,114676.0,clean,automatic,,,pickup,,ar
19117,2019.0,ford,ecosport,,,gas,43466.0,clean,automatic,4wd,,,black,ar
30990,2017.0,toyota,tundra double cab sr,good,8 cylinders,gas,41124.0,clean,other,,,pickup,red,tx
17366,2015.0,mini,cargo,excellent,4 cylinders,gas,25445.0,clean,automatic,fwd,sub-compact,mini-van,black,nc
18469,2013.0,cadillac,srx performance awd!,excellent,6 cylinders,gas,47187.0,,automatic,4wd,,SUV,,mi
6384,2011.0,ford,escape xlt,good,4 cylinders,gas,165173.0,clean,automatic,fwd,,SUV,,oh
4950,2011.0,lincoln,,excellent,,gas,200.0,clean,automatic,,,,,sc
1300,2000.0,ford,excursion,,,gas,200000.0,clean,automatic,,,,,tx
16500,2016.0,volkswagen,jetta gli,,,gas,44500.0,clean,manual,,,,,ca
10750,2013.0,mercedes-benz,e-class,,,gas,153442.0,clean,automatic,,,other,black,tx
12700,2009.0,toyota,camry xle,,4 cylinders,gas,43600.0,clean,automatic,,,sedan,,in
34590,2017.0,toyota,tacoma access cab trd,good,6 cylinders,gas,20097.0,clean,other,4wd,,pickup,,tx
25395,2019.0,nissan,maxima,good,,gas,38102.0,clean,automatic,fwd,,sedan,silver,ak
34590,2019.0,mercedes-benz,metris passenger,good,,other,11662.0,clean,other,rwd,,van,black,tx
18590,2017.0,toyota,camry le sedan 4d,good,,gas,30223.0,clean,other,fwd,,sedan,silver,in
69000,2020.0,ford,,,8 cylinders,other,181.0,clean,manual,fwd,compact,other,,ok
25880,2017.0,bmw,x1 xdrive28i,,4 cylinders,gas,31660.0,clean,automatic,4wd,,SUV,,or
3000,2002.0,pontiac,grand prix,excellent,6 cylinders,gas,100010.0,clean,automatic,fwd,,sedan,,or
24246,2019.0,nissan,pathfinder sv,good,,other,60735.0,clean,automatic,4wd,,SUV,silver,co
15590,2016.0,kia,soul wagon 4d,good,,gas,23972.0,clean,other,fwd,,wagon,brown,sc
11900,2013.0,ford,explorer xlt 4x4,,6 cylinders,gas,98328.0,salvage,automatic,4wd,,SUV,white,ia
7988,2015.0,volkswagen,beetle,excellent,,gas,49920.0,clean,automatic,fwd,,hatchback,grey,fl
3500,2003.0,buick,lesabre,fair,6 cylinders,gas,80000.0,clean,automatic,fwd,full-size,coupe,brown,ca
22990,2018.0,subaru,impreza 2.0i sport wagon,good,,gas,7762.0,clean,other,,,wagon,,wi
34000,2018.0,jeep,grand cherokee trailhawk,like new,6 cylinders,gas,34000.0,clean,automatic,4wd,full-size,SUV,grey,ca
23590,2011.0,chevrolet,camaro ss coupe 2d,good,8 cylinders,gas,38905.0,clean,other,rwd,,coupe,red,il
29995,2019.0,volkswagen,atlas,,,gas,7890.0,clean,automatic,,,,,nj
14990,2011.0,chevrolet,camaro lt,,6 cylinders,gas,78399.0,clean,automatic,rwd,,coupe,black,tn
37400,2015.0,ram,3500,like new,6 cylinders,diesel,163868.0,clean,automatic,4wd,full-size,truck,white,fl
45995,2017.0,mercedes-benz,s-class,,,gas,51295.0,clean,automatic,,,sedan,black,ny
12995,2012.0,ford,f-150,excellent,,gas,173543.0,clean,automatic,4wd,,pickup,blue,ma
24000,2015.0,hyundai,genesis,,,gas,46200.0,clean,automatic,,,,,ny
15000,2017.0,buick,encore essence awd,like new,4 cylinders,gas,80000.0,clean,automatic,4wd,,SUV,black,ia
19981,2017.0,toyota,rav4,,4 cylinders,gas,30932.0,clean,automatic,4wd,mid-size,SUV,grey,fl
1500,2016.0,bmw,5 series,,,gas,99000.0,clean,automatic,,,,,tx
29888,2017.0,bmw,5 series,excellent,,gas,35649.0,clean,automatic,rwd,,sedan,,fl
19000,2006.0,,Mecedes Benz SLK55 AMG,excellent,8 cylinders,gas,74000.0,clean,automatic,rwd,compact,convertible,silver,wi
5595,2004.0,toyota,camry le,,,gas,192600.0,,automatic,fwd,,sedan,white,nc
26590,2017.0,toyota,rav4 hybrid se sport,good,,hybrid,42163.0,clean,automatic,,,SUV,silver,ca
2500,2009.0,nissan,rogue,,,gas,1.0,clean,automatic,4wd,,wagon,black,il
9800,2010.0,acura,tsx,excellent,,gas,142244.0,clean,automatic,fwd,full-size,sedan,grey,oh
12600,2015.0,bmw,x1 xdrive28i awd sports,excellent,4 cylinders,gas,100400.0,clean,automatic,4wd,full-size,SUV,black,fl
6900,2011.0,nissan,rogue sv,excellent,4 cylinders,gas,178726.0,clean,automatic,,,SUV,white,fl
3600,1954.0,dodge,,,,gas,999999.0,clean,manual,,,,,tn
14949,2017.0,ford,escape s,excellent,4 cylinders,gas,84305.0,,automatic,,,SUV,,il
30990,2017.0,ford,mustang gt coupe 2d,good,8 cylinders,gas,10408.0,clean,other,rwd,,coupe,blue,ca
25992,2018.0,mercedes-benz,cla,,4 cylinders,gas,19792.0,clean,automatic,fwd,sub-compact,sedan,custom,nv
15990,2016.0,gmc,terrain sle-1 sport utility,good,,gas,54573.0,clean,other,fwd,,other,,az
25990,2019.0,dodge,grand caravan passenger se,good,6 cylinders,gas,28.0,clean,other,fwd,,van,black,ny
31990,2019.0,honda,ridgeline rtl-t pickup 4d,good,,other,56909.0,clean,other,,,pickup,white,ca
8750,2015.0,volvo,60 t-5,,,gas,130000.0,clean,automatic,,,,,ca
13500,2004.0,ford,f150 heritage,,,gas,98000.0,clean,automatic,,,,,wi
22999,2008.0,ford,f-350 sd lariat crew cab long bed drw 4wd,,,diesel,143565.0,,automatic,4wd,,pickup,,wa
8500,2014.0,dodge,grand caravan,good,6 cylinders,gas,156000.0,clean,automatic,fwd,full-size,mini-van,black,al
3500,2011.0,honda,pilot,,,gas,265579.0,clean,automatic,,,,,tn
5995,2010.0,toyota,prius ii,good,4 cylinders,gas,189557.0,clean,automatic,fwd,,hatchback,black,or
35988,2017.0,lexus,gx 460,like new,8 cylinders,gas,70549.0,clean,automatic,4wd,,,,tx
13977,2015.0,toyota,camry hybrid se,good,,other,94934.0,clean,automatic,fwd,,sedan,,ma
44999,2019.0,jeep,lifted wrangler unlimited,,,gas,34270.0,clean,automatic,4wd,,SUV,red,wa
3800,1995.0,ford,mustang gt,excellent,8 cylinders,gas,200000.0,clean,manual,rwd,compact,coupe,green,ca
30000,1991.0,chevrolet,step van,excellent,,gas,100000.0,clean,automatic,,,,,de
4250,2005.0,acura,tsx,,4 cylinders,gas,267000.0,clean,automatic,fwd,,sedan,red,nc
5950,2006.0,,SANTA FE 4X4,like new,6 cylinders,gas,158000.0,clean,automatic,4wd,mid-size,SUV,silver,ca
999,2005.0,buick,lesabre sedan,excellent,6 cylinders,gas,152856.0,clean,automatic,fwd,full-size,sedan,grey,or
9995,2013.0,mini,cooper s,like new,4 cylinders,gas,101317.0,clean,automatic,fwd,mid-size,hatchback,white,il
16590,2013.0,lincoln,mkz sedan 4d,good,,gas,61087.0,clean,other,fwd,,sedan,red,ga
22900,2013.0,dodge,grand caravan,,6 cylinders,gas,68228.0,clean,automatic,fwd,,,silver,ms
16590,2015.0,toyota,corolla s plus sedan 4d,good,,gas,48178.0,clean,other,fwd,,sedan,black,wi
24995,2008.0,,hummer h2 sut,good,8 cylinders,gas,270956.0,clean,automatic,4wd,,SUV,,fl
40991,2018.0,toyota,4runner,excellent,6 cylinders,gas,31139.0,clean,automatic,4wd,full-size,SUV,silver,id
13500,1997.0,ram,,,,gas,85000.0,clean,automatic,,,,,id
18900,2018.0,subaru,impreza,like new,4 cylinders,gas,10540.0,clean,manual,4wd,,,grey,vt
40969,2018.0,audi,tt roadster,,,gas,28567.0,clean,automatic,,,convertible,,ks
13980,2015.0,chrysler,200,,4 cylinders,gas,87906.0,clean,automatic,fwd,,sedan,black,id
21990,2017.0,volkswagen,golf alltrack tsi s,good,,gas,19511.0,clean,other,,,wagon,blue,az
6900,2006.0,lexus,rx330,excellent,6 cylinders,gas,149620.0,clean,automatic,,,SUV,black,ky
21500,2016.0,ford,transit cargo van,good,6 cylinders,gas,121400.0,clean,automatic,rwd,full-size,van,white,tx
4500,2008.0,honda,accord,excellent,4 cylinders,gas,183000.0,clean,manual,fwd,full-size,sedan,black,md
3800,2008.0,nissan,pathfinder,,,gas,156000.0,clean,automatic,,,,,tx
9995,2004.0,chevrolet,silverado,excellent,8 cylinders,gas,86703.0,clean,automatic,rwd,,truck,silver,mo
7000,2013.0,hyundai,elantra,excellent,4 cylinders,gas,102000.0,clean,automatic,fwd,full-size,sedan,blue,il
21999,2012.0,gmc,sierra 2500hd,excellent,,diesel,318612.0,clean,automatic,4wd,,truck,grey,tx
21500,2012.0,ford,f350 super duty,excellent,8 cylinders,diesel,169615.0,clean,automatic,rwd,full-size,truck,white,fl
2700,2007.0,dodge,charger,,6 cylinders,gas,80000.0,salvage,automatic,,,,,az
29400,2015.0,chevrolet,suburban,,8 cylinders,other,146071.0,clean,automatic,4wd,,SUV,custom,ne
17990,2015.0,chrysler,200 200c sedan 4d,good,,gas,27535.0,clean,other,fwd,,sedan,,or
39990,2019.0,kia,stinger gt2 sedan 4d,good,6 cylinders,gas,14935.0,clean,other,rwd,,sedan,red,ga
21795,2013.0,chevrolet,suburban,,,other,141534.0,clean,automatic,4wd,,SUV,white,va
7550,2010.0,subaru,forester awd,good,4 cylinders,gas,111000.0,clean,automatic,4wd,,wagon,,pa
373,2014.0,ford,focus 5dr hb st,,4 cylinders,gas,8798.0,clean,manual,fwd,,sedan,,hi
69999,2019.0,ford,super duty f-250 srw,,8 cylinders,diesel,25274.0,clean,automatic,4wd,,truck,white,wa
6999,2010.0,cadillac,cts,,,gas,98000.0,rebuilt,automatic,4wd,,,,mn
2004,2004.0,toyota,sienna,excellent,6 cylinders,gas,185000.0,clean,automatic,fwd,mid-size,mini-van,grey,ca
56995,2020.0,ford,f-150,like new,,gas,3000.0,clean,automatic,4wd,full-size,pickup,white,mi
6950,2008.0,chevrolet,impala lt,good,6 cylinders,gas,74500.0,clean,automatic,fwd,full-size,sedan,red,oh
27990,2020.0,ford,ranger supercab xl pickup,good,,gas,10688.0,clean,other,,,pickup,white,ky
5500,2005.0,nissan,murano sl,good,6 cylinders,gas,139000.0,clean,automatic,4wd,full-size,SUV,white,ny
5795,2008.0,subaru,outback,,4 cylinders,gas,127753.0,clean,automatic,4wd,,,,ri
6950,2011.0,nissan,quest,,,gas,54443.0,rebuilt,automatic,,,,,oh
1100,2002.0,subaru,forester,fair,4 cylinders,gas,252494.0,clean,manual,,,SUV,green,tn
9900,2010.0,lincoln,mkt,excellent,6 cylinders,gas,118000.0,clean,automatic,4wd,,wagon,,ca
11990,2011.0,ford,expedition limited 4x4,excellent,,gas,167394.0,clean,automatic,,full-size,SUV,,il
10999,2013.0,volvo,xc60,,6 cylinders,gas,147993.0,clean,automatic,,,SUV,blue,co
18790,2014.0,mercedes-benz,e350,,,gas,47010.0,clean,automatic,rwd,,,,nc
4995,2005.0,mazda,mpv,excellent,,gas,164217.0,clean,automatic,fwd,,,white,ca
1850,1959.0,,PLYMOUTH BELVEDERE,fair,8 cylinders,gas,88888.0,clean,automatic,rwd,full-size,sedan,green,ca
72990,2019.0,ford,f550,,,gas,8592.0,clean,automatic,,,,white,mn
30990,2014.0,ford,econoline commercial cutaway,good,10 cylinders,gas,98123.0,clean,automatic,rwd,,,white,mi
7500,2013.0,mini,cooper convertible,like new,4 cylinders,gas,100410.0,clean,automatic,fwd,compact,convertible,brown,ms
26839,2017.0,mercedes-benz,c-class,,,gas,33248.0,clean,automatic,rwd,compact,sedan,,ca
6995,2011.0,kia,sorento,good,6 cylinders,gas,155452.0,clean,automatic,fwd,,SUV,purple,tn
7995,2013.0,kia,sorento lx,,6 cylinders,gas,0.0,clean,automatic,fwd,,SUV,white,il
6500,2014.0,ford,fiesta se hatchback,good,4 cylinders,gas,68000.0,clean,automatic,fwd,,hatchback,white,il
13995,2018.0,kia,optima,,,gas,42101.0,clean,automatic,fwd,full-size,sedan,black,va
7000,1987.0,chevrolet,corvette,excellent,8 cylinders,gas,69000.0,clean,automatic,,,convertible,red,ny
37950,2009.0,chevrolet,silverado 3500hd,excellent,,diesel,127261.0,clean,automatic,4wd,,pickup,,ca
4399,2005.0,chevrolet,equinox lt,excellent,6 cylinders,gas,124000.0,clean,automatic,fwd,,SUV,black,tx
9900,2012.0,toyota,prius v,,4 cylinders,hybrid,140759.0,clean,automatic,fwd,,wagon,white,pa
9500,2012.0,honda,civic,good,4 cylinders,gas,79145.0,clean,automatic,fwd,compact,coupe,black,ca
32990,2011.0,bmw,z4 sdrive35is roadster 2d,good,,other,45858.0,clean,other,rwd,,other,red,ca
5998,2013.0,ford,focus,good,4 cylinders,gas,113931.0,clean,automatic,fwd,,sedan,black,or
1000,2011.0,mazda,3,,,gas,124.0,clean,automatic,,,,,ca
34995,2018.0,ford,f-150,excellent,8 cylinders,gas,66029.0,clean,automatic,4wd,full-size,truck,red,ga
35950,2018.0,chevrolet,silverado 2500 hd,excellent,8 cylinders,gas,113869.0,clean,automatic,4wd,full-size,truck,silver,ca
65000,2018.0,tesla,,,other,other,22361.0,clean,automatic,fwd,compact,other,,il
37990,2016.0,chevrolet,camaro ss coupe 2d,good,8 cylinders,gas,9704.0,clean,other,rwd,,coupe,red,mi
5900,2001.0,toyota,,,,gas,179000.0,clean,automatic,,,,,nm
18999,2014.0,ford,e-series cargo e-350,,8 cylinders,other,79935.0,clean,automatic,,,van,yellow,il
29990,2013.0,tesla,model s sedan 4d,good,,electric,59613.0,clean,other,rwd,,sedan,blue,tx
19590,2013.0,bmw,1 series 135i coupe 2d,good,,gas,83600.0,clean,other,rwd,,coupe,black,fl
4200,2003.0,ford,explorer,good,6 cylinders,gas,171463.0,clean,automatic,4wd,full-size,SUV,brown,mo
23590,2018.0,chrysler,300 limited sedan 4d,good,6 cylinders,gas,42786.0,clean,other,,,sedan,white,in
17495,2016.0,toyota,prius,,4 cylinders,hybrid,62147.0,clean,automatic,fwd,,other,custom,az
3550,,,,,,,,,,,,,,mi
10990,2017.0,nissan,leaf s hatchback 4d,good,,electric,28780.0,clean,other,fwd,,hatchback,,ok
504,2014.0,bmw,x6 m,,8 cylinders,gas,28241.0,clean,automatic,4wd,,SUV,,wa
11500,2016.0,volkswagen,tiguan,good,4 cylinders,gas,82690.0,clean,automatic,4wd,mid-size,SUV,white,nc
15990,2015.0,mazda,5,excellent,4 cylinders,gas,89700.0,clean,automatic,rwd,mid-size,SUV,silver,nv
37990,2019.0,tesla,model 3 standard range,good,,other,8350.0,clean,other,rwd,,sedan,white,wv
9999,2006.0,dodge,dakota,excellent,,gas,149793.0,clean,automatic,4wd,,pickup,silver,co
29900,2015.0,ford,f-550 cab chassis diesel,good,8 cylinders,diesel,176492.0,clean,automatic,rwd,full-size,pickup,white,tx
31998,2019.0,subaru,outback,,4 cylinders,gas,20809.0,clean,automatic,4wd,,SUV,,mt
44990,2012.0,ford,super duty f-550 drw,good,8 cylinders,diesel,52307.0,clean,automatic,4wd,full-size,truck,white,ny
13480,2011.0,chevrolet,silverado,,,other,116590.0,clean,automatic,fwd,,pickup,blue,sc
5950,2001.0,acura,tl,,,gas,,clean,automatic,,,sedan,,ca
1700,2001.0,volkswagen,new beetle,,4 cylinders,gas,153250.0,clean,manual,fwd,,coupe,blue,md
9977,2011.0,honda,pilot ex-l,,6 cylinders,gas,159000.0,clean,automatic,,,,,il
25900,2017.0,acura,rdx tech pkg,excellent,6 cylinders,gas,28723.0,clean,automatic,4wd,,SUV,silver,co
17900,2015.0,ford,f150,excellent,8 cylinders,gas,198426.0,clean,automatic,4wd,full-size,pickup,white,ks
15990,2016.0,,Scion iM Hatchback 4D,good,,gas,40668.0,clean,other,fwd,,hatchback,red,la
38990,2020.0,toyota,highlander hybrid le,good,,hybrid,6751.0,clean,other,,,other,red,nc
3000,2005.0,ram,1500,fair,8 cylinders,gas,214000.0,clean,automatic,rwd,full-size,pickup,silver,tx
16590,2015.0,volkswagen,beetle 1.8t fleet,good,,gas,39649.0,clean,other,fwd,,hatchback,black,tn
9300,2014.0,ford,fusion,excellent,4 cylinders,gas,124760.0,clean,automatic,fwd,,sedan,white,ia
17995,2012.0,toyota,tundra,like new,8 cylinders,gas,162875.0,clean,automatic,4wd,full-size,truck,black,sc
39999,2016.0,,2016,,,gas,55000.0,clean,automatic,,,,,mt
3900,2002.0,mazda,tribute lx,excellent,6 cylinders,gas,121564.0,clean,automatic,fwd,,,,va
24000,2019.0,chevrolet,silverado,like new,,gas,18000.0,rebuilt,automatic,,,,white,mi
20000,2003.0,ram,2500 slt 4x4,excellent,6 cylinders,diesel,200000.0,clean,automatic,4wd,,truck,white,az
7900,2011.0,nissan,rogue,,,gas,139448.0,clean,automatic,fwd,,SUV,,ky
26590,2019.0,volkswagen,jetta gli autobahn,good,,other,19696.0,clean,other,fwd,,sedan,black,ny
12990,2012.0,honda,fit hatchback 4d,good,,gas,60960.0,clean,other,fwd,,hatchback,white,ca
5000,1994.0,,Ford-250,good,8 cylinders,gas,238110.0,clean,automatic,4wd,,pickup,white,or
9500,2012.0,ford,flex,like new,6 cylinders,gas,141000.0,clean,automatic,fwd,full-size,SUV,white,nj
13000,2015.0,subaru,forester,,,gas,124701.0,clean,automatic,4wd,,SUV,white,oh
13950,2014.0,bmw,328i sedan,like new,4 cylinders,gas,91000.0,clean,automatic,rwd,,sedan,white,nc
52990,2020.0,jaguar,e-pace p300 r-dynamic se,good,,gas,79.0,clean,other,,,other,white,ca
3495,2011.0,ford,fiesta,,,gas,168102.0,clean,manual,,,,,mi
6300,2012.0,chevrolet,captiva sport,excellent,4 cylinders,gas,91963.0,clean,automatic,fwd,,SUV,,wi
80000,2006.0,,International 7300 4X4,excellent,6 cylinders,diesel,48288.0,clean,automatic,4wd,full-size,other,purple,ak
35000,2005.0,chevrolet,ssr,like new,8 cylinders,gas,18500.0,clean,automatic,rwd,,truck,red,mo
42900,2012.0,ram,5500,,,diesel,124000.0,clean,automatic,,,,,fl
49900,,,a Sienna,,6 cylinders,gas,34294.0,clean,automatic,fwd,,van,grey,ne
26545,2014.0,ram,1500,,8 cylinders,gas,64780.0,clean,automatic,4wd,,truck,red,ne
4495,2009.0,saturn,vue,,,gas,165680.0,clean,automatic,,,,,mi
5995,2013.0,fiat,500,,,gas,99528.0,clean,automatic,fwd,,other,white,wa
4999,2007.0,saturn,vue,excellent,4 cylinders,gas,118529.0,clean,automatic,fwd,,,silver,az
7900,2013.0,ford,taurus limited,like new,6 cylinders,gas,135000.0,rebuilt,automatic,,mid-size,sedan,white,az
6900,2013.0,mazda,3,excellent,4 cylinders,gas,121381.0,clean,automatic,fwd,,sedan,,oh
1900,1999.0,honda,civic,,,gas,158000.0,clean,automatic,,,,,ia
38990,2019.0,toyota,tundra crewmax sr5 pickup,good,8 cylinders,gas,15512.0,clean,other,,,pickup,silver,mn
8000,2015.0,nissan,sentra s,excellent,,gas,69000.0,clean,automatic,,,,white,ny
6995,2005.0,dodge,dakota,like new,,gas,170.0,clean,automatic,,,,,nh
27480,2014.0,gmc,sierra 1500,,8 cylinders,gas,118351.0,clean,automatic,4wd,,truck,black,mt
35990,2016.0,ford,super duty f-550 drw,good,8 cylinders,diesel,161669.0,clean,automatic,4wd,,,white,in
29998,2021.0,hyundai,tucson,,4 cylinders,gas,5458.0,clean,automatic,4wd,,SUV,white,or
12900,2014.0,ford,mustang,,6 cylinders,gas,127216.0,clean,automatic,rwd,,convertible,grey,ca
13000,1991.0,chevrolet,camaro,,,gas,1500.0,clean,manual,,,,,wi
34999,2017.0,ram,1500,,8 cylinders,gas,39386.0,clean,automatic,4wd,,truck,custom,wa
23990,2014.0,audi,allroad premium plus wagon,good,,gas,42405.0,clean,other,,,wagon,white,ny
14900,2013.0,ford,"f-150 4wd supercab 163"" xlt",,8 cylinders,,184824.0,clean,automatic,4wd,,pickup,silver,nc
22990,2017.0,infiniti,qx50 sport utility 4d,good,,other,21297.0,clean,other,,,hatchback,black,mi
2000,1966.0,ford,galaxy,,,gas,1.0,missing,manual,,,,,va
355,2020.0,mazda,mazda3 preferred,,4 cylinders,gas,4500.0,clean,automatic,4wd,,hatchback,,wa
29937,2011.0,ford,f350 super duty lariat,,,diesel,247114.0,clean,automatic,,,,,tn
1000,2014.0,honda,accord sedan,,4 cylinders,gas,102525.0,clean,automatic,fwd,,sedan,grey,ma
986,2000.0,ram,,good,6 cylinders,gas,100000.0,clean,manual,rwd,full-size,truck,red,fl
4950,2004.0,buick,lesabre custom,excellent,6 cylinders,gas,59396.0,clean,automatic,fwd,,,silver,ct
41900,2012.0,ford,f-250 super duty,,,other,114000.0,clean,automatic,,,other,black,fl
22000,2017.0,honda,civic,,,gas,56000.0,clean,automatic,,,hatchback,black,ca
11359,2017.0,chevrolet,sonic ls,good,,gas,42693.0,clean,automatic,,,sedan,silver,nc
2900,2006.0,chevrolet,impala ls,,6 cylinders,gas,176000.0,clean,automatic,fwd,full-size,sedan,silver,fl
8249,2011.0,nissan,altima,excellent,4 cylinders,gas,94020.0,clean,automatic,fwd,,sedan,black,nj
5000,1957.0,chevrolet,,,,gas,29000.0,clean,automatic,,,,,fl
9999,2015.0,ford,taurus se fwd,excellent,6 cylinders,gas,136674.0,clean,automatic,fwd,full-size,sedan,white,mn
11900,2012.0,chevrolet,traverse,,,gas,145459.0,clean,automatic,fwd,,,white,sc
9999,2013.0,hyundai,veloster,,4 cylinders,gas,108458.0,clean,manual,fwd,,other,orange,tn
9995,2013.0,chevrolet,malibu lt w/1lt,excellent,4 cylinders,gas,116323.0,clean,automatic,fwd,mid-size,sedan,grey,ca
8995,2015.0,chevrolet,equinox,,,gas,160496.0,clean,automatic,,,,silver,mi
8999,2008.0,honda,accord ex-l v6,,6 cylinders,gas,118543.0,clean,automatic,fwd,,sedan,white,ca
26995,2015.0,ford,f-350,,,diesel,232000.0,clean,automatic,4wd,,,,nc
13995,2015.0,subaru,forester,good,,gas,117885.0,clean,other,,full-size,SUV,blue,ny
7495,2013.0,mitsubishi,lancer sportback,,4 cylinders,gas,108597.0,clean,automatic,fwd,,hatchback,red,ia
22900,2016.0,ford,transit t250,,6 cylinders,gas,95900.0,clean,automatic,rwd,,,white,ms
7500,2012.0,volkswagen,cc,excellent,4 cylinders,gas,102000.0,clean,automatic,fwd,,sedan,,mi
4500,2005.0,dodge,sprinter 2500,fair,8 cylinders,diesel,245000.0,clean,automatic,rwd,,,,fl
5300,2012.0,ford,taurus,excellent,,gas,10.0,clean,automatic,,,,,pa
16381,2019.0,nissan,versa,,4 cylinders,gas,39585.0,clean,automatic,fwd,compact,sedan,white,tx
38590,2017.0,nissan,titan xd crew cab sv,good,8 cylinders,gas,26539.0,clean,other,,,pickup,black,fl
15990,2020.0,mitsubishi,mirage es hatchback,good,,gas,11852.0,clean,other,fwd,,hatchback,red,dc
39590,2017.0,chevrolet,camaro ss coupe 2d,good,8 cylinders,gas,10496.0,clean,other,rwd,,coupe,white,ct
8495,2010.0,honda,fit sport,like new,4 cylinders,gas,90783.0,clean,automatic,fwd,,,black,ct
11995,2015.0,honda,civic hybrid sdn l4 cvt,excellent,4 cylinders,hybrid,115717.0,clean,other,,,other,,ca
500,2013.0,nissan,altima,,,gas,130000.0,clean,automatic,,,,,ca
19995,2014.0,ford,super duty f-550 drw xl,good,8 cylinders,diesel,262502.0,clean,automatic,rwd,,pickup,,ny
33990,2016.0,ford,transit cutaway,good,6 cylinders,gas,117800.0,clean,automatic,rwd,,,white,pa
514,2019.0,jaguar,f-pace 25t premium,excellent,4 cylinders,gas,41921.0,,automatic,4wd,,SUV,,id
8995,2013.0,nissan,juke s,like new,4 cylinders,gas,82488.0,clean,automatic,,compact,SUV,,ks
11890,2014.0,nissan,pathfinder,excellent,6 cylinders,gas,149769.0,clean,automatic,4wd,,,,nh
47656,2020.0,toyota,tacoma 4wd,,,gas,11751.0,clean,automatic,4wd,,pickup,silver,mo
28450,2007.0,chevrolet,corvette,excellent,8 cylinders,gas,75751.0,clean,automatic,rwd,,convertible,,fl
15999,2007.0,chevrolet,suburban,excellent,8 cylinders,gas,148871.0,clean,automatic,4wd,full-size,SUV,white,ca
20995,2010.0,chevrolet,tahoe,,,gas,172498.0,clean,automatic,4wd,,SUV,,wi
6000,2010.0,toyota,prius hybrid,excellent,4 cylinders,hybrid,174500.0,clean,automatic,fwd,compact,sedan,grey,nc
149998,2019.0,mercedes-benz,amg gt,,,gas,4675.0,clean,automatic,,,coupe,,ca
12000,1978.0,ford,f-250 ranger,fair,8 cylinders,gas,45000.0,clean,automatic,,full-size,truck,red,nj
3800,2011.0,,21011,good,6 cylinders,gas,15700.0,clean,automatic,4wd,full-size,SUV,grey,ma
19995,2011.0,jeep,grand cherokee,excellent,8 cylinders,gas,136444.0,clean,automatic,4wd,mid-size,SUV,grey,tx
19988,2013.0,toyota,tacoma,excellent,,gas,64565.0,clean,automatic,rwd,,pickup,,wa
29991,2017.0,honda,ridgeline rtl 4wd,excellent,6 cylinders,gas,56000.0,clean,automatic,4wd,,,,mt
53998,2016.0,mercedes-benz,,excellent,8 cylinders,gas,53858.0,clean,automatic,4wd,mid-size,SUV,black,fl
12995,2013.0,cadillac,ats,excellent,6 cylinders,gas,116581.0,clean,automatic,,,sedan,,ia
40991,2015.0,lexus,rc-f,,8 cylinders,gas,71189.0,clean,automatic,rwd,,coupe,black,ok
43999,2014.0,gmc,sierra 3500hd sle,,8 cylinders,diesel,92998.0,clean,automatic,4wd,,truck,,or
2000,2001.0,honda,accord,good,6 cylinders,gas,159377.0,clean,automatic,,full-size,sedan,green,ct
21900,2017.0,mitsubishi,outlander,like new,4 cylinders,gas,27949.0,clean,automatic,4wd,compact,SUV,white,ma
7995,2010.0,,JEEP* PATRIOT*,,,gas,104022.0,clean,automatic,4wd,mid-size,other,silver,ct
21999,2016.0,jeep,cherokee trailhawk 4x4 gas,,,gas,62768.0,clean,automatic,4wd,,SUV,black,ut
9250,2012.0,lincoln,navigator,like new,8 cylinders,gas,195000.0,clean,automatic,4wd,full-size,SUV,grey,nj
3495,2004.0,chevrolet,malibu ls,good,,gas,171000.0,clean,automatic,fwd,,,,oh
8500,2014.0,volkswagen,jetta,good,4 cylinders,gas,79000.0,clean,automatic,fwd,,,white,pa
6950,1988.0,mercedes-benz,420 sel,good,8 cylinders,gas,140000.0,clean,automatic,rwd,full-size,,,ar
5900,2002.0,ford,f-150,good,8 cylinders,gas,222000.0,clean,automatic,rwd,,truck,red,az
29888,2018.0,mercedes-benz,cla-class,,,gas,18275.0,clean,automatic,,,coupe,silver,hi
42998,2016.0,ram,1500,,8 cylinders,gas,44954.0,clean,automatic,4wd,,truck,,mt
38590,2019.0,ram,1500 crew cab big horn,good,6 cylinders,gas,28556.0,clean,other,4wd,,pickup,white,pa
20500,2018.0,nissan,rogue sv awd,excellent,4 cylinders,gas,54000.0,clean,automatic,4wd,mid-size,wagon,grey,ok
33900,2019.0,gmc,savana cargo van,,,gas,20474.0,clean,automatic,rwd,,van,white,id
5500,2003.0,volkswagen,jetta,excellent,,gas,93000.0,clean,manual,fwd,compact,sedan,black,ca
10995,2013.0,chevrolet,volt,excellent,4 cylinders,gas,53162.0,clean,automatic,,,hatchback,,ca
12850,2017.0,hyundai,santa fe sport,excellent,4 cylinders,gas,170000.0,clean,automatic,4wd,,,grey,mo
7500,1975.0,volkswagen,beetle,good,4 cylinders,gas,79400.0,clean,manual,rwd,compact,coupe,blue,ca
599,2018.0,chevrolet,silverado 2500 lt,,,diesel,35005.0,clean,automatic,4wd,,pickup,white,ca
10290,2012.0,jeep,liberty latitude 4wd,excellent,6 cylinders,gas,127703.0,clean,automatic,4wd,full-size,SUV,grey,me
48999,2015.0,ram,3500,,other,diesel,72907.0,clean,automatic,4wd,,truck,silver,wa
14900,2009.0,chevrolet,express,good,8 cylinders,gas,137929.0,clean,automatic,rwd,mid-size,other,white,wa
13000,2010.0,mercedes-benz,benz,excellent,6 cylinders,gas,85000.0,clean,automatic,4wd,full-size,sedan,grey,nj
5799,2008.0,chevrolet,impala,,,other,136322.0,clean,automatic,,full-size,sedan,blue,oh
10999,2008.0,gmc,savana 3500,excellent,8 cylinders,gas,150000.0,clean,automatic,,full-size,,white,nj
2500,2010.0,toyota,sequoia sr5 platinum,excellent,8 cylinders,gas,250671.0,clean,automatic,4wd,mid-size,SUV,white,tx
12900,2014.0,subaru,impreza,,,gas,110990.0,clean,automatic,,compact,wagon,blue,ca
29995,2008.0,chevrolet,silverado 3500hd,,8 cylinders,diesel,161255.0,clean,automatic,4wd,,truck,black,tx
7995,2008.0,ford,explorer,excellent,,gas,98992.0,clean,automatic,rwd,,SUV,white,pa
41590,2020.0,audi,a6 45 tfsi premium plus,good,,gas,27160.0,clean,other,,,sedan,black,la
16998,2014.0,toyota,corolla,,4 cylinders,gas,48948.0,clean,automatic,fwd,,sedan,white,or
23221,2018.0,toyota,camry,,4 cylinders,gas,20375.0,clean,automatic,fwd,mid-size,sedan,red,tn
23800,1990.0,,BMY M923A2,like new,6 cylinders,diesel,6450.0,clean,automatic,4wd,,truck,green,me
12900,2016.0,toyota,camry,,4 cylinders,gas,26000.0,salvage,automatic,,,,,nm
1,2019.0,toyota,camry,good,4 cylinders,gas,140000.0,clean,automatic,fwd,mid-size,SUV,blue,nj
22990,2017.0,ram,,excellent,8 cylinders,gas,157000.0,clean,automatic,4wd,full-size,pickup,silver,de
37750,2019.0,ford,explorer,,6 cylinders,gas,7355.0,clean,automatic,4wd,,SUV,black,mi
13900,2007.0,ram,1500,,8 cylinders,gas,152000.0,clean,automatic,4wd,,,,or
18523,2017.0,ford,police interceptor utility,good,6 cylinders,gas,63428.0,clean,automatic,4wd,,wagon,black,wi
7500,2016.0,hyundai,elantra,,,gas,126259.0,clean,automatic,,,other,,ri
7995,2010.0,subaru,legacy limited,like new,4 cylinders,gas,148243.0,clean,automatic,4wd,,,grey,ky
22900,2011.0,porsche,boxster,,6 cylinders,gas,97781.0,clean,automatic,rwd,,convertible,blue,pa
12938,2013.0,honda,accord cpe ex,good,4 cylinders,gas,112592.0,clean,automatic,fwd,,coupe,blue,ca
5495,2011.0,chevrolet,impala lt,,,gas,158000.0,clean,automatic,,,,,tn
5477,2003.0,nissan,murano,,,gas,168055.0,clean,automatic,,,SUV,blue,mt
39990,2020.0,acura,mdx sh-awd sport utility,good,6 cylinders,gas,1237.0,clean,other,,,other,white,ga
19990,2017.0,honda,civic ex-l coupe 2d,good,,gas,31217.0,clean,other,fwd,,coupe,black,fl
23990,2016.0,chevrolet,silverado 1500 regular,good,6 cylinders,gas,41568.0,clean,other,,,pickup,white,fl
22590,2017.0,fiat,124 spider classica,good,,other,5050.0,clean,other,rwd,,other,,nj
15900,2007.0,chevrolet,silverado,excellent,8 cylinders,gas,143400.0,clean,automatic,rwd,full-size,truck,silver,ca
6000,2005.0,honda,element,excellent,,gas,183076.0,clean,automatic,,,,grey,fl
8895,2014.0,volkswagen,passat 1.8t,like new,4 cylinders,gas,91042.0,clean,automatic,fwd,,sedan,,ny
18990,2018.0,kia,sorento lx sport utility 4d,good,,gas,29520.0,clean,automatic,fwd,,SUV,blue,sc
5000,1946.0,chevrolet,stylemaster,fair,6 cylinders,gas,999999.0,clean,manual,rwd,,,black,ca
9500,2014.0,toyota,camry le 4dr sedan,excellent,4 cylinders,gas,136336.0,clean,automatic,fwd,,sedan,,me
12595,2014.0,kia,sorento,like new,4 cylinders,gas,69500.0,clean,automatic,4wd,mid-size,SUV,silver,ny
13000,2013.0,nissan,nv200,,4 cylinders,gas,88146.0,clean,automatic,fwd,,van,white,mn
18990,2018.0,buick,encore preferred sport,good,,gas,23835.0,clean,other,,,SUV,black,mi
13990,2009.0,chevrolet,silverado 1500,excellent,8 cylinders,gas,160817.0,clean,automatic,4wd,full-size,pickup,blue,nh
10995,2008.0,infiniti,fx35,,,gas,98939.0,clean,automatic,4wd,,SUV,white,nj
4990,2008.0,chevrolet,trailblazer,,6 cylinders,gas,222000.0,clean,automatic,,,SUV,black,mn
5000,1992.0,jeep,cherokee laredo xj,good,6 cylinders,gas,40000.0,clean,automatic,4wd,full-size,offroad,grey,co
44990,2019.0,chevrolet,silverado 1500 crew,good,8 cylinders,gas,20351.0,clean,other,,,pickup,red,pa
6750,2013.0,nissan,altima,like new,4 cylinders,gas,109000.0,clean,automatic,fwd,full-size,sedan,silver,ga
1900,1997.0,ford,ranger,fair,6 cylinders,gas,88000.0,clean,automatic,rwd,,pickup,green,ny
4400,2008.0,toyota,corolla,excellent,4 cylinders,gas,125000.0,clean,automatic,fwd,sub-compact,sedan,grey,ny
17000,2015.0,jeep,grand cherokee laredo 4wd,good,6 cylinders,gas,83000.0,clean,automatic,4wd,full-size,SUV,silver,az
60993,2019.0,gmc,sierra 1500,,,gas,12612.0,clean,automatic,4wd,,,black,or
47590,2020.0,ford,f150 supercrew cab lariat,good,6 cylinders,gas,9172.0,clean,other,4wd,,pickup,black,la
8998,2008.0,subaru,forester 2.5 x,good,4 cylinders,gas,102617.0,clean,automatic,4wd,,wagon,brown,pa
8995,2009.0,lincoln,mks,,,gas,75992.0,clean,automatic,,,,,mi
13995,2005.0,toyota,4runner,excellent,8 cylinders,gas,143911.0,clean,automatic,4wd,,SUV,white,pa
47995,2017.0,ram,2500,,8 cylinders,gas,58225.0,clean,automatic,4wd,,truck,,fl
37995,2016.0,chevrolet,silverado,,,diesel,163004.0,clean,automatic,4wd,,pickup,white,wi
17337,2016.0,ford,edge se**back up cam*ecobo,,,gas,61194.0,clean,automatic,4wd,,wagon,,co
4499,2006.0,volkswagen,passat 2.0t,excellent,,gas,84000.0,clean,automatic,,,,,wa
11500,2017.0,hyundai,tuscon se,,4 cylinders,gas,62363.0,clean,automatic,fwd,mid-size,SUV,,fl
28590,2020.0,chevrolet,blazer 2lt sport,good,6 cylinders,gas,23252.0,clean,other,fwd,,other,silver,ny
39590,2019.0,,Genesis G70 3.3T Dynamic Edition,good,6 cylinders,gas,25399.0,clean,other,,,sedan,red,oh
3000,1955.0,ford,panel truck,,,gas,111111.0,missing,other,,,,,pa
18998,2007.0,jeep,wrangler sahara,excellent,6 cylinders,gas,88751.0,clean,automatic,4wd,mid-size,SUV,silver,mo
22571,2018.0,subaru,crosstrek,,,gas,24083.0,clean,automatic,,,SUV,blue,vt
35500,2018.0,chevrolet,camaro,,,gas,23515.0,clean,automatic,rwd,,,,md
6500,1954.0,jeep,,excellent,4 cylinders,gas,40000.0,clean,manual,,,,red,oh
10000,2009.0,ford,f-150 xlt,good,8 cylinders,gas,135000.0,clean,automatic,4wd,full-size,pickup,,mn
29990,2018.0,jeep,wrangler unlimited sport s,good,,other,31178.0,clean,other,4wd,,other,silver,nm
40990,2014.0,chevrolet,silverado 2500 hd crew,good,8 cylinders,gas,53263.0,clean,other,,,pickup,white,il
20999,2017.0,hyundai,tucson se awd gas suv,,,gas,32282.0,clean,automatic,4wd,,SUV,black,wa
16990,2017.0,ford,c-max hybrid se wagon 4d,good,,hybrid,26566.0,clean,other,fwd,,wagon,,pa
10650,2011.0,honda,odyssey,,,gas,163489.0,clean,automatic,,,other,white,mi
13000,1996.0,chevrolet,camaro z28 convertible,excellent,8 cylinders,gas,77080.0,clean,manual,rwd,,convertible,silver,tx
12590,2012.0,,Scion xD Hatchback 4D,good,,gas,60589.0,clean,other,fwd,,hatchback,white,fl
9995,2010.0,ford,expedition el,,8 cylinders,other,117947.0,clean,automatic,,,SUV,white,sd
29990,2012.0,toyota,tacoma double cab pickup,good,6 cylinders,gas,43182.0,clean,other,4wd,,pickup,white,ma
31990,2018.0,alfa-romeo,romeo stelvio ti sport,good,,other,24008.0,clean,other,,,hatchback,white,ma
7200,1992.0,subaru,svx,good,6 cylinders,gas,92000.0,clean,automatic,4wd,,,,wa
44999,2018.0,jeep,lifted wrangler unlimited,,,gas,26980.0,clean,automatic,4wd,,SUV,black,ut
7488,2007.0,dodge,grand caravan,excellent,,gas,127365.0,clean,automatic,fwd,,,blue,wi
19500,2008.0,ram,3500,good,6 cylinders,diesel,161000.0,clean,manual,4wd,full-size,truck,silver,al
5299,2007.0,hyundai,tucson,excellent,6 cylinders,gas,138000.0,clean,automatic,fwd,mid-size,SUV,black,tx
25000,1970.0,chevrolet,nova,good,8 cylinders,gas,2500.0,clean,automatic,rwd,,,,ca
72995,2014.0,mercedes-benz,g-class,,,other,1.0,clean,automatic,,,wagon,,fl
38990,2013.0,chevrolet,corvette grand sport,good,8 cylinders,gas,51525.0,clean,other,rwd,,other,red,fl
4995,2006.0,saturn,ion,,,gas,93797.0,clean,,,compact,sedan,red,wa
6000,2003.0,,International School Bus,,8 cylinders,diesel,141772.0,clean,automatic,rwd,full-size,bus,yellow,va
8499,2007.0,chevrolet,avalanche,excellent,8 cylinders,gas,128342.0,clean,automatic,,,,,nj
33990,2019.0,infiniti,qx60 luxe sport utility,good,6 cylinders,gas,23309.0,clean,automatic,,,SUV,silver,tx
24990,2017.0,gmc,savana commercial cutaway,good,8 cylinders,gas,136965.0,clean,automatic,rwd,full-size,truck,white,al
8990,2013.0,,smart fortwo Passion Hatchback,good,,gas,59072.0,clean,automatic,rwd,,coupe,silver,fl
6999,2005.0,honda,cr-v lx,,4 cylinders,gas,125863.0,clean,automatic,fwd,,SUV,silver,ca
37990,2019.0,ford,f150 supercrew cab xlt,good,,other,16757.0,clean,other,,,pickup,black,oh
2100,2003.0,toyota,camry le,fair,4 cylinders,gas,289000.0,clean,automatic,fwd,mid-size,,grey,oh
7995,2005.0,lexus,rx-330,good,6 cylinders,gas,177212.0,clean,automatic,,mid-size,SUV,silver,tx
11995,2014.0,subaru,outback,excellent,4 cylinders,gas,111185.0,clean,automatic,4wd,,wagon,blue,ny
21300,2016.0,ford,f-150,excellent,6 cylinders,gas,169000.0,clean,automatic,rwd,full-size,pickup,silver,sc
8975,2010.0,mini,cooper clubman,,,gas,95258.0,clean,manual,,,,,nh
16988,2014.0,audi,q5,excellent,4 cylinders,hybrid,101798.0,clean,automatic,4wd,,SUV,white,ca
12995,2007.0,mercedes-benz,s550,,,gas,129482.0,clean,automatic,,,,,ct
5400,2009.0,honda,civic,excellent,,gas,160988.0,clean,automatic,fwd,,sedan,blue,pa
15989,2013.0,ford,e-350sd,,,,182857.0,clean,automatic,rwd,,truck,white,nc
2000,1999.0,ram,2500,fair,8 cylinders,gas,155300.0,clean,automatic,4wd,full-size,truck,white,ca
32990,2018.0,cadillac,xt5 luxury sport,good,6 cylinders,gas,19209.0,clean,other,fwd,,SUV,white,wi
21300,2018.0,toyota,camry se,excellent,4 cylinders,gas,31200.0,clean,automatic,fwd,mid-size,sedan,white,ca
24495,2013.0,ram,1500,good,8 cylinders,gas,66600.0,clean,automatic,4wd,full-size,pickup,,mo
52990,2020.0,rover,range evoque p250,good,,other,5801.0,clean,other,,,SUV,,ny
16999,2017.0,hyundai,santa fe,,6 cylinders,gas,107285.0,clean,automatic,fwd,,SUV,white,ca
11000,2013.0,nissan,altima,new,4 cylinders,gas,96001.0,clean,automatic,fwd,,sedan,black,ky
57990,2020.0,bmw,7 series 740i sedan 4d,good,,gas,20605.0,clean,other,rwd,,sedan,silver,tn
7995,2007.0,saturn,outlook xr awd,,6 cylinders,gas,129767.0,clean,automatic,4wd,mid-size,SUV,silver,or
12995,2012.0,kia,sorento,excellent,,gas,106010.0,clean,automatic,4wd,,,black,ca
15888,2016.0,honda,fit,,4 cylinders,gas,44028.0,clean,automatic,fwd,mid-size,hatchback,custom,tn
69500,2015.0,ford,f650xl,excellent,6 cylinders,diesel,104889.0,clean,automatic,rwd,full-size,truck,white,ri
20999,2014.0,bmw,3 series,excellent,,gas,69943.0,clean,automatic,4wd,,sedan,black,fl
4995,2006.0,honda,civic lx sedan,good,4 cylinders,gas,258000.0,clean,automatic,fwd,mid-size,sedan,silver,ks
17925,2013.0,jeep,wrangler unlimited,excellent,6 cylinders,gas,171000.0,clean,automatic,4wd,mid-size,SUV,orange,il
14500,2013.0,kia,,,,gas,49000.0,clean,automatic,,,,,nc
19900,2017.0,dodge,challenger,excellent,6 cylinders,gas,60101.0,clean,automatic,rwd,mid-size,coupe,black,ne
9900,2012.0,toyota,sienna le,like new,6 cylinders,gas,140000.0,clean,automatic,4wd,compact,mini-van,silver,ny
19990,2017.0,buick,regal sport touring sedan,good,,gas,32206.0,clean,other,fwd,,sedan,,nc
18450,2018.0,subaru,outback 2.5i premium,like new,,gas,80000.0,clean,automatic,,,,grey,sc
10988,2010.0,infiniti,g g37x sedan 4d,,6 cylinders,gas,106631.0,clean,automatic,4wd,,sedan,,mt
15950,2013.0,ford,f-250 super duty,,8 cylinders,gas,184003.0,clean,automatic,rwd,full-size,pickup,white,la
6500,2010.0,nissan,altima coupe,excellent,6 cylinders,gas,126000.0,clean,automatic,fwd,full-size,coupe,black,ny
2300,2002.0,dodge,intrepid,,,gas,100000.0,clean,automatic,,,,,nj
36572,2017.0,lincoln,navigator,,,gas,83988.0,clean,automatic,4wd,,,,il
13499,2011.0,acura,mdx sh-awd w/tech,excellent,6 cylinders,gas,130504.0,clean,automatic,4wd,full-size,SUV,silver,co
9452,2014.0,ford,fiesta,,4 cylinders,gas,30641.0,clean,automatic,fwd,compact,hatchback,silver,fl
15990,2010.0,ford,ranger super cab xlt pickup,good,6 cylinders,gas,48055.0,clean,other,,,pickup,silver,ar
33000,2018.0,jeep,wrangler jk sahara,excellent,6 cylinders,gas,11600.0,clean,automatic,4wd,,other,blue,fl
4995,2007.0,chrysler,300,,,gas,94603.0,clean,automatic,,,,,mi
11900,2011.0,bmw,x5,excellent,6 cylinders,gas,106.0,clean,automatic,4wd,full-size,SUV,grey,il
19644,2012.0,toyota,tundra,,,gas,89920.0,clean,automatic,,,,white,oh
5000,1996.0,gmc,yukon,fair,8 cylinders,gas,180000.0,clean,automatic,4wd,full-size,SUV,brown,nc
6995,2008.0,toyota,camry,,,other,183205.0,clean,automatic,,,sedan,,mt
2950,2012.0,chevrolet,cruze ltz rs,like new,4 cylinders,gas,105667.0,clean,automatic,fwd,,sedan,white,tx
30995,2015.0,bmw,750li / alpina b7,,,gas,49191.0,clean,automatic,,full-size,sedan,black,fl
18499,2014.0,gmc,acadia,,6 cylinders,gas,127078.0,clean,automatic,fwd,,SUV,,ca
30600,2019.0,ford,transit t250,excellent,,gas,40600.0,clean,automatic,,,,white,mi
26590,2017.0,toyota,avalon hybrid limited,good,,hybrid,28711.0,clean,automatic,fwd,,sedan,silver,az
14498,2015.0,chevrolet,equinox,,6 cylinders,gas,104147.0,clean,automatic,4wd,mid-size,SUV,grey,md
2000,2013.0,bmw,328i,like new,6 cylinders,gas,70000.0,clean,automatic,4wd,full-size,sedan,black,ct
48998,2020.0,chevrolet,silverado,,,gas,38071.0,clean,automatic,fwd,,pickup,blue,fl
24990,2013.0,bmw,1 series 135i convertible 2d,good,,gas,27287.0,clean,other,rwd,,other,black,nc
22987,2014.0,jeep,grand cherokee limited,good,,gas,93524.0,clean,other,,,other,,wa
21995,2019.0,honda,civic sport,good,,other,19268.0,clean,automatic,fwd,,sedan,blue,ca
299,2011.0,bmw,3 series 328i xdrive,excellent,6 cylinders,gas,158534.0,clean,automatic,4wd,,sedan,silver,nj
13899,2013.0,audi,q5 2.0t quattro premium plus,,4 cylinders,other,120480.0,clean,automatic,4wd,,SUV,white,ca
20990,2008.0,ford,super duty f-350 srw,good,8 cylinders,gas,97626.0,clean,automatic,4wd,,,white,ky
26990,2018.0,gmc,acadia sle-2 sport utility,good,6 cylinders,gas,26514.0,clean,other,fwd,,SUV,,al
28490,2008.0,mitsubishi,fuso fe145,good,4 cylinders,diesel,70643.0,clean,automatic,rwd,full-size,truck,green,ia
18995,2010.0,ford,f-150,good,,gas,155812.0,clean,automatic,4wd,full-size,truck,black,ky
7495,2010.0,nissan,rogue sl awd,like new,4 cylinders,gas,149000.0,clean,automatic,4wd,,SUV,black,ri
8850,2002.0,ford,f-150 4x4,excellent,6 cylinders,gas,122000.0,clean,manual,4wd,,,red,oh
29874,2019.0,jeep,cherokee,,6 cylinders,gas,59926.0,clean,automatic,4wd,,SUV,grey,ne
10995,1997.0,toyota,4runner,excellent,6 cylinders,gas,229900.0,clean,manual,4wd,full-size,SUV,silver,co
499,2017.0,chevrolet,impala,like new,6 cylinders,gas,8800.0,clean,automatic,fwd,compact,sedan,grey,az
34499,2016.0,ford,f-250sd,excellent,,gas,,clean,automatic,4wd,,pickup,,oh
11995,2007.0,gmc,sierra,,,other,192493.0,clean,automatic,fwd,,pickup,black,ca
7999,2003.0,bmw,325i,excellent,6 cylinders,gas,90000.0,clean,automatic,rwd,,sedan,silver,pa
9000,2005.0,nissan,350z enthusiast,excellent,6 cylinders,gas,107000.0,clean,manual,,,coupe,white,ny
25990,2006.0,chevrolet,express cargo van,good,8 cylinders,gas,73360.0,clean,automatic,rwd,full-size,truck,white,ia
4999,2006.0,ford,freestar wagon se,excellent,6 cylinders,gas,92722.0,clean,automatic,fwd,full-size,van,,ca
180,2006.0,chevrolet,silverado 1500 ext ca,,8 cylinders,gas,131008.0,clean,automatic,4wd,,,,or
995,2001.0,,2001 Merc Sable,fair,6 cylinders,gas,233000.0,clean,automatic,fwd,mid-size,sedan,white,mn
44999,2018.0,ford,f150 xlt fx4 4x4 1/2 ton,,,gas,37288.0,clean,automatic,4wd,,truck,silver,wa
29000,2016.0,ford,f550,excellent,10 cylinders,gas,39000.0,clean,automatic,rwd,,,white,va
9300,2012.0,ford,escape xlt,excellent,6 cylinders,gas,69500.0,clean,automatic,4wd,mid-size,SUV,black,sd
14900,2013.0,volvo,xc60,excellent,6 cylinders,gas,69524.0,clean,automatic,4wd,full-size,SUV,white,oh
7995,2013.0,dodge,dart,excellent,4 cylinders,gas,119225.0,clean,automatic,fwd,,other,white,ma
15998,2017.0,ford,fusion,excellent,4 cylinders,gas,38467.0,clean,automatic,fwd,,sedan,,nv
14800,2018.0,kia,soul,excellent,,gas,24950.0,clean,automatic,fwd,,SUV,grey,ky
29990,2014.0,chevrolet,silverado 1500 double,good,8 cylinders,gas,26129.0,clean,other,4wd,,pickup,brown,fl
6495,2009.0,subaru,legacy 2.5i special ed,,,gas,111000.0,clean,automatic,4wd,,,,ny
29999,1987.0,toyota,landcruiser,,6 cylinders,diesel,189450.0,clean,automatic,4wd,,SUV,blue,ak
39590,2019.0,ram,1500 crew cab big horn,good,8 cylinders,other,9220.0,clean,other,,,pickup,,ca
23399,2016.0,volvo,xc90,,,gas,88264.0,clean,automatic,,,SUV,grey,pa
9995,2013.0,honda,fit,,,gas,68577.0,clean,automatic,fwd,compact,hatchback,,id
45990,2019.0,jeep,wrangler unlimited rubicon,good,,other,9857.0,clean,other,4wd,,SUV,,wi
38590,2019.0,toyota,tacoma double cab trd,good,,other,12992.0,clean,other,4wd,,pickup,black,pa
53900,2016.0,gmc,sierra 2500hd,excellent,8 cylinders,diesel,95000.0,clean,automatic,4wd,full-size,truck,red,nc
9995,2012.0,toyota,prius,excellent,,hybrid,108541.0,clean,automatic,fwd,,hatchback,blue,ca
5950,2013.0,nissan,rogue s awd,,4 cylinders,gas,95667.0,rebuilt,automatic,4wd,,SUV,white,id
5675,2011.0,chevrolet,cruze,good,4 cylinders,gas,209000.0,clean,manual,,,,blue,al
6995,2005.0,toyota,sienna,excellent,,gas,180821.0,clean,automatic,fwd,,mini-van,blue,ga
6995,2012.0,ford,econoline,,,gas,215149.0,clean,automatic,,,,,mi
34988,2019.0,jeep,grand cherokee limited automatic,,,gas,27506.0,clean,automatic,4wd,,SUV,silver,ak
9200,2010.0,ford,taurus,excellent,6 cylinders,gas,56000.0,lien,automatic,fwd,full-size,sedan,silver,nm
25995,2014.0,rover,sport 4wd 4dr hse,,6 cylinders,,145931.0,clean,automatic,4wd,,SUV,blue,dc
4300,2008.0,pontiac,g5 coupe gt,excellent,4 cylinders,gas,177389.0,clean,automatic,fwd,,coupe,grey,ks
2200,1993.0,toyota,camry le,,4 cylinders,gas,263500.0,clean,automatic,fwd,,sedan,,co
9495,2011.0,chevrolet,equinox,,,gas,121205.0,clean,automatic,fwd,,SUV,red,oh
16990,2014.0,mini,countryman cooper s all4,good,,other,64725.0,clean,other,,,hatchback,,fl
30590,2019.0,honda,ridgeline sport pickup 4d,good,,other,23645.0,clean,other,,,pickup,silver,ny
34590,2019.0,gmc,sierra 1500 double cab,good,8 cylinders,gas,26439.0,clean,other,,,pickup,black,ny
6900,2006.0,mazda,mx-5 miata,excellent,4 cylinders,gas,135000.0,clean,automatic,rwd,sub-compact,convertible,red,fl
19500,1966.0,ford,econoline,excellent,6 cylinders,gas,88000.0,clean,manual,,,pickup,red,ca
9250,2015.0,kia,soul,good,,gas,53000.0,clean,automatic,,,,,tn
11595,2011.0,honda,pilot ex-l 4wd,,6 cylinders,gas,142102.0,clean,automatic,4wd,full-size,SUV,silver,ct
17165,2015.0,honda,odyssey,,6 cylinders,gas,96436.0,clean,automatic,fwd,,mini-van,white,fl
13998,2015.0,buick,lacrosse,excellent,,gas,,clean,automatic,fwd,,sedan,,ca
13995,2013.0,kia,sorento,,6 cylinders,gas,115877.0,clean,automatic,4wd,,SUV,white,co
3950,2004.0,chevrolet,silverado,good,6 cylinders,gas,165000.0,clean,automatic,rwd,,,grey,hi
17998,2004.0,ram,pickup 1500,excellent,,gas,46583.0,clean,automatic,rwd,,pickup,grey,ca
12890,2012.0,toyota,camry,excellent,,gas,80466.0,clean,automatic,fwd,,sedan,white,fl
13880,2008.0,cadillac,escalade,,,gas,137745.0,clean,automatic,,,SUV,white,ga
32990,2015.0,chevrolet,camaro ss convertible,good,8 cylinders,gas,25175.0,clean,other,rwd,,other,blue,ca
34000,2015.0,ford,f150 platinum 4x4,like new,6 cylinders,gas,155000.0,clean,automatic,4wd,,,white,sc
7650,2013.0,buick,enclave,excellent,6 cylinders,gas,167000.0,clean,automatic,fwd,mid-size,SUV,brown,tx
6995,2010.0,honda,civic lx-s,,,gas,91677.0,clean,automatic,,,,,me
29995,2016.0,ford,f250 4x4,excellent,8 cylinders,gas,108000.0,clean,automatic,4wd,full-size,pickup,blue,ma
2000,2007.0,kia,sorento,,,gas,151873.0,clean,automatic,,,,,tn
19997,2013.0,lexus,rx 450h,excellent,,gas,95686.0,clean,automatic,4wd,,SUV,silver,mn
15433,2015.0,subaru,forester,excellent,4 cylinders,gas,71738.0,clean,automatic,4wd,mid-size,wagon,silver,oh
5990,1997.0,toyota,rav4,,,gas,212061.0,clean,manual,4wd,full-size,SUV,blue,or
16990,2018.0,hyundai,sonata se sedan 4d,good,,other,30948.0,clean,other,,,sedan,blue,wi
12995,2018.0,chevrolet,sonic,,4 cylinders,gas,35797.0,clean,other,fwd,,sedan,red,co
9471,2008.0,infiniti,g35 type s performance,,,gas,148355.0,clean,automatic,rwd,,sedan,,az
7950,2008.0,lexus,es 350,excellent,6 cylinders,gas,139000.0,clean,automatic,,,sedan,,oh
12900,2015.0,volkswagen,passat,excellent,4 cylinders,diesel,74400.0,clean,automatic,fwd,mid-size,sedan,white,al
13980,2013.0,volkswagen,beetle coupe,,4 cylinders,gas,96048.0,clean,automatic,fwd,,coupe,silver,id
8988,2008.0,lexus,ls,excellent,,gas,225381.0,clean,automatic,rwd,,sedan,silver,ca
25998,2019.0,toyota,camry,,,gas,30001.0,clean,automatic,fwd,,sedan,,mt
20590,2018.0,hyundai,sonata limited sedan 4d,good,,other,26176.0,clean,other,fwd,,sedan,black,ca
5977,2004.0,pontiac,aztek,,,gas,140986.0,clean,automatic,,,,,mt
30990,2017.0,nissan,frontier crew cab pro-4x,good,6 cylinders,gas,31095.0,clean,other,4wd,,pickup,white,tn
3200,1970.0,,1970 MERCEDED,fair,4 cylinders,gas,9999999.0,clean,manual,,,convertible,white,fl
6900,2008.0,ford,f150 xlt,,,gas,265000.0,clean,automatic,,,,,fl
31993,2015.0,tesla,model s,,,electric,79167.0,clean,automatic,4wd,full-size,sedan,blue,tx
3400,2015.0,chevrolet,malibu,,4 cylinders,gas,136840.0,clean,automatic,fwd,,sedan,custom,oh
15988,2018.0,kia,forte,like new,,gas,11327.0,clean,automatic,,,,,tx
3500,2010.0,toyota,sequoia sr5 platinum,excellent,8 cylinders,gas,250671.0,clean,automatic,4wd,mid-size,SUV,white,tx
64000,2015.0,chevrolet,,,8 cylinders,other,1749.0,clean,automatic,fwd,compact,other,,ar
9000,1999.0,,Boxster,,,gas,58000.0,clean,manual,,,,green,ca
9999,2014.0,toyota,corolla,,,gas,122636.0,clean,automatic,,,other,,nc
19995,2006.0,ford,f-350,good,8 cylinders,diesel,85680.0,clean,automatic,rwd,,truck,blue,ma
13995,2011.0,cadillac,escalade,,,gas,181000.0,clean,automatic,,,SUV,black,mn
3900,2010.0,honda,civic ex,,,gas,109000.0,clean,manual,,,,,ca
7995,2009.0,kia,sorento,,,gas,155097.0,clean,other,,,,,or
2900,2009.0,chevrolet,malibu lt,,,gas,162579.0,clean,automatic,,,,,tx
21931,2014.0,jeep,grand cherokee,,6 cylinders,diesel,116137.0,clean,automatic,4wd,mid-size,SUV,silver,nc
22990,2012.0,toyota,tacoma access cab pickup,good,,gas,37725.0,clean,other,,,pickup,white,tn
69999,2017.0,,maserati granturismo sport,like new,8 cylinders,gas,9000.0,clean,automatic,,,coupe,blue,fl
17990,2012.0,honda,civic si sedan 4d,good,,gas,72299.0,clean,other,fwd,,sedan,red,tn
11500,2017.0,chevrolet,cruze,like new,4 cylinders,gas,65700.0,clean,manual,fwd,compact,sedan,white,ny
49590,2020.0,mercedes-benz,e-class e 350,good,,other,4616.0,clean,other,,,sedan,black,ga
17800,2016.0,ford,transit cargo 250,excellent,,gas,1000.0,clean,automatic,rwd,,van,white,tx
47000,2018.0,bmw,750i,like new,8 cylinders,gas,55033.0,clean,automatic,rwd,full-size,sedan,black,ga
20990,2017.0,ford,mustang,,,gas,66802.0,clean,automatic,,sub-compact,coupe,yellow,tn
8950,2013.0,subaru,outback,excellent,,gas,148824.0,clean,automatic,4wd,,wagon,blue,mi
2500,2003.0,volkswagen,gti,good,4 cylinders,gas,218401.0,clean,manual,fwd,sub-compact,hatchback,silver,oh
1600,2006.0,chevrolet,monte carlo,,,gas,1.0,clean,automatic,,,coupe,silver,wi
17795,2008.0,mercedes-benz,cls-class,,8 cylinders,gas,126815.0,clean,automatic,rwd,,other,silver,il
14998,2019.0,toyota,yaris sedan,,4 cylinders,gas,20683.0,clean,manual,fwd,,sedan,black,id
800,2001.0,jeep,grand cherokee,like new,4 cylinders,gas,158000.0,clean,manual,fwd,full-size,SUV,red,fl
18995,2018.0,kia,optima,,4 cylinders,gas,21316.0,clean,automatic,fwd,,sedan,,id
20000,2014.0,,Mobility Vehicle - 1 vpn,excellent,4 cylinders,gas,58571.0,clean,automatic,fwd,full-size,bus,white,il
2500,2006.0,lincoln,navigator,good,8 cylinders,gas,12345.0,clean,automatic,rwd,full-size,SUV,black,ar
12500,2013.0,honda,accord,,,gas,117135.0,clean,automatic,,,sedan,black,fl
3900,2004.0,chevrolet,trailblazer,good,6 cylinders,gas,199434.0,clean,automatic,4wd,full-size,SUV,grey,co
26900,2021.0,chevrolet,colorado crew cab,like new,4 cylinders,gas,7500.0,clean,automatic,rwd,mid-size,pickup,white,tn
12000,2006.0,ford,f350 4x4,good,8 cylinders,diesel,180200.0,clean,automatic,4wd,full-size,truck,red,wa
28990,2014.0,lexus,ls 460 sedan 4d,good,8 cylinders,diesel,72772.0,clean,other,rwd,,sedan,silver,nc
49990,2013.0,ford,super duty f-550 drw,good,8 cylinders,diesel,98689.0,clean,automatic,4wd,full-size,truck,white,me
10495,2017.0,kia,forte,,,gas,116000.0,clean,automatic,,,,,sc
40590,2014.0,chevrolet,silverado 2500 hd crew,good,,other,29223.0,clean,other,,,pickup,white,va
39999,2018.0,gmc,sierra 2500 hd,good,8 cylinders,gas,23884.0,clean,automatic,4wd,full-size,truck,white,ak
10900,2014.0,dodge,charger,excellent,,gas,150006.0,clean,automatic,rwd,,sedan,blue,tx
4995,2008.0,pontiac,vibe,excellent,4 cylinders,gas,157000.0,clean,automatic,fwd,,,grey,ny
6500,2014.0,kia,soul,excellent,4 cylinders,gas,92000.0,clean,manual,fwd,,,,ca
49999,2018.0,ford,f-150,,6 cylinders,gas,57610.0,clean,automatic,4wd,,truck,grey,ne
25000,2016.0,mercedes-benz,gle350,excellent,6 cylinders,gas,88504.0,clean,automatic,rwd,,,,sc
12800,2017.0,dodge,grand caravan,excellent,6 cylinders,gas,78791.0,clean,automatic,,,,,nm
32995,2016.0,honda,pilot,excellent,6 cylinders,gas,53962.0,clean,automatic,4wd,mid-size,SUV,black,nd
230,2014.0,jeep,grand cherokee laredo,good,,other,127151.0,clean,automatic,4wd,,other,,mi
14995,2009.0,jeep,wrangler,good,6 cylinders,gas,122000.0,clean,automatic,4wd,full-size,SUV,blue,ia
2900,2005.0,,133000,good,6 cylinders,gas,133000.0,clean,automatic,fwd,,,blue,mi
12995,2017.0,chevrolet,malibu,excellent,4 cylinders,gas,107923.0,clean,automatic,fwd,mid-size,sedan,white,mi
18500,2013.0,cadillac,srx-4,like new,6 cylinders,gas,59000.0,clean,automatic,4wd,mid-size,SUV,grey,ct
10999,2016.0,chevrolet,cruze limited,excellent,4 cylinders,gas,24000.0,clean,manual,fwd,compact,sedan,blue,or
4999,2008.0,subaru,impreza,,,gas,120000.0,clean,automatic,,,,,pa
7900,2008.0,toyota,highlander hybrid,excellent,6 cylinders,hybrid,255000.0,clean,automatic,4wd,full-size,SUV,grey,mi
10495,2012.0,hyundai,elantra,,,other,66941.0,clean,automatic,,,sedan,silver,co
5800,2012.0,ford,f250 super duty super cab,,8 cylinders,other,114765.0,clean,automatic,4wd,,pickup,white,oh
25977,2017.0,bmw,3 series,excellent,,gas,19723.0,clean,automatic,rwd,,sedan,,fl
16590,2018.0,hyundai,elantra sel sedan 4d,good,,gas,26718.0,clean,automatic,fwd,,sedan,black,ca
20990,2020.0,honda,fit sport hatchback 4d,good,,gas,1668.0,clean,other,fwd,,hatchback,white,ny
724,2018.0,gmc,sierra 1500 denali ultimat,,8 cylinders,gas,64131.0,clean,automatic,4wd,,,,or
24990,2019.0,ram,1500 classic regular cab,good,6 cylinders,other,29732.0,clean,other,,,pickup,black,il
14975,2013.0,bmw,x5,,6 cylinders,gas,97195.0,clean,automatic,4wd,mid-size,SUV,silver,va
1000,2017.0,kia,optima,like new,4 cylinders,gas,28000.0,clean,automatic,fwd,mid-size,sedan,white,ct
4000,1970.0,ford,f100,fair,8 cylinders,gas,75000.0,clean,manual,rwd,,,,ca
64495,2019.0,ford,f450,like new,8 cylinders,diesel,16190.0,clean,automatic,,,truck,white,nc
245,2014.0,dodge,challenger,,6 cylinders,gas,73542.0,clean,automatic,rwd,,coupe,,or
19900,2016.0,toyota,sienna,excellent,,gas,76000.0,clean,other,,,,white,fl
12500,2012.0,cadillac,,,,gas,42944.0,clean,automatic,,,,,ne
20993,2010.0,lexus,gx 460,,8 cylinders,gas,108550.0,clean,automatic,4wd,mid-size,SUV,black,tx
3000,2001.0,honda,accord,good,6 cylinders,gas,131000.0,rebuilt,automatic,fwd,,sedan,black,id
25184,2016.0,chevrolet,silverado 1500,,8 cylinders,gas,97720.0,clean,automatic,4wd,,truck,white,ky
11995,2006.0,ford,mustang,excellent,,gas,146241.0,clean,manual,rwd,,coupe,silver,wi
8995,2011.0,cadillac,srx luxury,excellent,6 cylinders,gas,156864.0,clean,automatic,4wd,,,black,id
24888,1971.0,,Plym DUSTER 2dr,,,gas,,,automatic,rwd,,,yellow,or
14995,2014.0,ford,e-series cargo e-350 sd,,8 cylinders,other,108396.0,clean,automatic,rwd,,van,white,il
5699,2007.0,toyota,corolla,excellent,4 cylinders,gas,140000.0,clean,automatic,,,sedan,brown,dc
20483,2015.0,bmw,x5,good,6 cylinders,gas,169973.0,clean,automatic,4wd,,wagon,custom,dc
10999,2010.0,volkswagen,gti,excellent,4 cylinders,gas,61000.0,clean,automatic,fwd,compact,hatchback,black,il
5900,2012.0,nissan,rogue sl awd,good,,gas,119534.0,clean,automatic,,,,black,ny
11995,2013.0,,Scion tC,excellent,4 cylinders,gas,93219.0,clean,manual,fwd,mid-size,coupe,grey,ca
28990,2019.0,hyundai,santa fe xl se sport,good,6 cylinders,gas,20046.0,clean,other,,,other,black,tx
40995,2018.0,gmc,1500 slt crew cab,,8 cylinders,gas,86264.0,clean,automatic,4wd,,,white,fl
5975,2011.0,kia,soul,excellent,4 cylinders,gas,149000.0,clean,manual,fwd,mid-size,SUV,white,ca
31989,2019.0,honda,cr-v touring,good,,other,2756.0,clean,automatic,,,other,black,il
4000,2001.0,nissan,pathfinder se,excellent,6 cylinders,gas,128.0,clean,automatic,rwd,mid-size,SUV,brown,tx
5250,2012.0,ford,focus se,excellent,4 cylinders,gas,72000.0,clean,automatic,rwd,compact,sedan,silver,ct
29590,2017.0,ford,expedition xlt sport,good,6 cylinders,gas,70760.0,clean,other,4wd,,SUV,blue,fl
9500,2009.0,toyota,rav4,,,gas,109000.0,clean,automatic,fwd,,,,wi
8788,2015.0,nissan,sentra sv,excellent,4 cylinders,gas,70340.0,,automatic,,,sedan,,mi
17950,2016.0,acura,ilx,,4 cylinders,gas,72000.0,clean,automatic,fwd,,,,mn
3995,2006.0,subaru,outback,excellent,6 cylinders,gas,191500.0,clean,automatic,4wd,,,green,pa
12891,2020.0,chevrolet,spark,,,gas,9849.0,clean,manual,fwd,,hatchback,black,ny
26990,2014.0,chevrolet,silverado 1500 crew,good,6 cylinders,gas,63129.0,clean,automatic,,,pickup,black,va
243,2015.0,ford,fusion,,4 cylinders,gas,128510.0,clean,automatic,fwd,mid-size,sedan,silver,il
8989,2015.0,nissan,sentra sv,excellent,4 cylinders,gas,109056.0,clean,automatic,fwd,compact,sedan,silver,tx
39590,2018.0,audi,sq5 premium plus sport,good,6 cylinders,gas,48640.0,clean,other,,,other,black,dc
22990,2017.0,honda,civic touring sedan 4d,good,,gas,14757.0,clean,other,fwd,,sedan,blue,ga
13997,2014.0,,Scion FR-S,excellent,,gas,55845.0,clean,automatic,rwd,,coupe,,tn
1700,2006.0,hyundai,sonata,good,6 cylinders,gas,176500.0,clean,automatic,,,sedan,grey,mi
6300,2009.0,chevrolet,express 3500,,8 cylinders,gas,194000.0,clean,automatic,,,,,ga
4995,2006.0,nissan,quest se,excellent,6 cylinders,gas,263754.0,rebuilt,automatic,fwd,mid-size,mini-van,grey,tx
13573,2012.0,buick,enclave,excellent,6 cylinders,gas,127479.0,clean,automatic,fwd,,SUV,white,ar
9490,2015.0,nissan,sentra sr,excellent,4 cylinders,gas,42000.0,rebuilt,automatic,fwd,,sedan,black,ia
8899,2018.0,mitsubishi,mirage g4,excellent,,gas,5939.0,clean,automatic,fwd,,sedan,blue,ca
8950,2014.0,dodge,dart,,4 cylinders,gas,63790.0,clean,automatic,fwd,,sedan,orange,or
39590,2018.0,mercedes-benz,slc 300 roadster,good,,other,42300.0,clean,other,rwd,,convertible,,tn
5895,2006.0,ford,f-150,excellent,,gas,129055.0,clean,automatic,,full-size,pickup,blue,ca
57460,2020.0,jeep,gladiator,,,gas,31481.0,clean,automatic,4wd,,pickup,silver,ca
9999,2008.0,cadillac,cts,,6 cylinders,gas,68000.0,clean,automatic,rwd,,sedan,white,ca
21988,2019.0,honda,civic sport,,,gas,3436.0,clean,automatic,,,other,white,nc
4888,2001.0,pontiac,sunfire se,good,,gas,173038.0,clean,other,,,sedan,silver,id
36990,2016.0,gmc,sierra 2500 hd double cab,good,8 cylinders,gas,23190.0,clean,other,4wd,,pickup,black,ca
9819,2011.0,cadillac,cts 3.6 sedan 4d,excellent,6 cylinders,gas,101876.0,,automatic,,,sedan,,ca
8799,2013.0,toyota,camry,excellent,4 cylinders,gas,110955.0,clean,automatic,fwd,mid-size,sedan,red,ma
39990,2019.0,mercedes-benz,sprinter cab chassis,excellent,,diesel,30.0,clean,automatic,,,,silver,ca
11995,2005.0,lexus,es 330,excellent,6 cylinders,gas,67789.0,clean,automatic,,,sedan,,hi
30488,2020.0,honda,cr-v,,,gas,3515.0,clean,automatic,fwd,,,,ca
24997,2005.0,toyota,"tundra sr5 4dr 1-oregon owner*0-rust*never off road*new timing belt&water pump*new bilstein-toytec lift*new 33"" yokohama geolanders*new oem 17""toyota wheels*leer canopy",,8 cylinders,gas,109562.0,clean,automatic,4wd,,pickup,white,wa
29990,2018.0,chevrolet,colorado crew cab work,good,6 cylinders,gas,11401.0,clean,other,4wd,,pickup,red,md
31990,2018.0,bmw,x3 xdrive30i sport utility,good,,other,23894.0,clean,automatic,,,SUV,,ca
58795,2020.0,gmc,sierra at4,excellent,8 cylinders,gas,14829.0,clean,automatic,4wd,full-size,truck,black,fl
15949,2019.0,nissan,versa 1.6 sv,excellent,4 cylinders,gas,31474.0,,other,,,sedan,,il
19995,2016.0,nissan,murano,,6 cylinders,gas,9843.0,,automatic,,,SUV,blue,ia
4900,2012.0,chevrolet,cruze,excellent,4 cylinders,gas,121000.0,clean,automatic,fwd,,,,ny
7350,2013.0,nissan,altima 2.5 s,excellent,4 cylinders,gas,99319.0,clean,automatic,,mid-size,sedan,white,pa
11960,2013.0,chevrolet,traverse,good,,gas,104912.0,clean,automatic,,,,,il
32990,2018.0,ram,1500 quad cab harvest pickup,good,6 cylinders,gas,29979.0,clean,other,4wd,,pickup,black,ma
18937,2011.0,,FordE350,,,gas,40000.0,clean,automatic,,,,,la
10850,2008.0,gmc,sierra 1500,excellent,8 cylinders,gas,198070.0,clean,automatic,rwd,full-size,,,la
21590,2013.0,bmw,3 series 335i xdrive sedan,good,,gas,62993.0,clean,other,,,sedan,silver,ca
5785,2008.0,saturn,aura,,6 cylinders,gas,141474.0,clean,automatic,fwd,,sedan,silver,il
11997,2014.0,toyota,camry se,excellent,,gas,132711.0,clean,automatic,,,,grey,oh
27995,2020.0,mercedes-benz,a-class,,,gas,3395.0,clean,automatic,,,,,nj
900,1998.0,ford,f-150,,,gas,250000.0,clean,other,,,,,md
2499,2001.0,chevrolet,cavalier,,4 cylinders,gas,121583.0,clean,automatic,fwd,,sedan,silver,ar
3800,2001.0,ford,mustang,fair,8 cylinders,gas,138000.0,clean,manual,,,,,az
14995,2014.0,jeep,grand cherokee limited,excellent,6 cylinders,gas,126200.0,lien,automatic,rwd,full-size,van,black,al
27995,1999.0,ram,pickup 3500,excellent,,gas,84375.0,clean,automatic,,,pickup,red,ia
21786,2020.0,honda,civic sport,excellent,4 cylinders,gas,5799.0,,other,,,sedan,,oh
24980,2004.0,bmw,3-series,,6 cylinders,gas,119725.0,clean,manual,rwd,,coupe,white,wa
2488,2004.0,jeep,grand cherokee,,,gas,164645.0,clean,automatic,4wd,,SUV,,ma
89999,2020.0,dodge,challenger srt hellcat rwd,,,gas,959.0,clean,automatic,rwd,,coupe,black,id
20590,2013.0,infiniti,g g37 sport coupe 2d,good,6 cylinders,gas,57181.0,clean,other,rwd,,coupe,black,mi
26993,2017.0,rover,discovery sport,,4 cylinders,gas,33702.0,clean,automatic,4wd,mid-size,SUV,silver,tx
7999,2003.0,gmc,sonoma,excellent,6 cylinders,gas,109000.0,clean,automatic,rwd,,,,wa
24955,2017.0,ford,edge,,,gas,19455.0,clean,other,4wd,,,black,ma
11500,2015.0,ford,cmax hybrid,good,4 cylinders,hybrid,88800.0,clean,automatic,fwd,mid-size,hatchback,silver,mi
18770,2015.0,chevrolet,silverado,,,other,104913.0,clean,automatic,rwd,,pickup,black,ia
21000,2012.0,chevrolet,silverado 1500 crew cab,excellent,8 cylinders,gas,105000.0,clean,automatic,4wd,full-size,truck,grey,in
6999,2004.0,toyota,camry,excellent,4 cylinders,gas,150780.0,clean,automatic,fwd,,sedan,blue,fl
1500,2003.0,,Volkswagon Passat,good,6 cylinders,gas,127858.0,clean,automatic,rwd,mid-size,sedan,black,ri
18900,2013.0,dodge,durango sxt rwd,excellent,6 cylinders,gas,129711.0,,automatic,,,SUV,,ca
22000,2008.0,ford,f450 deisel powerstroke,good,8 cylinders,diesel,138707.0,lien,automatic,4wd,full-size,pickup,blue,sd
900,1953.0,jeep,willys,,,gas,1000000.0,clean,automatic,,,,,ny
13995,2012.0,toyota,avalon,,,gas,104836.0,clean,automatic,fwd,full-size,sedan,black,nh
4500,2002.0,ford,f350 xl super duty,fair,10 cylinders,gas,270000.0,clean,automatic,4wd,full-size,pickup,white,mn
19995,2012.0,chevrolet,silverado 1500,excellent,,gas,103652.0,clean,automatic,4wd,,pickup,blue,mn
39590,2020.0,ford,mustang gt coupe 2d,good,,other,2516.0,clean,other,,,coupe,black,pa
21995,2013.0,jeep,wrangler unlimited,,,gas,140000.0,clean,automatic,,,,,va
14999,2016.0,hyundai,santa fe sport,,,gas,89830.0,clean,automatic,,full-size,SUV,grey,nv
6500,1999.0,ford,f150,good,8 cylinders,gas,200500.0,clean,automatic,4wd,full-size,pickup,blue,tx
21990,2016.0,,Scion FR-S Coupe 2D,good,,gas,23592.0,clean,other,rwd,,coupe,black,ok
29000,2014.0,ram,1500,,,diesel,61000.0,clean,automatic,,,,,tn
34990,2014.0,toyota,tacoma double cab pickup,good,6 cylinders,gas,1112.0,clean,other,4wd,,pickup,white,ok
47400,2017.0,audi,a7,,,gas,28155.0,clean,automatic,,,hatchback,,il
8450,2009.0,chevrolet,suburban,,8 cylinders,gas,134947.0,clean,automatic,4wd,full-size,SUV,blue,wi
25990,2017.0,toyota,tacoma access cab sr,good,,gas,42082.0,clean,other,,,pickup,white,ca
2500,2007.0,buick,lacrosse,,,gas,203766.0,clean,automatic,,,,,wi
2995,2002.0,mitsubishi,eclipse,excellent,4 cylinders,gas,188692.0,clean,manual,fwd,sub-compact,convertible,black,ca
28888,2014.0,chevrolet,1500,,,gas,96430.0,clean,automatic,,,,,tx
16995,2017.0,volkswagen,jetta,,,gas,55125.0,clean,manual,fwd,compact,sedan,white,mi
7995,2007.0,nissan,xterra,excellent,6 cylinders,gas,130343.0,clean,manual,,,,,nm
16999,2014.0,nissan,frontier s crew cab 5at 4wd,,,,110766.0,,automatic,4wd,,pickup,,wa
4400,2000.0,pontiac,montana,,,gas,98000.0,clean,automatic,,,,,mi
15950,2015.0,jeep,renegade latitude 4x4 gas,like new,4 cylinders,gas,60461.0,clean,automatic,4wd,mid-size,SUV,orange,mi
14921,2017.0,chevrolet,trax,,4 cylinders,gas,75641.0,clean,automatic,fwd,compact,wagon,silver,tx
4500,2008.0,honda,civic,,,gas,158000.0,clean,automatic,,,,,ct
10450,2011.0,mercedes-benz,c-class,,,gas,90315.0,clean,manual,rwd,,sedan,white,fl
7495,2006.0,pontiac,solstice,,,gas,106208.0,clean,automatic,,,,,fl
6995,2013.0,ford,fiesta,excellent,,gas,129940.0,clean,automatic,fwd,,sedan,silver,in
16802,2003.0,mercedes-benz,sl-class,,8 cylinders,gas,63472.0,clean,automatic,rwd,,convertible,black,or
39590,2020.0,chevrolet,silverado 1500 crew,good,8 cylinders,gas,19160.0,clean,other,,,pickup,red,fl
10500,2013.0,ford,e350 box truck,good,8 cylinders,gas,170000.0,clean,automatic,rwd,full-size,truck,white,co
9500,2015.0,bmw,428i gran coupe,excellent,4 cylinders,gas,73483.0,salvage,automatic,rwd,,sedan,black,la
14995,2017.0,volkswagen,jetta,like new,4 cylinders,gas,60721.0,clean,automatic,fwd,full-size,sedan,red,id
8795,2012.0,ford,f-150,good,8 cylinders,gas,150204.0,clean,automatic,rwd,full-size,truck,white,oh
13500,1999.0,,INTERNATIONAL 4700,excellent,8 cylinders,diesel,79000.0,clean,manual,rwd,full-size,truck,white,tn
12000,2005.0,gmc,savana,excellent,8 cylinders,gas,114600.0,clean,automatic,4wd,,,,me
17590,2020.0,kia,forte lxs sedan 4d,good,,other,7384.0,clean,other,fwd,,sedan,silver,ca
14500,1999.0,dodge,truck,,,diesel,151000.0,clean,manual,,,,,ok
34590,2014.0,toyota,tundra double cab sr,good,,other,15242.0,clean,other,,,pickup,silver,fl
20590,2013.0,infiniti,g g37 sport coupe 2d,good,6 cylinders,gas,57181.0,clean,other,rwd,,coupe,black,ct
18500,2018.0,ford,edge,,4 cylinders,gas,61699.0,clean,automatic,fwd,,SUV,,mn
28990,2014.0,toyota,4runner limited sport,good,6 cylinders,gas,100176.0,clean,other,4wd,,other,silver,ca
7850,2013.0,nissan,altima,excellent,4 cylinders,gas,40000.0,clean,automatic,fwd,full-size,sedan,grey,il
5495,1999.0,jaguar,xk8 2dr convertible,good,8 cylinders,gas,87200.0,clean,automatic,rwd,compact,convertible,green,ca
14799,2011.0,jeep,grand cherokee,,,gas,78580.0,clean,automatic,,,other,red,oh
9700,1995.0,nissan,300zx,,,gas,117000.0,clean,automatic,,,,,fl
2200,2006.0,toyota,corolla,fair,4 cylinders,gas,91000.0,clean,manual,fwd,,,grey,ca
21000,2017.0,toyota,rav4 xle 4wd,like new,4 cylinders,gas,40580.0,clean,automatic,4wd,mid-size,SUV,black,ny
23590,2020.0,acura,ilx sedan 4d,good,,other,2630.0,clean,other,,,sedan,black,wi
39999,2019.0,chevrolet,silverado hd,,,other,141174.0,clean,automatic,,,pickup,black,co
6995,2001.0,bmw,3 series,excellent,,gas,141212.0,clean,automatic,,,wagon,blue,in
24990,2015.0,bmw,2 series m235i coupe 2d,good,,gas,73663.0,clean,other,rwd,,coupe,black,ca
3000,1997.0,infiniti,qx4,fair,6 cylinders,gas,203850.0,clean,manual,4wd,full-size,SUV,black,ia
24950,2019.0,toyota,tacoma,,4 cylinders,gas,36610.0,clean,automatic,rwd,compact,pickup,white,la
39590,2019.0,tesla,model 3 standard range,good,,electric,21521.0,clean,other,rwd,,sedan,white,ca
11995,2013.0,dodge,charger,,8 cylinders,gas,106107.0,clean,automatic,rwd,,sedan,black,ks
43900,2016.0,ford,super duty f-250 srw,excellent,8 cylinders,diesel,118000.0,clean,automatic,4wd,full-size,truck,black,tn
32999,2012.0,chevrolet,2500,,,diesel,186676.0,clean,automatic,,,,,in
40000,1967.0,ford,mustang,,,gas,100000.0,clean,manual,,,,,id
2800,2009.0,chevrolet,hhr,good,4 cylinders,gas,155414.0,clean,automatic,fwd,mid-size,sedan,silver,oh
5000,2009.0,,crysler 300c,fair,8 cylinders,gas,174000.0,clean,automatic,4wd,full-size,sedan,black,ny
22990,2014.0,lexus,gs 350 sedan 4d,good,6 cylinders,gas,53050.0,clean,automatic,rwd,,sedan,white,ca
31998,2015.0,gmc,sierra 1500,,,,,,,,,,,nc
49995,2021.0,toyota,electric rav4 prime xse awd,excellent,4 cylinders,electric,12500.0,clean,automatic,4wd,compact,SUV,grey,wa
525,2019.0,,Genesis G70 3.3T Advanced,good,6 cylinders,gas,16911.0,clean,automatic,,,sedan,red,nc
33990,2012.0,ford,super duty f-250 srw,good,8 cylinders,diesel,49678.0,clean,automatic,4wd,full-size,truck,white,la
15783,2016.0,honda,cr-v,,4 cylinders,gas,75119.0,clean,automatic,fwd,mid-size,SUV,grey,nc
15995,2018.0,toyota,corolla,excellent,,gas,40787.0,clean,automatic,fwd,,sedan,white,ga
8295,2013.0,toyota,prius,excellent,4 cylinders,hybrid,122350.0,clean,automatic,fwd,mid-size,hatchback,white,va
30990,2016.0,gmc,canyon crew cab sle pickup,good,6 cylinders,gas,51605.0,clean,other,4wd,,pickup,silver,tx
19990,2013.0,audi,allroad premium plus wagon,good,,gas,77276.0,clean,other,,,wagon,blue,nm
25990,2019.0,ram,1500 classic regular cab,good,8 cylinders,gas,12302.0,clean,other,,,pickup,white,ma
6995,2006.0,ford,f-150,good,6 cylinders,gas,84896.0,clean,automatic,,,,black,ok
29990,2018.0,volvo,s90 t5 momentum sedan 4d,good,,gas,13859.0,clean,other,,,sedan,,ok
29995,1997.0,,Freightliner FL-80 Dump Truck 5.9 Cummins,,6 cylinders,,120527.0,,automatic,,,,red,tn
5200,2014.0,kia,rio,,,gas,84000.0,rebuilt,automatic,,,,,fl
8995,2012.0,chevrolet,traverse,good,6 cylinders,gas,126832.0,clean,automatic,fwd,full-size,SUV,white,mi
7299,2007.0,ford,e250 econoline,,8 cylinders,gas,141550.0,clean,automatic,,,,,fl
52995,2018.0,toyota,tundra limited crewmax lifted,,8 cylinders,gas,30305.0,clean,automatic,4wd,,pickup,grey,co
12995,2013.0,bmw,x5 awd xdrive35i premium,excellent,6 cylinders,gas,114022.0,clean,automatic,4wd,,SUV,silver,tx
8988,2011.0,toyota,camry,,,gas,102549.0,clean,automatic,fwd,,,,wa
6500,2005.0,toyota,sequoia,good,8 cylinders,gas,200000.0,clean,automatic,4wd,full-size,SUV,brown,id
12590,2013.0,,Scion xD Hatchback 4D,good,,gas,91825.0,clean,other,fwd,,hatchback,,mi
19990,2013.0,volkswagen,eos sport convertible,good,,gas,24294.0,clean,automatic,fwd,,convertible,blue,tn
1000,2000.0,,All models,salvage,,gas,100000.0,parts only,automatic,,,,,ma
6850,2007.0,ford,f-150,good,8 cylinders,gas,760000.0,rebuilt,automatic,4wd,full-size,truck,,tx
2800,2000.0,,saab 9-3 convertible,good,4 cylinders,gas,89200.0,clean,automatic,fwd,sub-compact,convertible,blue,nc
4495,2012.0,,YAMAHA FZ6R,,,gas,19114.0,clean,automatic,,,other,white,ca
16999,2006.0,ford,f250,excellent,,gas,48264.0,clean,automatic,rwd,,pickup,white,ca
7499,2010.0,subaru,outback,,,gas,1.0,clean,automatic,,,,,ny
11695,2010.0,subaru,forester 2.5x limited,,,gas,118744.0,,automatic,4wd,,,silver,nc
1800,2002.0,nissan,altima,good,4 cylinders,gas,200000.0,clean,automatic,,,,brown,ia
8990,2006.0,mini,cooper convertible,,,gas,93739.0,clean,manual,fwd,,convertible,,in
23990,2014.0,acura,mdx sh-awd sport utility,good,6 cylinders,gas,62390.0,clean,other,,,SUV,,ms
2750,2000.0,ford,f-250,good,6 cylinders,gas,165000.0,clean,automatic,rwd,full-size,truck,red,nj
6495,2006.0,toyota,sienna,excellent,,gas,200745.0,clean,automatic,fwd,,mini-van,grey,ga
16995,2014.0,buick,enclave,excellent,,gas,118514.0,clean,automatic,4wd,,SUV,,ny
8700,2013.0,gmc,terrain,good,6 cylinders,gas,132248.0,clean,automatic,fwd,mid-size,SUV,black,mi
23000,2016.0,ford,flex sel awd,like new,6 cylinders,gas,48500.0,clean,automatic,4wd,mid-size,wagon,white,mo
32988,2017.0,ford,f-150,excellent,,gas,123015.0,clean,automatic,4wd,,pickup,,oh
5460,2012.0,kia,sedona lx,good,6 cylinders,gas,150284.0,clean,automatic,fwd,,mini-van,white,fl
29975,2016.0,dodge,grand caravan sxt,excellent,6 cylinders,diesel,74811.0,,automatic,,,van,,fl
3500,1999.0,ford,expedition,,8 cylinders,gas,190482.0,clean,automatic,4wd,,SUV,blue,nj
46990,2018.0,ram,2500 crew cab tradesman,good,,gas,14459.0,clean,other,4wd,,pickup,,ca
22800,2018.0,subaru,impreza,,,other,6399.0,clean,other,,,,,tx
9500,2008.0,nissan,frontier crew cab,excellent,,gas,128000.0,clean,automatic,4wd,,SUV,,ma
4000,1979.0,chevrolet,,,,gas,100000.0,clean,automatic,,,,,id
34999,2017.0,ford,f-150,,6 cylinders,gas,35601.0,clean,automatic,4wd,,truck,,or
79500,1991.0,acura,nsx,,,gas,88132.0,clean,manual,,,,,tn
32990,2020.0,chevrolet,blazer 2lt sport,good,6 cylinders,gas,11901.0,clean,other,,,other,silver,mn
8900,2004.0,chevrolet,silverado 1500,good,8 cylinders,gas,209000.0,clean,automatic,4wd,,,brown,tn
6500,2006.0,bmw,x3,good,6 cylinders,gas,220000.0,clean,other,4wd,,,,nc
18995,2013.0,infiniti,qx56,,,gas,138949.0,clean,automatic,4wd,,SUV,black,ok
10995,2014.0,subaru,impreza,,4 cylinders,gas,54136.0,clean,automatic,,,sedan,green,pa
7395,2009.0,mazda,mazda5,,,gas,97718.0,clean,automatic,,,wagon,silver,ca
29990,2001.0,ram,2500 laramie 4x4 / 5.9,,,diesel,116800.0,clean,automatic,,,other,black,or
10995,2016.0,dodge,dart,,4 cylinders,gas,71033.0,clean,automatic,fwd,,sedan,blue,or
21990,2019.0,honda,insight ex sedan 4d,good,,hybrid,27889.0,clean,other,fwd,,sedan,white,co
9000,2005.0,ford,f-150,excellent,8 cylinders,gas,149874.0,clean,automatic,rwd,full-size,truck,white,ca
5295,2009.0,kia,optima lx,,4 cylinders,gas,0.0,clean,automatic,fwd,,sedan,grey,il
14995,2013.0,bmw,x3 xdrive28i,,4 cylinders,gas,74175.0,clean,automatic,4wd,,,silver,id
26999,2013.0,jeep,wrangler,,6 cylinders,gas,93221.0,clean,automatic,4wd,,convertible,,wa
23998,2018.0,ford,fusion,,4 cylinders,gas,44375.0,clean,automatic,4wd,,sedan,,mt
40990,2018.0,mercedes-benz,gls 450 4matic,good,6 cylinders,gas,54431.0,clean,automatic,,,SUV,silver,il
7900,2009.0,audi,a3,,4 cylinders,gas,118451.0,clean,automatic,4wd,,,,co
20795,2018.0,acura,rdx,,,gas,46479.0,clean,automatic,fwd,,SUV,silver,oh
6900,2011.0,ford,f150,good,8 cylinders,gas,214000.0,clean,automatic,4wd,,,black,mi
38997,2018.0,toyota,"4runner 1-arizona owner*0-rust*new bilstein toytec lift*new 33""yokohama m/t*new black rhino wheels* 3rd seat*nav*black out pkg*0-accidents",,6 cylinders,gas,95164.0,clean,automatic,4wd,,SUV,white,wa
5988,2012.0,ford,escape - new tires - great mpg for suv -,excellent,4 cylinders,gas,,clean,automatic,fwd,,SUV,black,ca
21500,1997.0,ford,f-350 xlt,,,diesel,110000.0,clean,automatic,4wd,,,,nv
35590,2019.0,ram,1500 crew cab big horn,good,6 cylinders,gas,68032.0,clean,other,4wd,,pickup,,ky
22590,2020.0,buick,encore gx select sport,good,,gas,3722.0,clean,other,fwd,,SUV,black,mn
9990,2012.0,nissan,rogue,excellent,4 cylinders,gas,130700.0,clean,automatic,4wd,compact,wagon,white,wi
10990,2016.0,hyundai,elantra se,excellent,4 cylinders,gas,80436.0,clean,automatic,,,sedan,,ca
53590,2020.0,cadillac,xt6 sport suv 4d,good,6 cylinders,gas,9170.0,clean,other,,,other,black,nm
6285,2008.0,lincoln,mkz,excellent,6 cylinders,gas,133921.0,clean,automatic,fwd,full-size,sedan,black,fl
12495,2013.0,toyota,rav4 le,,4 cylinders,gas,132373.0,clean,automatic,4wd,,SUV,grey,nj
76128,2020.0,bmw,m4,,,gas,4013.0,clean,automatic,rwd,,convertible,,il
1000,2013.0,bmw,,,,gas,1.0,clean,automatic,,,SUV,,fl
52500,2018.0,rover,velar,excellent,4 cylinders,diesel,34000.0,clean,automatic,4wd,,SUV,white,wa
19995,1993.0,chevrolet,camaro z28,like new,8 cylinders,gas,5448.0,clean,automatic,rwd,,,red,il
38900,2017.0,gmc,acadia,,,gas,23429.0,clean,automatic,,,SUV,red,id
34990,2020.0,cadillac,xt4 sport suv 4d,good,,diesel,4174.0,clean,other,,,hatchback,white,va
28988,2019.0,honda,cr-v,,4 cylinders,gas,12879.0,clean,automatic,4wd,,SUV,,or
4495,2003.0,audi,all road,,,gas,184700.0,clean,automatic,,,,,oh
36988,2015.0,cadillac,escalade,,,gas,74619.0,clean,automatic,,,,,ia
4500,2002.0,mercedes-benz,c-class,good,6 cylinders,gas,185000.0,clean,automatic,,,,silver,ca
6800,2010.0,mazda,cx-9,good,4 cylinders,gas,155000.0,clean,automatic,4wd,full-size,wagon,black,pa
9500,2013.0,chevrolet,malibu ls sedan 4d,excellent,4 cylinders,gas,88773.0,,other,,,sedan,,ca
13995,2017.0,ford,escape,excellent,,gas,73304.0,clean,automatic,fwd,,SUV,white,ca
5950,2006.0,honda,accord ex,excellent,6 cylinders,gas,170596.0,clean,automatic,fwd,mid-size,sedan,grey,ks
39590,2017.0,chevrolet,camaro ss coupe 2d,good,8 cylinders,gas,10496.0,clean,other,rwd,,coupe,white,sc
16994,2017.0,subaru,forester,,4 cylinders,gas,90557.0,clean,automatic,4wd,mid-size,wagon,custom,id
20590,2013.0,infiniti,fx fx37 sport utility,good,,other,88500.0,clean,other,,,other,white,co
4000,2005.0,chevrolet,trailblazer,good,6 cylinders,gas,140000.0,clean,automatic,4wd,full-size,SUV,black,wi
21552,2019.0,ford,fusion,excellent,,gas,32746.0,clean,automatic,4wd,,sedan,white,or
5500,1994.0,ford,f-150,good,6 cylinders,gas,147000.0,clean,manual,rwd,full-size,truck,red,nv
52626,2018.0,gmc,sierra 1500 denali,good,8 cylinders,gas,36122.0,clean,automatic,,,pickup,red,nc
11500,1994.0,ford,mustang gt,,,gas,61489.0,clean,manual,,,,black,oh
23000,2018.0,chevrolet,equinox,,4 cylinders,gas,26896.0,clean,automatic,4wd,,SUV,red,mn
111111,2009.0,volkswagen,gti,,,gas,111111.0,salvage,manual,,,,,ca
32990,2017.0,jeep,wrangler unlimited sport,good,6 cylinders,gas,30041.0,clean,other,4wd,,other,silver,fl
3500,2006.0,hyundai,tucson,excellent,6 cylinders,gas,131000.0,clean,automatic,,,,red,fl
45995,2017.0,cadillac,escalade platinum esv,excellent,8 cylinders,gas,43000.0,rebuilt,automatic,4wd,full-size,SUV,white,tx
15988,2015.0,nissan,pathfinder,,6 cylinders,gas,129846.0,clean,automatic,fwd,,SUV,black,tx
1200,2004.0,buick,rendezvous,,6 cylinders,gas,154235.0,clean,automatic,,,,,ga
43888,2018.0,mercedes-benz,c-class,,,gas,11625.0,clean,automatic,,compact,coupe,silver,hi
1800,1997.0,dodge,dakota,good,6 cylinders,gas,150000.0,clean,manual,4wd,,,,mt
15999,2013.0,bmw,x1 xdrive35i,,,gas,42881.0,,automatic,4wd,,SUV,white,wa
27995,2012.0,ford,f250 super duty,,,gas,26896.0,clean,automatic,,,,white,al
26990,2016.0,bmw,4 series 428i xdrive gran,good,,other,19021.0,clean,automatic,,,coupe,white,pa
770,2019.0,ford,f-150 limited ecoboost,excellent,6 cylinders,gas,50846.0,,automatic,4wd,,truck,,wa
4000,2003.0,bmw,325i,excellent,6 cylinders,gas,183069.0,clean,automatic,rwd,,sedan,blue,wa
9395,2008.0,jeep,liberty,,,other,124892.0,clean,automatic,4wd,,SUV,,co
25888,2018.0,chrysler,300s,,,gas,35433.0,clean,automatic,,,,,az
28995,2015.0,mercedes-benz,gl-class,excellent,8 cylinders,gas,118492.0,clean,automatic,4wd,,SUV,white,oh
42900,2013.0,ford,super duty f-250 srw,excellent,8 cylinders,diesel,145000.0,clean,automatic,4wd,full-size,truck,black,nc
27990,2020.0,infiniti,qx60 pure sport utility,good,6 cylinders,gas,31050.0,clean,other,fwd,,SUV,brown,va
5400,2006.0,mercedes-benz,benz s430,excellent,8 cylinders,gas,118000.0,clean,automatic,4wd,,,green,ct
21949,2018.0,jeep,compass,,4 cylinders,gas,29685.0,clean,automatic,fwd,compact,SUV,white,tx
500,2013.0,nissan,altima,,,gas,130000.0,salvage,automatic,,,,,ca
28928,2017.0,ford,expedition,,6 cylinders,gas,45185.0,clean,automatic,rwd,full-size,SUV,custom,tx
30998,2014.0,toyota,4runner limited,,,gas,51197.0,clean,automatic,,,,,tx
13950,2011.0,ford,f-250 super duty,,,diesel,277000.0,clean,automatic,4wd,,truck,,nj
24990,2012.0,chevrolet,silverado 1500 regular,good,8 cylinders,gas,26460.0,clean,other,,,pickup,red,ma
10000,1971.0,volvo,,,,gas,99999.0,clean,manual,,,,,in
31990,2017.0,lexus,rx 350 sport utility 4d,good,6 cylinders,other,30924.0,clean,other,fwd,,SUV,,md
19660,2020.0,chevrolet,equinox,good,,gas,31736.0,clean,automatic,,,,,il
43999,2015.0,ford,f-350 sd lariat crew cab long bed 4wd,,,diesel,135395.0,,automatic,4wd,,pickup,,wa
36590,2017.0,chevrolet,camaro ss coupe 2d,good,8 cylinders,gas,14020.0,clean,other,rwd,,coupe,blue,tx
11695,2017.0,volkswagen,jetta 1.4t s,good,4 cylinders,gas,50709.0,clean,automatic,fwd,,sedan,white,nj
3799,2014.0,nissan,versa sl,good,,gas,84704.0,clean,manual,fwd,,,white,id
109995,2004.0,,ROLLS ROYCE PHANTOM,,,gas,26000.0,clean,automatic,,,sedan,black,me
5500,2010.0,jeep,patriot,like new,4 cylinders,gas,136000.0,clean,automatic,4wd,mid-size,SUV,white,ia
29999,2014.0,,MASERATI GHIBLI,,,gas,49122.0,clean,automatic,,,sedan,black,nv
35590,2018.0,ram,1500 crew cab big horn,good,6 cylinders,gas,30168.0,clean,other,4wd,,pickup,white,oh
8995,2012.0,ford,fusion,,,gas,82424.0,clean,automatic,,,,,ia
38991,2016.0,cadillac,escalade,,,gas,82602.0,clean,automatic,fwd,,SUV,white,tx
7900,1966.0,volkswagen,beetle,good,,gas,48000.0,clean,manual,,compact,coupe,red,id
1600,1999.0,toyota,camry le,,6 cylinders,gas,130302.0,clean,automatic,fwd,,,,co
18500,2012.0,gmc,yukon,excellent,8 cylinders,gas,94002.0,clean,automatic,rwd,,SUV,,ca
28590,2017.0,ram,1500 quad cab express pickup,good,,other,41816.0,clean,other,4wd,,pickup,,ct
7595,2015.0,nissan,versa,good,,gas,65128.0,clean,automatic,fwd,,sedan,grey,il
24990,2014.0,chevrolet,silverado 1500,good,8 cylinders,gas,83382.0,clean,automatic,4wd,full-size,truck,grey,ny
5995,2013.0,nissan,sentra,excellent,4 cylinders,gas,147704.0,clean,manual,fwd,compact,sedan,white,ct
4500,2014.0,nissan,versa,excellent,4 cylinders,gas,88502.0,clean,manual,fwd,sub-compact,sedan,white,fl
10000,2007.0,lexus,gs 350,good,6 cylinders,gas,160000.0,clean,automatic,rwd,mid-size,sedan,silver,ca
2900,2007.0,gmc,yukon,,,gas,171000.0,clean,automatic,,,,,mi
12995,2014.0,subaru,legacy 2.5i limited,excellent,4 cylinders,gas,113589.0,clean,automatic,4wd,,sedan,,ca
2500,2008.0,bmw,550i,like new,8 cylinders,gas,107000.0,clean,automatic,rwd,mid-size,sedan,black,oh
29995,1980.0,toyota,pickup,,,other,1.0,clean,other,,,truck,,nv
7500,1996.0,chevrolet,caprice,excellent,8 cylinders,gas,113000.0,clean,automatic,rwd,mid-size,sedan,red,ca
36590,2019.0,chevrolet,silverado 1500 crew,good,8 cylinders,gas,7619.0,clean,other,,,pickup,white,ca
15500,2019.0,toyota,corolla,,,other,46235.0,clean,automatic,fwd,,sedan,,oh
23495,2016.0,honda,cr-v,,4 cylinders,gas,34861.0,clean,automatic,,,SUV,black,or
25590,2015.0,gmc,sierra 1500 regular cab,good,6 cylinders,other,35290.0,clean,other,,,pickup,white,fl
2000,2009.0,lincoln,mkz,excellent,6 cylinders,gas,88880.0,clean,automatic,fwd,,,grey,ok
21590,2013.0,infiniti,jx jx35 sport utility,good,6 cylinders,gas,54372.0,clean,other,,,SUV,white,oh
9500,2012.0,hyundai,veracruz limited,like new,6 cylinders,gas,114258.0,clean,automatic,4wd,compact,sedan,white,ca
31995,2011.0,gmc,sierra,,,diesel,176566.0,clean,automatic,4wd,,pickup,black,fl
39999,2018.0,jeep,wrangler unlimited sport,,,gas,28228.0,clean,automatic,4wd,,SUV,black,wa
21950,2019.0,jeep,cherokee,excellent,4 cylinders,gas,43289.0,clean,automatic,fwd,,SUV,silver,ca
5999,2011.0,hyundai,elantra,good,4 cylinders,gas,120278.0,clean,automatic,rwd,,sedan,silver,nc
2490,2008.0,toyota,yaris,excellent,4 cylinders,gas,173000.0,clean,automatic,fwd,,coupe,,ma
21590,2017.0,chevrolet,camaro lt coupe 2d,good,,other,50704.0,clean,other,rwd,,coupe,red,ny
26495,1972.0,dodge,dart,,8 cylinders,other,1586.0,clean,manual,rwd,,,blue,oh
48590,2018.0,bmw,x6 xdrive35i sport utility,good,,other,23725.0,clean,manual,,,SUV,white,tn
5200,2005.0,honda,accord,excellent,4 cylinders,gas,123000.0,clean,automatic,,,,grey,dc
35990,2018.0,toyota,4runner sr5 sport utility,good,6 cylinders,gas,29245.0,clean,other,,,other,silver,in
33995,2019.0,toyota,tacoma access cab,,4 cylinders,gas,13616.0,clean,automatic,4wd,,pickup,white,id
3995,2004.0,infiniti,g35 awd,excellent,6 cylinders,gas,142666.0,clean,automatic,4wd,full-size,sedan,silver,va
20900,2012.0,ford,f-150,,6 cylinders,gas,111572.0,clean,automatic,4wd,,truck,,mn
6995,2008.0,ford,explorer,,,gas,170900.0,clean,automatic,,,,,mn
4500,1968.0,pontiac,tempest,,,gas,20000.0,clean,automatic,,,,,ar
11995,2003.0,ford,f-150,excellent,8 cylinders,gas,83478.0,clean,automatic,4wd,,truck,silver,wi
1500,1997.0,lincoln,towncar,good,8 cylinders,gas,160000.0,clean,automatic,,,,blue,az
22590,2018.0,subaru,impreza 2.0i sport wagon,good,,gas,17472.0,clean,other,,,wagon,red,ok
13590,2009.0,mercedes-benz,c-class c 300,good,,other,77034.0,clean,other,,,sedan,,ct
8997,2010.0,pontiac,vibe 1.8l 1-owner* only 87k miles* no accidents* no damages* all service records since new* fresh trade in*2-keys* newer good year all season tires*60k service done,,4 cylinders,gas,87573.0,clean,automatic,fwd,,wagon,orange,id
27499,2019.0,lexus,ux,,,gas,16576.0,clean,,fwd,,wagon,orange,nj
28490,2008.0,mitsubishi,fuso fe145,good,4 cylinders,diesel,70643.0,clean,automatic,rwd,full-size,truck,green,ut
27990,2016.0,jeep,wrangler unlimited willys,good,,other,58916.0,clean,other,4wd,,SUV,silver,al
24888,2014.0,toyota,4runner,,6 cylinders,gas,92918.0,clean,automatic,,,SUV,red,nm
27990,2018.0,acura,rdx technology pkg sport,good,6 cylinders,gas,30791.0,clean,other,,,other,,ca
12285,2015.0,chevrolet,cruze,good,4 cylinders,gas,65706.0,clean,automatic,fwd,,sedan,silver,wi
14988,2017.0,nissan,sentra,,,gas,18384.0,clean,automatic,,,,,ia
1,2015.0,hyundai,santa fe,,,gas,100000.0,clean,automatic,,,,,fl
22995,2014.0,ram,1500 st 4x4,,8 cylinders,gas,118351.0,clean,automatic,4wd,,pickup,white,id
21583,2016.0,ford,f250,excellent,8 cylinders,gas,120312.0,clean,automatic,rwd,,,yellow,tn
22000,1973.0,porsche,914,excellent,4 cylinders,gas,79002.0,clean,manual,rwd,compact,coupe,green,ca
1700,2007.0,kia,rondo,,,gas,147000.0,salvage,automatic,,,,,ca
24990,2016.0,buick,cascada premium,good,,gas,15869.0,clean,other,fwd,,other,silver,dc
13777,2010.0,dodge,challenger,like new,6 cylinders,gas,110000.0,clean,automatic,,,coupe,white,ca
3500,1960.0,lincoln,continental mark v,fair,8 cylinders,gas,67000.0,clean,automatic,rwd,full-size,sedan,black,nc
3500,1976.0,cadillac,,,,gas,82000.0,clean,automatic,,,,,ca
201,2010.0,chevrolet,silverado 1500 lt,,8 cylinders,gas,181273.0,clean,automatic,4wd,,,,mn
17133,2014.0,ford,explorer,excellent,6 cylinders,gas,117532.0,clean,automatic,fwd,,SUV,grey,tn
17411,2018.0,ford,escape,,,gas,42830.0,clean,automatic,fwd,,,,ks
38732,2016.0,gmc,sierra 1500,,,gas,75793.0,clean,automatic,4wd,,pickup,,il
17495,2019.0,toyota,corolla,excellent,,gas,18838.0,clean,automatic,fwd,,,white,ca
27990,2017.0,chevrolet,colorado extended cab,good,,gas,22120.0,clean,other,,,pickup,,ca
21800,2018.0,jeep,compass,,,gas,7334.0,clean,automatic,4wd,,,black,pa
27995,2017.0,bmw,x1,excellent,4 cylinders,gas,31002.0,clean,automatic,4wd,mid-size,SUV,grey,ak
6000,2004.0,audi,s4,good,8 cylinders,gas,140000.0,clean,automatic,4wd,mid-size,sedan,silver,ma
10950,2005.0,ford,mustang g. t. conv.,excellent,8 cylinders,gas,262114.0,clean,manual,rwd,mid-size,convertible,black,fl
14900,2009.0,ford,f-150 fx4,good,8 cylinders,gas,180508.0,clean,automatic,4wd,,offroad,black,mi
5800,2009.0,mazda,cx-9,excellent,6 cylinders,gas,195000.0,clean,automatic,rwd,full-size,SUV,white,hi
9599,2012.0,toyota,corolla,,4 cylinders,gas,53343.0,clean,automatic,fwd,,sedan,,md
52880,2021.0,gmc,sierra 1500,,,diesel,9713.0,clean,automatic,4wd,,pickup,,ks
20590,2016.0,cadillac,ats 2.0l turbo standard,good,,gas,40953.0,clean,other,rwd,,coupe,red,ca
10000,2011.0,,Fatboy lo,excellent,,gas,16000.0,clean,manual,,,,,md
16900,2012.0,chevrolet,silverado,,8 cylinders,gas,176001.0,clean,automatic,4wd,full-size,pickup,black,ky
65500,2018.0,ford,f-250 king ranch,like new,8 cylinders,diesel,53335.0,clean,automatic,4wd,full-size,pickup,white,fl
16995,2014.0,mercedes-benz,c-class,,6 cylinders,gas,31059.0,,automatic,,,sedan,black,ia
9900,2006.0,,Isuzu npr,good,4 cylinders,diesel,107000.0,clean,automatic,rwd,,,white,mi
30823,2018.0,honda,cr-v,,4 cylinders,gas,25383.0,clean,automatic,4wd,mid-size,SUV,grey,ca
15999,2018.0,subaru,legacy,,4 cylinders,gas,80317.0,clean,automatic,,,sedan,white,ks
7995,2009.0,toyota,camry hybrid,,4 cylinders,gas,142013.0,clean,automatic,fwd,,sedan,black,or
30590,2020.0,ford,ranger supercab xl pickup,good,,gas,10740.0,clean,other,,,pickup,,la
18990,2017.0,volkswagen,tiguan limited 2.0t,good,,other,26471.0,clean,other,,,other,,dc
369,2019.0,nissan,rogue,,4 cylinders,gas,8478.0,clean,automatic,4wd,,SUV,,or
17900,2006.0,ford,f350,,,diesel,101000.0,clean,automatic,,,,,oh
29900,2020.0,chevrolet,express 2500 cargo van,like new,8 cylinders,gas,16967.0,clean,automatic,rwd,,van,white,il
550,2021.0,,By Rackit,new,,gas,71.0,clean,automatic,rwd,mid-size,,,ca
36990,2019.0,chevrolet,silverado 1500 ld,good,8 cylinders,gas,14508.0,clean,other,4wd,,pickup,red,mi
32997,2018.0,lexus,es,excellent,6 cylinders,gas,21300.0,clean,automatic,fwd,,sedan,,tn
13995,2007.0,chevrolet,w4500 14' stakebed,,8 cylinders,gas,131672.0,clean,automatic,rwd,,van,white,ca
7400,2010.0,chevrolet,malibu,like new,4 cylinders,gas,78000.0,clean,automatic,fwd,mid-size,coupe,white,wi
14885,2015.0,bmw,320i,,,gas,60752.0,clean,automatic,,compact,sedan,black,tn
54865,2020.0,lexus,gx 460,like new,8 cylinders,gas,7935.0,clean,automatic,4wd,,SUV,silver,ca
5999,2012.0,ford,fusion sel,good,4 cylinders,gas,186607.0,clean,automatic,fwd,mid-size,sedan,grey,ok
27000,2003.0,harley-davidson,davidson,good,8 cylinders,gas,41000.0,clean,automatic,,,truck,black,hi
8650,2005.0,gmc,sierra 1500 slt 4x4,good,8 cylinders,gas,210000.0,clean,automatic,4wd,full-size,pickup,green,mn
32995,2017.0,ford,f-150,excellent,6 cylinders,gas,36359.0,clean,automatic,4wd,,,blue,co
1300,2011.0,hyundai,veracruz,good,6 cylinders,gas,180415.0,clean,automatic,4wd,mid-size,SUV,silver,nc
6300,2003.0,cadillac,escalade,excellent,8 cylinders,gas,201000.0,clean,automatic,rwd,,,,fl
20590,2018.0,mini,hardtop 2 door cooper s,good,,gas,31058.0,clean,other,fwd,,hatchback,,pa
14995,2014.0,bmw,528xi,excellent,8 cylinders,gas,84344.0,clean,automatic,fwd,full-size,sedan,blue,me
19995,2011.0,gmc,sierra 2500hd,,8 cylinders,gas,135198.0,clean,automatic,rwd,,truck,white,pa
38590,2019.0,toyota,tacoma double cab trd,good,,other,12992.0,clean,other,4wd,,pickup,black,ny
27338,2018.0,nissan,rogue,,4 cylinders,gas,33470.0,clean,automatic,4wd,,SUV,white,wa
14900,2007.0,ford,f-250 super duty,excellent,,diesel,161413.0,clean,automatic,rwd,,,white,az
4495,2010.0,lincoln,mkz,excellent,6 cylinders,gas,154460.0,clean,automatic,fwd,full-size,sedan,white,fl
17990,2019.0,chevrolet,trax lt sport utility,good,,other,19938.0,clean,other,,,hatchback,white,in
12,1984.0,volkswagen,dunebuggy,,,gas,500.0,clean,manual,,,,,co
31999,2014.0,chevrolet,silverado 1500,excellent,8 cylinders,gas,95161.0,clean,automatic,4wd,full-size,pickup,red,ca
9995,2015.0,buick,encore leather sport,like new,4 cylinders,gas,98859.0,clean,automatic,fwd,compact,SUV,black,mi
16999,2013.0,bmw,x3 xdrive35i,good,6 cylinders,gas,75002.0,clean,automatic,,,SUV,,wa
35990,2015.0,ford,mustang gt premium coupe 2d,good,8 cylinders,gas,4899.0,clean,other,rwd,,coupe,red,wi
6995,2007.0,dodge,charger,good,6 cylinders,gas,77000.0,clean,automatic,rwd,full-size,sedan,black,ny
21900,2014.0,audi,q7 quattro tdi premium plus,like new,6 cylinders,diesel,109127.0,clean,automatic,4wd,,SUV,grey,ky
8990,2005.0,toyota,rav4,,4 cylinders,gas,176597.0,clean,manual,4wd,,SUV,silver,ca
5980,2009.0,buick,enclave,,6 cylinders,gas,160419.0,,manual,rwd,,SUV,silver,al
13850,2018.0,kia,soul,excellent,4 cylinders,gas,20000.0,clean,automatic,fwd,sub-compact,hatchback,white,ia
25610,2004.0,porsche,911,,6 cylinders,gas,96360.0,clean,automatic,4wd,,coupe,grey,fl
500,2021.0,,SPECIAL FINANCE PROGRAM 2020,fair,other,other,1400.0,clean,other,,full-size,bus,green,al
6995,2008.0,saturn,outlook xr,like new,6 cylinders,gas,167304.0,clean,automatic,fwd,full-size,SUV,red,sc
19990,2015.0,,Scion tC Hatchback Coupe 2D,good,,gas,17340.0,clean,other,fwd,,coupe,,ca
3500,2001.0,jaguar,s-type,good,,gas,123000.0,clean,automatic,,,sedan,,wi
48900,2018.0,chevrolet,silverado 2500 hd ltz,like new,8 cylinders,diesel,43034.0,rebuilt,automatic,4wd,full-size,truck,black,tn
25988,2011.0,jeep,wrangler unlimited,,,gas,79768.0,clean,automatic,,,,,ia
6000,2006.0,dodge,charger,good,6 cylinders,gas,105000.0,clean,automatic,,full-size,sedan,red,pa
14999,2015.0,ford,escape,,4 cylinders,gas,66436.0,clean,automatic,fwd,,SUV,white,ca
13200,2014.0,ford,focus st2,good,4 cylinders,gas,49000.0,rebuilt,manual,fwd,mid-size,hatchback,blue,il
23995,2016.0,dodge,charger,good,,gas,73903.0,clean,automatic,rwd,,sedan,grey,oh
5800,2013.0,hyundai,elantra,,,gas,75800.0,rebuilt,automatic,,,,,fl
57995,2017.0,ford,f-250 4x4,,8 cylinders,diesel,96123.0,clean,automatic,4wd,,truck,white,fl
5950,2008.0,,2G4WC582081374351,excellent,6 cylinders,gas,80790.0,clean,automatic,fwd,,sedan,,or
14694,2018.0,chevrolet,equinox lt 1lt,excellent,4 cylinders,gas,92221.0,,automatic,,,SUV,,mi
10500,2010.0,gmc,acadia,,,gas,100500.0,clean,automatic,,,SUV,white,ky
8995,2006.0,jeep,liberty,excellent,6 cylinders,gas,95413.0,clean,automatic,4wd,full-size,SUV,green,nc
5995,2006.0,chevrolet,silverado 1500,,,gas,185100.0,clean,automatic,,,,,mi
7600,2004.0,chevrolet,silverado,excellent,6 cylinders,gas,126000.0,clean,automatic,fwd,full-size,truck,white,tn
26800,2013.0,chevrolet,suburban lt 2500,excellent,8 cylinders,gas,105703.0,clean,automatic,4wd,full-size,SUV,black,ny
24990,2017.0,fiat,124 spider classica,good,,gas,30075.0,clean,other,rwd,,other,black,tn
17999,2010.0,jeep,wrangler unlimited sahara 4wd,,,,129558.0,,automatic,4wd,,SUV,,wa
1234,2000.0,jeep,wrangler,,,gas,100.0,clean,other,,,,,nc
14995,2011.0,cadillac,escalade,,,other,141203.0,clean,automatic,fwd,,SUV,,fl
26590,2018.0,subaru,forester 2.0xt premium,good,,gas,27797.0,clean,other,,,hatchback,blue,nc
219,2019.0,honda,fit lx cvt,,4 cylinders,gas,26546.0,clean,automatic,fwd,,sedan,,ca
388,2002.0,mercury,sable,,,gas,150000.0,clean,automatic,,,,,ct
7000,1996.0,jeep,cherokee,,,gas,200000.0,clean,automatic,,,,,il
51500,2021.0,toyota,4runner trd off road,good,6 cylinders,gas,12784.0,clean,other,,,other,white,id
3000,2015.0,jeep,grand cherokee,like new,6 cylinders,gas,100256.0,clean,automatic,rwd,mid-size,other,white,tx
24990,2013.0,bmw,1 series 135i convertible 2d,good,,gas,27287.0,clean,other,rwd,,other,black,tx
7900,2009.0,nissan,altima hybrid,excellent,4 cylinders,hybrid,89670.0,clean,automatic,fwd,full-size,sedan,black,ca
25990,2014.0,chevrolet,silverado 1500 regular,good,8 cylinders,other,82140.0,clean,automatic,4wd,,pickup,black,oh
6995,2008.0,volkswagen,gti,good,4 cylinders,gas,101950.0,clean,automatic,fwd,,hatchback,silver,or
38990,2020.0,audi,q5 45 tfsi premium plus,good,,gas,19067.0,clean,other,,,SUV,white,ny
3995,2008.0,honda,element,excellent,4 cylinders,gas,181000.0,clean,automatic,4wd,compact,SUV,grey,ma
34900,2017.0,,ISUZU NRP,excellent,,diesel,196980.0,clean,automatic,,,,,ca
18981,2010.0,lexus,rx 350,,6 cylinders,gas,56935.0,clean,automatic,fwd,,SUV,grey,hi
4500,2005.0,bmw,325i,excellent,6 cylinders,gas,170000.0,clean,automatic,rwd,mid-size,sedan,silver,ca
15995,2014.0,audi,allroad,excellent,4 cylinders,gas,93233.0,clean,automatic,4wd,full-size,wagon,black,ct
23980,2020.0,chevrolet,equinox,,,other,49191.0,clean,automatic,fwd,,,white,ks
6900,2014.0,chevrolet,spark,excellent,,gas,80494.0,clean,manual,,,hatchback,silver,nj
6999,2004.0,jeep,liberty,,,gas,179000.0,clean,manual,,,,,nj
16450,2007.0,bmw,z4,excellent,,gas,39960.0,clean,automatic,rwd,,convertible,,fl
9995,2010.0,honda,cr-v lx 4wd 5-speed at,,,gas,123226.0,,automatic,4wd,,,black,nc
8995,2015.0,ford,fusion,,,gas,122832.0,clean,automatic,fwd,,sedan,white,ca
79999,2019.0,ford,f450 powerstroke lariat,,,diesel,41759.0,clean,automatic,4wd,,truck,white,wa
8995,2016.0,chevrolet,cruze,good,4 cylinders,gas,86449.0,clean,automatic,fwd,,sedan,silver,ar
7900,2012.0,buick,lacrosse premium,,,gas,187000.0,clean,automatic,,,,,mi
92990,2020.0,rover,,,,other,6635.0,,automatic,4wd,full-size,SUV,,ia
38128,2017.0,dodge,durango citadel 5.7 hemi,excellent,8 cylinders,gas,30694.0,clean,automatic,4wd,full-size,SUV,white,mt
19990,2013.0,ram,1500 crew cab,good,8 cylinders,gas,125000.0,clean,automatic,4wd,full-size,truck,black,ma
28995,2020.0,ram,promaster cargo van,,6 cylinders,gas,51247.0,clean,automatic,fwd,,van,white,tn
18500,2017.0,nissan,nv200,,4 cylinders,gas,42111.0,clean,automatic,fwd,,other,custom,ca
16995,2009.0,ford,f-250,,,gas,76627.0,clean,automatic,4wd,,pickup,white,pa
24990,2019.0,subaru,crosstrek 2.0i premium,good,,gas,12495.0,clean,other,,,hatchback,white,al
8995,2009.0,toyota,highlander limited,,6 cylinders,gas,229027.0,clean,automatic,4wd,,SUV,white,il
79000,2020.0,jeep,wrangler unlimited,like new,6 cylinders,gas,8000.0,clean,manual,4wd,mid-size,other,grey,nj
40998,2018.0,ford,f-150,,,gas,42391.0,clean,automatic,4wd,,truck,,id
1595,2017.0,hyundai,accent se,,,gas,64000.0,clean,automatic,,,,,tx
3000,2002.0,,mercedez benz c230,good,4 cylinders,gas,212000.0,clean,manual,fwd,mid-size,coupe,silver,ca
93,2015.0,nissan,rogue select awd,like new,4 cylinders,gas,115584.0,clean,automatic,4wd,mid-size,SUV,blue,ga
14988,2017.0,nissan,sentra,,,gas,18384.0,clean,automatic,,,,,ia
4300,2004.0,volvo,xc90,,,gas,125000.0,clean,automatic,,,,,ny
5997,2004.0,toyota,corolla le,excellent,4 cylinders,gas,139000.0,clean,automatic,,,sedan,,ca
15990,2017.0,ford,c-max hybrid se wagon 4d,good,,hybrid,48195.0,clean,other,fwd,,wagon,blue,ks
23590,2017.0,bmw,3 series 330i xdrive sedan,good,,gas,35144.0,clean,automatic,,,sedan,white,ny
6495,2007.0,lincoln,town car signature ltd,,,gas,134303.0,clean,automatic,,,,,nc
10995,2011.0,lexus,es350,excellent,6 cylinders,gas,114000.0,clean,automatic,fwd,mid-size,sedan,grey,ri
36990,2018.0,bmw,x5 xdrive35i sport utility,good,,gas,36942.0,clean,other,,,other,black,tx
2500,2003.0,,chevolet impala,good,6 cylinders,gas,206040.0,clean,automatic,fwd,full-size,sedan,brown,mi
30990,2017.0,toyota,tundra double cab sr,good,8 cylinders,gas,41124.0,clean,other,,,pickup,red,pa
5250,2007.0,mercedes-benz,c-class,excellent,6 cylinders,gas,141000.0,clean,automatic,,,,,dc
8500,2010.0,toyota,highlander,excellent,6 cylinders,gas,207246.0,clean,automatic,4wd,mid-size,SUV,white,ia
39995,2012.0,ford,f-550,,,gas,50740.0,clean,,4wd,,other,red,ak
82999,2021.0,gmc,sierra diesels durmax 2500,,,diesel,48.0,clean,automatic,4wd,,truck,blue,wa
14800,2010.0,lexus,rx 350,excellent,6 cylinders,gas,117731.0,clean,automatic,4wd,full-size,SUV,silver,ny
21590,2019.0,volkswagen,e-golf se hatchback,good,,gas,6017.0,clean,other,fwd,,sedan,black,ca
7995,2013.0,kia,rio,good,4 cylinders,gas,63583.0,clean,automatic,fwd,,sedan,black,wi
33900,2014.0,honda,odyssey,like new,6 cylinders,gas,53800.0,clean,automatic,fwd,full-size,van,white,sc
21995,2018.0,bmw,x1 sdrive28i,,4 cylinders,gas,44272.0,clean,automatic,fwd,,SUV,black,az
16000,2011.0,mercedes-benz,m-class,,,gas,53692.0,clean,automatic,,,SUV,white,hi
35990,2016.0,toyota,4runner limited sport,good,,other,30362.0,clean,other,,,SUV,silver,fl
8995,2008.0,gmc,yukon,,,gas,202503.0,clean,automatic,,,,,mi
1950,2000.0,ford,f150 super cab 4x4,fair,8 cylinders,gas,200.0,clean,automatic,4wd,,,,wa
10497,2010.0,ford,edge,,6 cylinders,gas,99876.0,clean,automatic,4wd,,SUV,silver,fl
6998,2008.0,ford,escape,,,gas,148609.0,clean,,4wd,,SUV,silver,sc
22999,2014.0,toyota,tacoma,,6 cylinders,gas,82806.0,,automatic,rwd,,pickup,grey,tn
49746,2017.0,ford,f-150,like new,6 cylinders,gas,62747.0,clean,automatic,4wd,,truck,,or
6995,1998.0,toyota,rav4 4dr auto 4wd,good,,other,135047.0,clean,automatic,4wd,,hatchback,silver,ia
35990,2020.0,ford,ranger supercab xlt pickup,good,,gas,3928.0,clean,other,4wd,,pickup,blue,wi
65192,2020.0,ford,expedition,,6 cylinders,gas,8692.0,clean,automatic,4wd,,SUV,,mi
30990,2018.0,ford,taurus sho sedan 4d,good,6 cylinders,other,37724.0,clean,other,,,sedan,black,tx
7495,2010.0,,Scion xB,,4 cylinders,gas,136821.0,clean,automatic,fwd,,wagon,silver,or
24590,2014.0,lexus,is 350 sedan 4d,good,6 cylinders,gas,60987.0,clean,other,rwd,,sedan,black,az
4995,2004.0,volkswagen,new beetle gls,excellent,4 cylinders,diesel,139000.0,clean,manual,fwd,compact,hatchback,blue,or
34999,2016.0,nissan,370z,excellent,6 cylinders,gas,19141.0,clean,other,rwd,mid-size,coupe,black,fl
14500,1999.0,mercedes-benz,sl500,good,8 cylinders,gas,54850.0,clean,automatic,rwd,,,custom,sc
35990,2019.0,mercedes-benz,glc 300 sport,good,,gas,6103.0,clean,other,rwd,,other,silver,az
9000,2011.0,buick,enclave,good,6 cylinders,gas,147775.0,clean,automatic,,full-size,SUV,black,fl
34990,2017.0,toyota,tacoma double cab trd,good,,other,3464.0,clean,other,,,pickup,,ca
1988,2003.0,jeep,grand cherokee,,,gas,228263.0,clean,automatic,4wd,,SUV,blue,ma
21900,2012.0,cadillac,escalade ext,,,gas,135400.0,clean,automatic,,,,,mn
29963,2014.0,chevrolet,silverado 1500 lt,excellent,8 cylinders,gas,104759.0,,automatic,4wd,,truck,,co
2488,2007.0,ford,taurus,,,gas,103174.0,clean,automatic,,full-size,sedan,,ma
1500,1998.0,toyota,4runner sr5,good,6 cylinders,gas,335892.0,clean,automatic,rwd,full-size,SUV,green,tx
10295,2010.0,ford,expedition,excellent,8 cylinders,gas,132729.0,rebuilt,automatic,4wd,,,red,id
38590,2020.0,jaguar,e-pace p250 sport utility,good,,other,1372.0,clean,other,,,SUV,black,pa
80,2017.0,mini,cooper two door,like new,4 cylinders,gas,51000.0,clean,automatic,fwd,compact,,white,hi
22995,2013.0,ram,1500,,8 cylinders,gas,82450.0,clean,automatic,4wd,,truck,white,wa
31590,2019.0,cadillac,xt4 sport suv 4d,good,,other,12102.0,clean,other,fwd,,hatchback,black,al
6995,2008.0,volvo,xc90,,,gas,130728.0,clean,automatic,,,SUV,green,pa
25990,2019.0,ram,1500 classic regular cab,good,6 cylinders,gas,27709.0,clean,other,,,pickup,,va
5900,2005.0,toyota,rav4 sport 4wd,good,4 cylinders,gas,135000.0,rebuilt,automatic,4wd,,,,id
8500,2013.0,ford,edge,excellent,6 cylinders,gas,162003.0,clean,automatic,fwd,mid-size,SUV,white,ok
25950,2016.0,gmc,savana cutaway,,8 cylinders,gas,132839.0,clean,automatic,rwd,full-size,van,white,nm
7995,2013.0,chevrolet,cruze,excellent,4 cylinders,gas,80324.0,clean,automatic,fwd,,sedan,custom,ny
5980,2008.0,chevrolet,impala,,6 cylinders,,165596.0,,automatic,fwd,,sedan,black,al
21000,1964.0,,oldsmobile 88,,,gas,30000.0,clean,automatic,,,,,ca
54900,2013.0,,Freightliner M2,excellent,6 cylinders,diesel,205112.0,clean,automatic,rwd,full-size,truck,black,ri
8900,2004.0,toyota,tacoma trd 4wd,,6 cylinders,gas,146684.0,clean,automatic,4wd,mid-size,pickup,red,ms
1000,2001.0,nissan,xterra 4x4,fair,6 cylinders,gas,196000.0,clean,automatic,4wd,mid-size,SUV,grey,nh
35590,2020.0,cadillac,ct5 premium luxury,good,,gas,17603.0,clean,other,,,sedan,black,il
5900,2012.0,chevrolet,cruze,,,gas,144000.0,clean,automatic,,,,,mi
7995,2010.0,chevrolet,impala,,6 cylinders,gas,156920.0,rebuilt,automatic,fwd,,sedan,red,ks
19998,2016.0,mercedes-benz,c-class,,4 cylinders,gas,52776.0,clean,automatic,rwd,compact,sedan,silver,nc
27990,2011.0,ford,f-750,good,6 cylinders,diesel,123622.0,clean,automatic,rwd,full-size,truck,white,il
15988,2017.0,nissan,sentra,like new,,gas,39708.0,clean,automatic,,,,,tx
10500,2010.0,infiniti,g37 sedan,,6 cylinders,gas,129035.0,clean,automatic,4wd,mid-size,sedan,custom,il
3995,1993.0,chevrolet,corvette,,,gas,130000.0,clean,automatic,,,,,fl
33590,2018.0,bmw,5 series 530i xdrive sedan,good,,gas,19107.0,clean,other,,,sedan,silver,fl
26990,2012.0,chevrolet,express commercial cutaway,good,8 cylinders,gas,108439.0,clean,automatic,rwd,,,white,ut
7950,2008.0,chrysler,town & country touring,like new,6 cylinders,gas,100200.0,clean,automatic,fwd,full-size,mini-van,silver,ma
1600,2003.0,chrysler,sebring convertible,,,gas,104000.0,clean,automatic,,,convertible,,md
4900,2009.0,ford,f150,good,8 cylinders,gas,152000.0,clean,automatic,rwd,,,black,mi
324,2021.0,volkswagen,atlas cross sport,,4 cylinders,gas,4.0,clean,automatic,4wd,,SUV,,ca
39990,2019.0,nissan,370z nismo coupe 2d,good,6 cylinders,gas,8373.0,clean,other,rwd,,coupe,white,ok
3995,2003.0,ford,focus,,,gas,88659.0,clean,automatic,,,sedan,grey,ca
15500,1973.0,chevrolet,el camino,excellent,8 cylinders,gas,46000.0,clean,automatic,rwd,full-size,coupe,blue,ms
4750,2002.0,lexus,es 300,excellent,6 cylinders,gas,150000.0,clean,automatic,fwd,full-size,,silver,pa
8500,2007.0,lexus,is 350,excellent,6 cylinders,gas,204163.0,clean,automatic,rwd,sub-compact,sedan,grey,ca
14450,2012.0,lincoln,mkx,excellent,6 cylinders,gas,85925.0,clean,automatic,fwd,full-size,SUV,white,ky
5999,2001.0,subaru,outback,,,gas,163000.0,clean,automatic,,,,,mt
2900,2009.0,chrysler,town and country,good,,gas,114000.0,clean,automatic,,,,,fl
314,2018.0,ford,escape,,4 cylinders,other,30165.0,clean,automatic,4wd,,SUV,custom,mi
7500,2004.0,buick,park avenue,,,gas,80000.0,clean,automatic,,,,,il
5700,2008.0,honda,accord ex,excellent,6 cylinders,gas,206111.0,clean,automatic,fwd,mid-size,coupe,black,ks
17500,2014.0,honda,cr-v ex-l,excellent,4 cylinders,gas,83000.0,clean,automatic,4wd,,SUV,grey,vt
30000,2020.0,subaru,legacy,,,gas,7978.0,clean,automatic,,full-size,sedan,,wa
31390,2014.0,gmc,sierra denali 4x4 crew,excellent,8 cylinders,gas,144186.0,clean,automatic,4wd,full-size,truck,white,va
15590,2013.0,toyota,venza le wagon 4d,good,,other,88506.0,clean,other,fwd,,wagon,,ca
3995,2004.0,saturn,vue,excellent,6 cylinders,gas,149000.0,clean,automatic,4wd,full-size,SUV,custom,oh
29995,2005.0,ford,super duty f-750 straight frame,good,6 cylinders,diesel,68000.0,clean,manual,rwd,,,blue,wa
16983,2016.0,toyota,rav4 hybrid,,4 cylinders,hybrid,106812.0,clean,automatic,4wd,mid-size,SUV,silver,tx
6985,2012.0,volkswagen,jetta,,,gas,93000.0,clean,automatic,,,,,fl
13990,2015.0,chevrolet,equinox,excellent,4 cylinders,gas,102625.0,clean,automatic,,,SUV,,wi
33500,1968.0,chevrolet,,like new,8 cylinders,gas,48000.0,clean,manual,rwd,full-size,other,grey,tx
3000,1989.0,chevrolet,silverado,fair,8 cylinders,gas,190000.0,clean,automatic,,full-size,,white,tx
20900,2015.0,chevrolet,camaro,,,gas,65000.0,clean,automatic,,,,,mi
19900,1987.0,chevrolet,silverado c10,excellent,8 cylinders,gas,50945.0,clean,automatic,rwd,full-size,pickup,white,fl
29990,2011.0,ford,super duty f-450 drw,good,8 cylinders,diesel,137481.0,clean,automatic,4wd,full-size,truck,white,ct
3400,2006.0,acura,tl,excellent,4 cylinders,gas,250000.0,clean,automatic,,,,,ca
14700,2009.0,lexus,is 250,excellent,6 cylinders,gas,47000.0,clean,automatic,rwd,compact,sedan,blue,ca
8900,2010.0,toyota,camry,,,gas,142477.0,clean,automatic,fwd,,sedan,white,ky
29990,2018.0,audi,a6 2.0t premium sedan 4d,good,,gas,13035.0,clean,other,fwd,,sedan,,tn
13475,2001.0,porsche,boxster s,excellent,6 cylinders,gas,73737.0,clean,automatic,rwd,,convertible,silver,ut
9897,2006.0,toyota,tundra sr5,excellent,8 cylinders,gas,230724.0,clean,automatic,rwd,,truck,black,ca
10000,1967.0,chevrolet,el camino,good,other,gas,100000.0,clean,automatic,rwd,mid-size,truck,silver,ca
28444,2017.0,jeep,grand cherokee,like new,6 cylinders,gas,45646.0,clean,automatic,fwd,full-size,SUV,silver,hi
4800,2008.0,,Hyondai santa fe gls,,,gas,155000.0,clean,automatic,,,,,oh
18950,2009.0,chevrolet,silverado,,,gas,119470.0,clean,automatic,4wd,,pickup,black,ct
27995,2018.0,gmc,acadia,,,gas,28347.0,clean,automatic,,,,,nj
16995,2013.0,ford,edge,,6 cylinders,gas,102735.0,clean,automatic,4wd,,SUV,white,co
4000,2006.0,subaru,impreza,,,gas,250000.0,salvage,manual,,,,,ca
2800,2008.0,,chryler town and country,good,6 cylinders,gas,190442.0,clean,automatic,fwd,full-size,mini-van,red,oh
39999,2017.0,jeep,lifted wrangler unlimited,,,gas,49361.0,clean,automatic,4wd,,SUV,black,wa
99,1987.0,mercedes-benz,500-class,,,gas,56649.0,clean,automatic,rwd,full-size,convertible,silver,me
31590,2020.0,mazda,mx-5 miata club,good,,gas,2195.0,clean,other,rwd,,other,,nj
37400,2017.0,ram,1500,excellent,,gas,39730.0,clean,automatic,4wd,,,red,mt
4995,1998.0,chevrolet,tracker,,,gas,174487.0,clean,manual,4wd,,SUV,purple,or
33590,2018.0,ford,f150 super cab lariat,good,6 cylinders,other,38989.0,clean,other,4wd,,pickup,,mi
17995,2012.0,mercedes-benz,benz gl 550,excellent,8 cylinders,gas,142000.0,clean,automatic,4wd,,SUV,grey,ny
6995,2007.0,toyota,camry,good,4 cylinders,gas,125582.0,clean,automatic,fwd,,,silver,ma
24997,2014.0,mercedes-benz,m-class,,8 cylinders,gas,82553.0,clean,automatic,,,SUV,blue,ga
33600,2019.0,chevrolet,silverado 1500,like new,8 cylinders,gas,39000.0,rebuilt,automatic,,,,,tx
7200,2011.0,ford,fusion se,excellent,4 cylinders,gas,95311.0,clean,automatic,fwd,mid-size,sedan,white,oh
16977,2017.0,chevrolet,trax,,4 cylinders,gas,7113.0,clean,automatic,4wd,,SUV,red,ak
6000,2008.0,toyota,sienna le,good,6 cylinders,gas,177000.0,clean,automatic,fwd,mid-size,mini-van,red,ca
1500,1927.0,ford,model t,,4 cylinders,gas,123456.0,clean,manual,rwd,full-size,other,brown,la
20888,2019.0,chevrolet,equinox 2lt,like new,4 cylinders,gas,35000.0,clean,automatic,fwd,full-size,SUV,black,ok
18995,2007.0,ford,f150 supercrew cab xlt,excellent,8 cylinders,gas,68568.0,clean,automatic,4wd,full-size,truck,black,or
3500,2003.0,chevrolet,trailblazer ls,excellent,,gas,219037.0,clean,automatic,,,,,nc
16495,2013.0,mercedes-benz,m-class,,6 cylinders,gas,105728.0,clean,automatic,4wd,mid-size,SUV,custom,fl
22590,2014.0,bmw,5 series 535d xdrive sedan,good,,diesel,60783.0,clean,automatic,,,sedan,white,fl
12995,2009.0,chevrolet,box truck,,,gas,101565.0,clean,automatic,,,,,ny
6000,2011.0,chevrolet,impala lt,excellent,6 cylinders,gas,139000.0,clean,automatic,fwd,full-size,sedan,white,oh
30980,2019.0,gmc,savana,,,gas,18738.0,clean,automatic,,,van,white,ca
59995,2018.0,ford,f-350 lariat crewcab dually,,,diesel,69511.0,clean,automatic,4wd,,truck,,ca
20995,2018.0,honda,hr-v,excellent,,gas,34811.0,clean,automatic,4wd,,SUV,red,ak
18991,2016.0,jeep,cherokee sport suv 4d,,,gas,,clean,automatic,,,SUV,,wa
15999,2017.0,chevrolet,volt,,,electric,31100.0,clean,automatic,,compact,hatchback,white,id
14500,2014.0,chevrolet,equinox ltz awd,excellent,6 cylinders,gas,92000.0,clean,automatic,4wd,mid-size,SUV,grey,co
6500,2010.0,kia,soul +,good,4 cylinders,gas,165438.0,clean,automatic,fwd,compact,hatchback,black,nv
23497,2018.0,toyota,prius prime,,,gas,62981.0,clean,automatic,,,,silver,tx
7995,2007.0,gmc,yukon xl,,,gas,1.0,clean,automatic,,,,,mi
26590,2014.0,lexus,is 350 sedan 4d,good,6 cylinders,gas,45318.0,clean,other,rwd,,sedan,silver,nv
27995,2016.0,toyota,tacoma,excellent,,gas,77000.0,clean,automatic,4wd,,pickup,black,nh
6550,2010.0,ford,fusion hybrid,good,4 cylinders,hybrid,109456.0,clean,automatic,fwd,,sedan,blue,id
100,2019.0,nissan,versa,like new,4 cylinders,gas,35977.0,clean,automatic,fwd,mid-size,sedan,white,pa
4999,2006.0,ford,freestar wagon se,excellent,6 cylinders,gas,92722.0,clean,automatic,fwd,full-size,van,,ca
18590,2017.0,mazda,mazda3 touring 2.5,good,,gas,34723.0,clean,other,fwd,,hatchback,blue,nc
4395,2010.0,hyundai,santa fe,,,gas,98992.0,clean,automatic,fwd,,wagon,black,ny
2500,2002.0,ford,taurus,good,,gas,182400.0,clean,automatic,,,,,tn
15999,2012.0,bmw,328i,excellent,6 cylinders,gas,74000.0,clean,automatic,,,convertible,,ca
34899,2015.0,chevrolet,3500hd 4x4 duramax,,,diesel,173934.0,clean,automatic,,,,,ia
29590,2018.0,infiniti,q70 3.7 luxe sedan 4d,good,6 cylinders,gas,22732.0,clean,other,rwd,,sedan,black,fl
899,2004.0,,Oldsmobile Alero Sedan,excellent,6 cylinders,gas,187785.0,clean,automatic,fwd,mid-size,sedan,white,or
7200,1988.0,chevrolet,2500,excellent,8 cylinders,gas,112103.0,clean,manual,4wd,full-size,pickup,custom,co
22994,2018.0,chevrolet,bolt ev,,,electric,6895.0,clean,automatic,fwd,mid-size,hatchback,red,ca
12989,2011.0,bmw,3 series,,6 cylinders,gas,99178.0,clean,automatic,rwd,sub-compact,convertible,white,sc
3495,2000.0,dodge,caravan,,4 cylinders,gas,140309.0,clean,automatic,fwd,,van,red,az
24500,2014.0,toyota,tacoma,excellent,6 cylinders,gas,25166.0,clean,automatic,rwd,full-size,truck,black,ms
16995,2012.0,rover,sport,excellent,8 cylinders,gas,83000.0,clean,automatic,4wd,full-size,SUV,black,ny
44500,2012.0,ford,f-450,,,diesel,162691.0,clean,automatic,4wd,,pickup,white,mt
26995,2019.0,toyota,rav4,excellent,,gas,28465.0,clean,automatic,4wd,,SUV,silver,ak
38000,1933.0,chevrolet,coupe,excellent,6 cylinders,gas,66000.0,clean,manual,rwd,compact,coupe,black,tx
31990,2017.0,gmc,sierra 1500 double cab,good,6 cylinders,gas,31496.0,clean,automatic,4wd,,pickup,black,pa
42590,2018.0,lexus,rx 350,,6 cylinders,gas,41632.0,clean,automatic,4wd,mid-size,SUV,grey,co
34685,2021.0,gmc,terrain,,,gas,3451.0,clean,automatic,fwd,,,,mo
15000,2013.0,chrysler,town and country,excellent,6 cylinders,gas,145000.0,rebuilt,automatic,fwd,mid-size,mini-van,blue,nc
59999,2020.0,nissan,armada platinum 4x4 gas,,,gas,8899.0,clean,automatic,4wd,,SUV,white,wa
6495,2010.0,ford,flex,good,6 cylinders,gas,153430.0,clean,automatic,,,,black,mo
4895,2007.0,buick,lucerne,,,gas,115000.0,clean,automatic,,,,,ks
4950,2004.0,toyota,prius,,4 cylinders,hybrid,179485.0,clean,automatic,fwd,,sedan,black,co
8900,2006.0,ford,f350 xl,,,gas,179000.0,clean,automatic,,,,,oh
7550,2013.0,nissan,altima,excellent,4 cylinders,gas,129223.0,clean,automatic,fwd,mid-size,sedan,,tx
4495,2008.0,,scion xb,good,4 cylinders,diesel,198000.0,clean,automatic,fwd,,,,il
16995,2013.0,dodge,challenger r/t,good,8 cylinders,gas,125124.0,clean,automatic,rwd,full-size,coupe,black,tx
8795,2011.0,bmw,328i,,,gas,125365.0,clean,manual,,compact,sedan,,ca
25990,2015.0,buick,enclave premium sport,good,6 cylinders,gas,33154.0,clean,other,,,SUV,,la
38995,2016.0,ford,f150 xlt,,,gas,73529.0,clean,automatic,,,,black,fl
19497,2015.0,gmc,sierra 1500,,6 cylinders,gas,82700.0,clean,automatic,rwd,,truck,white,fl
7795,2007.0,buick,lucerne,,6 cylinders,gas,62870.0,clean,automatic,fwd,,sedan,,oh
26990,2018.0,,Genesis G80 3.8 Sedan 4D,good,,other,51170.0,clean,other,,,sedan,white,ny
23999,2018.0,dodge,grand caravan,,6 cylinders,gas,22315.0,clean,automatic,fwd,,mini-van,silver,wa
4800,1999.0,honda,accord ex,good,6 cylinders,gas,143918.0,clean,automatic,fwd,mid-size,sedan,silver,az
16590,2012.0,acura,tsx sedan 4d,good,,gas,71294.0,clean,other,fwd,,sedan,,mi
20990,2015.0,lexus,is 250,excellent,6 cylinders,gas,68562.0,clean,automatic,,compact,sedan,grey,fl
29998,2022.0,mitsubishi,eclipse cross,new,,gas,10.0,clean,automatic,,,,,wa
10988,2013.0,dodge,dart,good,4 cylinders,gas,88733.0,clean,automatic,fwd,,sedan,yellow,pa
7990,2006.0,nissan,350z,excellent,,gas,99000.0,clean,automatic,rwd,,coupe,,tn
26590,2018.0,toyota,rav4 adventure sport,good,,gas,36111.0,clean,other,,,other,silver,sc
38999,2018.0,ram,1500 outdoorsman 4x4,,,gas,8346.0,clean,automatic,4wd,,truck,silver,id
24750,2019.0,honda,insight,excellent,,hybrid,53581.0,clean,automatic,,full-size,sedan,white,ar
57500,2006.0,,kenworth w900l,excellent,,diesel,1085658.0,clean,manual,,,,,ia
16995,2012.0,ford,f-250 super duty,,8 cylinders,gas,168500.0,clean,automatic,4wd,,truck,white,ny
14000,2011.0,ford,,,,gas,200000.0,clean,automatic,,,,,nj
8950,2012.0,ford,explorer,excellent,4 cylinders,gas,193000.0,clean,automatic,fwd,full-size,SUV,red,tx
11995,2017.0,hyundai,elantra,,,gas,89266.0,clean,automatic,,,sedan,red,ks
14995,2015.0,toyota,corolla s,excellent,4 cylinders,gas,57930.0,clean,automatic,fwd,full-size,sedan,blue,ca
63999,2020.0,ram,3500,,other,diesel,10269.0,clean,automatic,4wd,,truck,silver,wa
1500,2002.0,honda,civic,fair,4 cylinders,gas,198690.0,clean,manual,fwd,full-size,sedan,black,me
37990,2016.0,toyota,tundra double cab sr,good,8 cylinders,gas,22870.0,clean,other,4wd,,pickup,black,pa
19999,2010.0,chevrolet,silverado 1500,excellent,8 cylinders,gas,99219.0,clean,automatic,4wd,full-size,truck,white,az
3999,2007.0,saturn,vue,excellent,6 cylinders,gas,111100.0,clean,manual,4wd,full-size,SUV,grey,mi
36000,2019.0,audi,a5 premium,,,gas,20116.0,clean,automatic,,,,,mi
19500,2014.0,jaguar,xjl portfolio,,,gas,101000.0,clean,automatic,,,,,ca
16000,2012.0,,fordf-150xlt 4x4 - ecoboost cle,good,6 cylinders,gas,161900.0,clean,automatic,4wd,full-size,truck,,mn
10488,2012.0,mercedes-benz,c-class,excellent,,gas,99113.0,clean,automatic,rwd,,sedan,,ca
20900,2014.0,,Mobility Ventures MV-1 SE Wheel,,8 cylinders,gas,33421.0,clean,automatic,rwd,,van,,ca
31995,2015.0,ford,f-150,,,other,101146.0,clean,automatic,4wd,,pickup,white,ct
33954,2019.0,dodge,challenger r/t,like new,8 cylinders,gas,8408.0,clean,manual,rwd,,coupe,red,nc
57500,2018.0,gmc,yukon xl denali,good,8 cylinders,gas,60796.0,clean,other,,,other,,id
1950,2007.0,ford,escape,,,gas,108000.0,clean,automatic,,,,,va
24457,2016.0,ford,f-150,,,gas,146573.0,clean,automatic,4wd,,truck,black,mt
26990,2018.0,chevrolet,camaro lt coupe 2d,good,,gas,11805.0,clean,other,rwd,,coupe,,il
26590,2017.0,kia,k900 premium sedan 4d,good,6 cylinders,gas,24667.0,clean,other,rwd,,sedan,black,ca
18900,2012.0,jeep,wrangler,excellent,6 cylinders,gas,84000.0,clean,manual,4wd,,wagon,white,ga
5995,2006.0,acura,mdx,,,gas,135000.0,clean,automatic,,,,,il
29990,2018.0,alfa-romeo,romeo stelvio sport suv 4d,good,,gas,11821.0,clean,other,,,hatchback,,md
5000,2013.0,chevrolet,impala lt 2013,excellent,6 cylinders,gas,180000.0,clean,automatic,fwd,full-size,sedan,black,ny
6495,2011.0,hyundai,sonata,,4 cylinders,gas,138000.0,clean,automatic,fwd,,,,oh
4500,2000.0,ford,f-150,,,gas,114000.0,clean,automatic,,,,,ca
26880,2019.0,ford,mustang ecoboost premium automatic,,,gas,0.0,clean,automatic,rwd,,convertible,white,tx
6100,2015.0,mitsubishi,mirage,excellent,3 cylinders,gas,95000.0,clean,automatic,fwd,,hatchback,silver,dc
5500,2007.0,honda,odyeesy,good,6 cylinders,gas,148000.0,clean,automatic,fwd,,mini-van,grey,mi
7995,2010.0,chrysler,300 touring,,6 cylinders,gas,151121.0,clean,automatic,rwd,,,black,ky
18990,2018.0,ford,transit connect xl cargo,,,gas,41045.0,clean,automatic,fwd,,van,white,tn
199,2017.0,dodge,charger,,,gas,25090.0,clean,automatic,,,,,fl
16990,2016.0,kia,forte koup ex coupe 2d,good,,gas,17631.0,clean,other,fwd,,coupe,,la
21000,2016.0,ford,explorer sport,excellent,6 cylinders,gas,95000.0,clean,automatic,4wd,,SUV,,nj
27800,1999.0,ford,f-250 super duty 4x4,excellent,8 cylinders,diesel,91210.0,clean,automatic,4wd,,,white,ok
31990,2020.0,chevrolet,traverse lt sport,good,6 cylinders,gas,19414.0,clean,other,fwd,,other,,ma
25590,2014.0,audi,q5 3.0t prestige sport,good,6 cylinders,gas,42521.0,clean,other,,,other,silver,ks
21590,2016.0,ram,1500 regular cab tradesman,good,6 cylinders,gas,35391.0,clean,other,,,pickup,black,tn
11638,2017.0,nissan,sentra s,good,4 cylinders,gas,105616.0,clean,automatic,fwd,,sedan,,ca
22770,2012.0,ford,mustang,,,gas,46198.0,clean,automatic,,sub-compact,coupe,black,ia
34688,2015.0,chevrolet,silverado 1500 lt 4wd,good,8 cylinders,gas,79077.0,clean,automatic,4wd,,pickup,,ca
500,2013.0,nissan,altima,,,gas,130000.0,salvage,automatic,,,,,ca
15750,2011.0,rover,sport,,8 cylinders,gas,106202.0,clean,automatic,4wd,,SUV,black,la
54258,2020.0,ford,f150 lariat,,,gas,10378.0,clean,automatic,,,,,al
3300,2004.0,lexus,rx,,,gas,1.0,clean,automatic,4wd,,wagon,,il
3800,2006.0,nissan,pathfinder,good,6 cylinders,gas,191000.0,clean,automatic,rwd,,SUV,,ms
18700,2012.0,ford,f-150 xlt,excellent,8 cylinders,gas,137397.0,clean,automatic,rwd,full-size,pickup,black,fl
13998,2010.0,chevrolet,silverado 1500 hybrid,,8 cylinders,hybrid,149486.0,clean,automatic,rwd,full-size,truck,white,sc
7750,2011.0,ford,escape xltsuv,excellent,4 cylinders,gas,106972.0,,automatic,,,SUV,,il
6980,2014.0,,Scion xB,good,4 cylinders,gas,127544.0,clean,automatic,rwd,full-size,SUV,black,nc
3500,2003.0,ford,explorer xlt,good,6 cylinders,gas,176000.0,clean,automatic,4wd,mid-size,SUV,silver,co
6995,2014.0,chevrolet,cruze,excellent,,gas,110808.0,clean,automatic,,,sedan,red,va
21500,2019.0,toyota,rav4,,,gas,16744.0,clean,automatic,,,,,me
9995,2015.0,chevrolet,impala limited,,,gas,89078.0,clean,automatic,fwd,,,white,wi
22590,2018.0,mazda,cx-5 sport suv 4d,good,,other,16814.0,clean,other,fwd,,other,black,va
21590,2019.0,volkswagen,jetta 1.4t sel,good,,gas,7898.0,clean,other,fwd,,sedan,blue,il
19500,2016.0,dodge,charger,good,6 cylinders,gas,47000.0,clean,manual,rwd,full-size,sedan,white,co
29791,2018.0,audi,q3,,4 cylinders,gas,11351.0,clean,automatic,fwd,,SUV,grey,hi
16999,1975.0,jeep,cj5,excellent,8 cylinders,gas,1111.0,clean,manual,4wd,compact,convertible,black,fl
30985,2014.0,mercedes-benz,gl,,,gas,78828.0,clean,automatic,,,other,blue,nj
12500,2012.0,mercedes-benz,benz c-class c300 4matic sport sedan 7-speed automatic,,,,77000.0,clean,automatic,4wd,,sedan,,pa
14800,2017.0,honda,accord,like new,4 cylinders,gas,90000.0,clean,automatic,,,,black,ny
27995,2018.0,alfa-romeo,romeo stelvio,,,gas,40102.0,clean,automatic,,,,,nj
9495,2012.0,chevrolet,equinox,,,gas,84000.0,clean,automatic,,,,,ny
41990,2019.0,acura,mdx sport hybrid sh-awd,good,,other,22082.0,clean,other,,,SUV,silver,tx
8500,2014.0,volkswagen,beetle,excellent,5 cylinders,gas,104000.0,clean,automatic,,compact,coupe,white,fl
24699,2019.0,lincoln,mkz,,,gas,40056.0,clean,automatic,fwd,,sedan,black,tn
18995,2019.0,ford,fusion,,4 cylinders,gas,20072.0,clean,automatic,fwd,,sedan,red,co
16995,2016.0,gmc,acadia,good,,gas,100756.0,clean,automatic,fwd,,SUV,white,tx
15494,2012.0,subaru,outback,,,gas,87607.0,clean,automatic,,,wagon,,co
1500,2014.0,ford,f150,,,gas,1000.0,clean,automatic,,,,,ok
4000,2004.0,mercedes-benz,benz e320,,,gas,167000.0,clean,automatic,,,,,oh
5995,2005.0,subaru,outback,excellent,4 cylinders,gas,168000.0,clean,automatic,4wd,,hatchback,grey,nc
15995,2014.0,bmw,428i,,,gas,109080.0,clean,manual,,,coupe,,tx
37990,2016.0,chevrolet,camaro ss coupe 2d,good,8 cylinders,gas,9704.0,clean,other,rwd,,coupe,red,mi
10995,2015.0,hyundai,veloster 60k miles backup camera paddle shift,,4 cylinders,gas,60711.0,clean,automatic,fwd,,coupe,grey,wa
42590,2013.0,chevrolet,silverado 2500 hd crew,good,8 cylinders,diesel,82777.0,clean,other,4wd,,pickup,,ny
33999,2013.0,ford,f250,excellent,8 cylinders,diesel,121444.0,clean,automatic,4wd,,pickup,black,oh
8550,1985.0,chevrolet,corvette,good,8 cylinders,gas,60450.0,clean,manual,rwd,mid-size,coupe,blue,ny
8995,2011.0,honda,civic,excellent,4 cylinders,gas,116000.0,clean,automatic,fwd,compact,sedan,black,ca
34900,2018.0,toyota,tacoma,,,gas,74398.0,clean,automatic,4wd,,pickup,,ky
22590,2015.0,hyundai,genesis coupe 3.8 2d,good,6 cylinders,gas,20346.0,clean,other,rwd,,coupe,,ny
68995,2017.0,ford,f-250 super duty lariat crew 6.7 liter,,8 cylinders,other,40417.0,clean,automatic,4wd,,pickup,red,az
36995,2013.0,chevrolet,silverado 3500hd,,,gas,58056.0,clean,automatic,,,,white,al
15995,2016.0,jeep,cherokee,,4 cylinders,gas,85549.0,clean,automatic,4wd,,SUV,grey,mi
4300,2003.0,volkswagen,jetta,excellent,4 cylinders,gas,179000.0,clean,automatic,fwd,compact,,red,pa
10200,2016.0,hyundai,elantra se 4dr sedan,excellent,4 cylinders,gas,107220.0,clean,automatic,fwd,mid-size,sedan,black,ca
11995,2014.0,ford,focus st,,,gas,77843.0,clean,manual,,,,,ne
500,2013.0,hyundai,sonata,excellent,4 cylinders,gas,75263.0,clean,automatic,fwd,,,white,il
15500,2013.0,ford,e350,,,gas,94000.0,clean,automatic,,,,,or
39990,2019.0,acura,mdx sh-awd w/technology,good,,other,24495.0,clean,other,,,SUV,,la
27990,2008.0,ford,econoline cargo van,good,8 cylinders,gas,83459.0,clean,automatic,rwd,full-size,truck,white,nc
38990,2019.0,ram,1500 classic crew cab,good,8 cylinders,other,6482.0,clean,other,4wd,,pickup,white,nm
1950,2010.0,,CHEVEROLET IMPALA,,,gas,153892.0,clean,automatic,,,sedan,,mi
4500,2006.0,chevrolet,impala,good,,gas,114815.0,clean,automatic,fwd,full-size,sedan,silver,mn
8900,2008.0,chevrolet,suburban 1500,,,gas,184000.0,clean,automatic,,,,,mt
5997,2007.0,ford,explorer 4x4,excellent,6 cylinders,gas,171389.0,clean,automatic,4wd,,SUV,black,va
29990,2016.0,ford,mustang gt coupe 2d,good,8 cylinders,gas,19374.0,clean,automatic,rwd,,coupe,red,ca
897,1979.0,,MGB,fair,4 cylinders,gas,9780.0,missing,manual,,,,,ca
109,2013.0,chevrolet,malibu 4dr sdn ls w/1,,4 cylinders,gas,119431.0,clean,automatic,fwd,,sedan,,id
12994,2016.0,kia,optima lx,excellent,4 cylinders,gas,78637.0,,automatic,,,other,,oh
39990,2019.0,acura,mdx sh-awd w/technology,good,,other,24495.0,clean,other,,,SUV,,az
19995,2008.0,ford,f-250 super duty,excellent,,gas,32273.0,clean,automatic,4wd,,pickup,grey,wi
408,2018.0,acura,rdx fwd w/technology pkg,,6 cylinders,gas,16320.0,clean,automatic,fwd,,SUV,,hi
38000,2011.0,ford,super duty f-250 srw,,8 cylinders,diesel,132425.0,clean,automatic,4wd,,truck,,wa
6450,2009.0,toyota,camry,,,gas,126437.0,clean,automatic,fwd,,sedan,silver,nj
18915,2017.0,subaru,crosstrek,,4 cylinders,gas,57745.0,clean,automatic,4wd,compact,wagon,red,tx
23974,2017.0,honda,accord hybrid,,4 cylinders,hybrid,13481.0,clean,automatic,fwd,mid-size,sedan,silver,fl
19775,2013.0,ford,f-250 sd,excellent,8 cylinders,gas,96722.0,clean,automatic,rwd,full-size,truck,yellow,il
32995,2018.0,mercedes-benz,glc glc 300 suv,,,,30902.0,clean,automatic,rwd,,SUV,silver,tx
300,2002.0,honda,cr-v,,4 cylinders,gas,234000.0,clean,automatic,4wd,,,,or
29000,2020.0,hyundai,sonata,like new,6 cylinders,gas,23000.0,clean,automatic,,full-size,sedan,grey,tx
10800,1970.0,chevrolet,,,,gas,100.0,clean,automatic,,,,,nm
6998,2015.0,subaru,impreza,excellent,,gas,104434.0,clean,automatic,4wd,,sedan,grey,ca
8995,2010.0,ford,econoline,excellent,8 cylinders,gas,228574.0,clean,automatic,rwd,full-size,,,or
31995,2013.0,jeep,wrangler,like new,6 cylinders,gas,77023.0,clean,automatic,4wd,full-size,SUV,white,tx
3990,2009.0,kia,rio,,4 cylinders,gas,137197.0,clean,automatic,fwd,,sedan,orange,or
45998,2015.0,mercedes-benz,benz s550,like new,8 cylinders,gas,40386.0,clean,automatic,4wd,full-size,sedan,,nc
34998,2017.0,toyota,4runner sr5,,,gas,74683.0,clean,automatic,4wd,,wagon,,mt
18950,2014.0,bmw,535 diesel sedan,like new,6 cylinders,diesel,67000.0,clean,automatic,rwd,,sedan,black,nc
30990,2019.0,mazda,mx-5 miata grand touring,good,,gas,4936.0,clean,other,rwd,,other,black,ny
13695,2016.0,chevrolet,equinox lt,good,,other,88002.0,clean,automatic,,,other,silver,ia
35781,2016.0,jeep,wrangler unlimited,,6 cylinders,gas,37693.0,clean,manual,4wd,,SUV,white,hi
16995,2017.0,nissan,altima sv sedan,,,gas,56052.0,clean,automatic,,,sedan,,ca
7,1952.0,,Dodge. Pilot house truck,good,6 cylinders,gas,9500.0,clean,manual,rwd,full-size,pickup,red,az
20497,2017.0,cadillac,ats,excellent,,gas,85308.0,clean,automatic,4wd,,sedan,black,ny
69999,2018.0,gmc,sierra durmax 3500 hd all,,,diesel,36505.0,clean,automatic,4wd,,truck,black,wa
14900,2012.0,ford,explorer,excellent,6 cylinders,gas,93952.0,clean,automatic,4wd,full-size,SUV,grey,ny
20990,2015.0,volkswagen,golf sportwagen tdi,good,,diesel,51742.0,clean,other,fwd,,wagon,,tx
28499,1972.0,chevrolet,corvette,excellent,8 cylinders,gas,19472.0,clean,automatic,rwd,,coupe,red,sc
23990,2015.0,lexus,gs 350 sedan 4d,good,6 cylinders,gas,74770.0,clean,other,,,sedan,white,az
42999,2020.0,chevrolet,silverado 1500,,8 cylinders,gas,28137.0,clean,automatic,4wd,,truck,silver,ak
47900,2017.0,toyota,tundra platinum,like new,8 cylinders,gas,75225.0,clean,automatic,4wd,,truck,black,pa
38590,2011.0,chevrolet,corvette grand sport,good,8 cylinders,gas,30237.0,clean,other,rwd,,other,red,pa
21599,2015.0,chevrolet,camaro lt w/ manual 6-spd,,6 cylinders,gas,60883.0,clean,manual,rwd,,coupe,grey,ca
14995,2005.0,ford,f-350,,,diesel,101514.0,clean,automatic,4wd,,pickup,red,pa
26990,2018.0,lincoln,mkc select sport utility,good,,gas,12531.0,clean,other,,,other,white,fl
14999,2007.0,ram,1500 slt,excellent,8 cylinders,gas,71547.0,clean,automatic,rwd,,pickup,silver,nj
22998,2015.0,hyundai,genesis,,6 cylinders,gas,38269.0,clean,automatic,4wd,full-size,sedan,grey,va
10999,2014.0,subaru,crosstrek,,,gas,95000.0,rebuilt,automatic,4wd,,,,mn
6400,2010.0,toyota,corolla,excellent,,gas,140629.0,clean,automatic,fwd,,sedan,red,pa
26590,2020.0,hyundai,sonata sel sedan 4d,good,,gas,649.0,clean,other,fwd,,sedan,black,la
6250,2004.0,lincoln,navigator,excellent,8 cylinders,gas,159542.0,clean,automatic,4wd,,SUV,black,wa
5695,2003.0,ford,ranger xlt,excellent,6 cylinders,gas,131700.0,,automatic,,,truck,,oh
5995,2010.0,ford,fusion,,4 cylinders,gas,173750.0,clean,automatic,fwd,mid-size,sedan,black,oh
4450,2006.0,chevrolet,hhr lt,,,gas,10.0,clean,automatic,,,,,ar
19500,2011.0,chevrolet,avalanche,excellent,8 cylinders,gas,117000.0,clean,automatic,4wd,full-size,truck,silver,nc
20500,2013.0,jeep,wrangler unlimited,good,6 cylinders,gas,180000.0,clean,automatic,4wd,full-size,SUV,green,tn
10587,2013.0,honda,accord,,4 cylinders,gas,130604.0,clean,automatic,fwd,mid-size,sedan,black,ga
4990,2005.0,volkswagen,new beetle,excellent,4 cylinders,gas,143411.0,clean,automatic,fwd,,hatchback,orange,fl
23990,2016.0,chevrolet,silverado 1500 regular,good,6 cylinders,gas,41568.0,clean,other,,,pickup,white,mo
13995,2019.0,volkswagen,jetta 1.4t s,,,gas,14247.0,clean,automatic,,,,,il
12999,2012.0,acura,tl,excellent,6 cylinders,gas,120865.0,clean,automatic,fwd,mid-size,sedan,grey,ca
23588,2020.0,nissan,altima 2.5 sr,good,4 cylinders,gas,36443.0,clean,automatic,fwd,,sedan,,ca
3200,2006.0,kia,sportage,,,gas,160000.0,clean,automatic,,,,,fl
8988,2012.0,nissan,xterra,,6 cylinders,gas,150876.0,clean,automatic,rwd,,,blue,tn
55495,2019.0,chevrolet,silverado 1500 4wd cre,,8 cylinders,other,15221.0,clean,other,,,other,,az
68995,2017.0,ford,f-250 super duty lariat crew 6.7 liter,,8 cylinders,other,40417.0,clean,automatic,4wd,,pickup,red,ca
4300,2008.0,toyota,prius,good,4 cylinders,gas,140000.0,clean,automatic,,,,,tx
13977,2016.0,ford,edge 4dr se,excellent,4 cylinders,gas,82436.0,clean,automatic,fwd,mid-size,sedan,silver,mo
33590,2017.0,audi,q5 3.0t premium plus sport,good,6 cylinders,gas,14318.0,clean,automatic,,,SUV,black,ma
1500,1997.0,jaguar,xj,,,gas,145000.0,clean,automatic,,,,,ct
7450,2012.0,ford,escape,,4 cylinders,gas,93000.0,clean,automatic,fwd,compact,SUV,grey,wi
17900,2020.0,chevrolet,equinox,excellent,4 cylinders,gas,17500.0,rebuilt,automatic,4wd,compact,SUV,black,mi
11999,2011.0,jeep,grand cherokee,,,gas,106901.0,clean,automatic,,,,,wi
500,2004.0,chevrolet,equinox,good,,gas,100000.0,clean,automatic,4wd,mid-size,SUV,black,mn
44900,2014.0,ram,2500 longhorn mega 4x4,,,diesel,152034.0,clean,automatic,,,,,tx
23995,2015.0,chevrolet,silverado 1500 ls,excellent,6 cylinders,gas,74145.0,clean,automatic,,,pickup,red,ca
23995,2016.0,ford,explorer,excellent,6 cylinders,gas,67696.0,clean,automatic,4wd,full-size,SUV,red,mn
7995,2018.0,mitsubishi,mirage,excellent,3 cylinders,gas,15051.0,clean,manual,rwd,,hatchback,white,nc
11988,2016.0,jeep,patriot sport se,excellent,4 cylinders,gas,87959.0,clean,automatic,4wd,mid-size,SUV,grey,pa
12900,2011.0,jeep,grand cherokee,,,gas,121278.0,clean,automatic,,,,,va
3450,2006.0,chevrolet,cobalt,excellent,4 cylinders,gas,156689.0,clean,automatic,fwd,compact,coupe,black,va
17497,2017.0,chevrolet,equinox,,,gas,31114.0,clean,automatic,,,SUV,white,mt
2800,2005.0,,Club car 2 seat,excellent,other,electric,1000.0,clean,automatic,,sub-compact,convertible,white,ca
33988,2020.0,subaru,forester,excellent,,gas,15051.0,clean,automatic,,,SUV,white,id
29995,2014.0,ford,f150 lariat 4x4,like new,8 cylinders,gas,102875.0,clean,automatic,4wd,full-size,truck,silver,wy
20590,2016.0,toyota,prius v two wagon 4d,good,,hybrid,26808.0,clean,other,fwd,,wagon,silver,tx
4497,2006.0,pontiac,g6 2dr cpe gt,excellent,6 cylinders,gas,152433.0,,automatic,,,coupe,,ks
15590,2018.0,hyundai,accent se sedan 4d,good,,gas,18313.0,clean,other,fwd,,sedan,,ca
5200,1991.0,cadillac,brougham,good,8 cylinders,gas,127800.0,clean,other,rwd,,,,il
3299,1998.0,honda,accord ex,,,gas,179035.0,clean,automatic,,,,,fl
26995,2014.0,chevrolet,silverado 1500,good,8 cylinders,gas,128600.0,clean,automatic,4wd,full-size,pickup,black,ia
6995,2014.0,chevrolet,spark,,,gas,78607.0,clean,automatic,,sub-compact,hatchback,green,nh
2700,2003.0,ford,taurus se,excellent,6 cylinders,gas,108520.0,clean,automatic,fwd,mid-size,sedan,silver,va
46969,2020.0,ford,explorer,,,gas,27130.0,clean,automatic,4wd,,,white,mo
38590,2009.0,mercedes-benz,sl-class sl 63 amg,good,,other,42789.0,clean,other,rwd,,convertible,silver,ri
32500,2018.0,jeep,grand cherokee,good,6 cylinders,gas,35200.0,clean,automatic,4wd,full-size,SUV,white,in
317,2017.0,ford,fusion se,,4 cylinders,gas,28310.0,clean,automatic,4wd,mid-size,sedan,white,il
59750,2018.0,gmc,"sierra 3500hd 4wd crew cab 153.7"" denali",,,,72831.0,clean,automatic,4wd,,,red,oh
4500,2008.0,honda,accord,good,4 cylinders,gas,188000.0,rebuilt,automatic,fwd,full-size,sedan,silver,dc
26990,2020.0,buick,encore gx essence sport,good,,other,38.0,clean,other,fwd,,other,black,sc
14900,2014.0,chevrolet,impala,,,gas,98161.0,clean,automatic,fwd,,sedan,blue,ky
16590,2015.0,volkswagen,beetle 1.8t fleet,good,,gas,39649.0,clean,other,fwd,,hatchback,black,az
4695,2009.0,honda,pilot ex,good,,gas,113821.0,clean,automatic,4wd,mid-size,SUV,grey,in
458,2017.0,ford,f-150 xltcrew cab,excellent,6 cylinders,gas,80528.0,,automatic,4wd,,truck,,fl
1,1950.0,chevrolet,coupe,excellent,8 cylinders,gas,31000.0,clean,automatic,rwd,,coupe,red,tx
36988,2016.0,ram,1500 laramie,,8 cylinders,gas,65455.0,clean,automatic,4wd,,,,or
8950,2017.0,toyota,corolla,,4 cylinders,gas,70499.0,clean,automatic,fwd,mid-size,sedan,black,tx
17590,2018.0,ford,ecosport se sport utility,good,,gas,25312.0,clean,other,4wd,,hatchback,red,ca
5999,2007.0,audi,a6,like new,6 cylinders,gas,133862.0,clean,automatic,4wd,,sedan,,wi
1400,1999.0,lexus,,,,gas,187048.0,clean,automatic,,,,,tx
37990,2016.0,chevrolet,camaro ss coupe 2d,good,8 cylinders,gas,9704.0,clean,other,rwd,,coupe,red,fl
40995,2018.0,gmc,1500 slt crew cab,,8 cylinders,gas,86264.0,clean,automatic,4wd,,,white,fl
21998,2015.0,jeep,grand cherokee,,6 cylinders,gas,65871.0,clean,automatic,4wd,mid-size,SUV,custom,md
11900,2014.0,dodge,journey,excellent,6 cylinders,gas,105242.0,clean,automatic,fwd,,SUV,purple,nc
18980,2016.0,audi,q5 2.0t quattro premium,excellent,4 cylinders,gas,99738.0,clean,automatic,,,SUV,grey,tx
26999,2018.0,chevrolet,camaro ls rwd gas,,,gas,16865.0,clean,manual,rwd,,coupe,black,id
10200,2014.0,chevrolet,malibu,excellent,,gas,74700.0,clean,automatic,fwd,,sedan,grey,ma
27000,2015.0,lexus,rx 350 f sport,excellent,6 cylinders,gas,51000.0,clean,automatic,4wd,,,,ny
37587,2020.0,chevrolet,blazer,excellent,,gas,42173.0,clean,automatic,4wd,,SUV,,ok
72900,2019.0,ram,2500 mega cummins,excellent,6 cylinders,diesel,26557.0,clean,automatic,4wd,full-size,pickup,black,in
15590,2016.0,volkswagen,e-golf se hatchback,good,,electric,10974.0,clean,other,fwd,,sedan,blue,nv
24590,2018.0,bmw,3 series 330i xdrive sedan,good,,other,38872.0,clean,other,,,sedan,black,ny
25990,2015.0,ford,transit,,,gas,70069.0,clean,automatic,,,van,white,or
419,2020.0,gmc,terrain slt awd leather,excellent,4 cylinders,gas,13642.0,,automatic,4wd,,SUV,,wa
23999,2015.0,nissan,armada platinum reserve 4,,,gas,89379.0,clean,automatic,,,,,nc
57995,,,500,,8 cylinders,gas,3452.0,clean,automatic,4wd,,pickup,grey,tx
19700,2015.0,chevrolet,suburban,excellent,8 cylinders,gas,138300.0,clean,automatic,rwd,full-size,SUV,silver,ms
52994,2019.0,chevrolet,silverado 2500 heavy,excellent,8 cylinders,diesel,21408.0,clean,automatic,4wd,,truck,,oh
14995,2007.0,lincoln,navigator,,,gas,129587.0,clean,automatic,4wd,,SUV,white,or
487,2017.0,ram,1500,,8 cylinders,gas,53666.0,clean,automatic,4wd,,truck,,or
41990,2020.0,ford,transit cargo van,,6 cylinders,gas,3124.0,clean,automatic,rwd,,van,white,in
16000,2016.0,chevrolet,impala ltz,excellent,6 cylinders,gas,90400.0,clean,automatic,fwd,full-size,sedan,red,wi
8900,2005.0,ford,f350 super duty,,,gas,114006.0,clean,automatic,,,,,fl
5986,2012.0,ford,focus,,,gas,112862.0,clean,automatic,fwd,,sedan,black,wa
4950,2001.0,ford,ranger edge 4x4,good,6 cylinders,gas,180000.0,clean,automatic,,,,white,az
10000,2013.0,kia,soul,excellent,4 cylinders,gas,46000.0,clean,automatic,,mid-size,hatchback,custom,wi
46998,2018.0,volvo,"xc90 11,200 miles wwow",excellent,,gas,11920.0,clean,automatic,4wd,,SUV,,ca
21750,2006.0,ford,super duty f-250 xlt,,8 cylinders,diesel,109531.0,clean,automatic,4wd,,truck,,wa
28903,2018.0,toyota,highlander,,6 cylinders,gas,23730.0,clean,automatic,fwd,mid-size,SUV,grey,tx
30900,2018.0,ford,edge sel,excellent,4 cylinders,gas,29.0,,automatic,,,SUV,,ca
14860,2015.0,nissan,frontier sv 85k ml.1owner well maint clean car-fax toolbox,,4 cylinders,gas,85600.0,clean,manual,rwd,,pickup,white,tx
249,2017.0,cadillac,ats,,4 cylinders,gas,97285.0,clean,automatic,4wd,,sedan,black,il
3000,1996.0,ford,probe gt,good,6 cylinders,gas,99011.0,clean,automatic,fwd,compact,hatchback,silver,oh
6900,2006.0,buick,lacrosse,excellent,6 cylinders,gas,102104.0,clean,automatic,rwd,full-size,sedan,brown,nc
28988,2016.0,ford,mustang,,,gas,63530.0,clean,automatic,,,,,ks
22995,2016.0,bmw,x3,,,gas,43113.0,clean,automatic,4wd,,,,oh
21069,2019.0,nissan,altima 2.5 sv,good,,other,14446.0,clean,automatic,fwd,,sedan,silver,co
23999,2013.0,toyota,tundra 4wd truck,excellent,8 cylinders,gas,41976.0,clean,automatic,rwd,full-size,truck,silver,fl
34900,2012.0,ram,3500,excellent,6 cylinders,diesel,85622.0,clean,automatic,4wd,full-size,truck,white,nc
4900,2009.0,chevrolet,malibu lt,like new,4 cylinders,gas,127000.0,clean,automatic,,,,,il
8230,2005.0,lincoln,town car signature,excellent,8 cylinders,gas,64106.0,,automatic,,,other,,mi
700,1999.0,dodge,caravan,,,gas,211398.0,clean,automatic,,,,,fl
16995,2014.0,ford,e-150,,,gas,134590.0,clean,automatic,fwd,,van,white,ct
5950,2008.0,mini,cooper s,,,gas,104000.0,clean,manual,,,,,pa
9000,2012.0,nissan,pathfinder,excellent,6 cylinders,gas,122000.0,clean,automatic,fwd,mid-size,SUV,red,tx
19990,2013.0,volkswagen,eos sport convertible,good,,gas,24294.0,clean,automatic,fwd,,convertible,blue,ok
28490,2020.0,nissan,murano,,,gas,6154.0,clean,automatic,fwd,,,blue,al
16599,2013.0,hyundai,santa fe,,,gas,68681.0,clean,automatic,,,,,mn
5000,2008.0,toyota,camry hybrid,excellent,4 cylinders,gas,146000.0,clean,automatic,fwd,full-size,sedan,red,mn
1,1979.0,pontiac,firebird,good,8 cylinders,gas,113000.0,clean,manual,rwd,mid-size,coupe,silver,ia
700,1985.0,nissan,,fair,4 cylinders,gas,200000.0,clean,manual,rwd,compact,truck,brown,mt
24911,2011.0,gmc,sierra 1500,excellent,8 cylinders,gas,126523.0,clean,automatic,4wd,,truck,custom,ca
27990,2014.0,toyota,tacoma access cab pickup,good,,other,17805.0,clean,other,,,pickup,red,ma
3900,2008.0,jeep,liberty limited 4x4,excellent,6 cylinders,gas,160000.0,clean,automatic,4wd,,,,ct
7477,2007.0,subaru,outback,,,gas,101000.0,clean,manual,,,,black,co
4995,2006.0,nissan,maxima sl,,6 cylinders,gas,153301.0,clean,automatic,fwd,,sedan,white,la
9900,2011.0,honda,accord ex coupe at,excellent,4 cylinders,gas,167346.0,,automatic,,,coupe,,ca
38590,2017.0,nissan,titan xd crew cab sv,good,8 cylinders,gas,26539.0,clean,other,,,pickup,black,ct
23987,2018.0,audi,a4,,4 cylinders,gas,56875.0,clean,automatic,4wd,compact,sedan,silver,nv
32999,2014.0,toyota,fj cruiser,excellent,6 cylinders,gas,131270.0,clean,automatic,4wd,full-size,SUV,black,ca
28000,2018.0,toyota,highlander,,6 cylinders,gas,87196.0,clean,automatic,4wd,,SUV,red,mn
34900,2017.0,ford,f-250 super duty,,,diesel,204000.0,clean,automatic,,,,,mi
23950,2012.0,lexus,ls 460 sedan rwd,excellent,8 cylinders,gas,58875.0,,automatic,,,sedan,,az
59334,2020.0,ford,super duty f250 srw xlt,,,diesel,5903.0,clean,automatic,,,,,fl
14990,2017.0,kia,forte5 lx hatchback 4d,good,,gas,52593.0,clean,other,fwd,,hatchback,white,ny
33590,2014.0,jeep,wrangler unlimited,,6 cylinders,gas,20033.0,clean,automatic,4wd,mid-size,SUV,brown,co
19995,2012.0,chevrolet,express 3500 cargo,excellent,8 cylinders,gas,110176.0,clean,automatic,rwd,full-size,van,white,id
19995,2019.0,volkswagen,jetta se,excellent,4 cylinders,gas,7952.0,clean,automatic,fwd,,sedan,blue,ak
6500,2008.0,chrysler,town & country,excellent,6 cylinders,gas,150214.0,clean,automatic,fwd,full-size,van,custom,mo
63999,2019.0,gmc,lifted sierra diesel duramax,,,diesel,46758.0,clean,automatic,4wd,,truck,black,wa
391,2014.0,ford,f-150,,8 cylinders,gas,86214.0,clean,automatic,4wd,,truck,,or
4500,2006.0,mazda,6,excellent,6 cylinders,gas,124000.0,clean,automatic,fwd,full-size,sedan,silver,ct
2500,2001.0,gmc,yukon,fair,8 cylinders,gas,241651.0,clean,automatic,,,SUV,green,tx
30990,2014.0,chevrolet,suburban 1500 ltz,good,8 cylinders,other,87922.0,clean,other,4wd,,other,white,tx
11900,2011.0,toyota,sienna,excellent,6 cylinders,gas,115501.0,clean,automatic,4wd,,wagon,grey,ny
22990,2014.0,lexus,gs 350 sedan 4d,good,6 cylinders,gas,53050.0,clean,automatic,rwd,,sedan,white,mi
39990,2019.0,nissan,370z nismo coupe 2d,good,6 cylinders,gas,8373.0,clean,other,rwd,,coupe,white,fl
39436,2013.0,toyota,fj cruiser 4x4 gas suv,,,gas,63251.0,clean,automatic,4wd,,SUV,black,ut
17999,2010.0,jeep,wrangler,,,gas,129011.0,clean,manual,4wd,,SUV,green,tn
2800,2009.0,hyundai,elantra,good,4 cylinders,gas,256200.0,clean,automatic,fwd,compact,sedan,grey,nc
26990,2014.0,lexus,ls 460 sedan 4d,good,,other,96454.0,clean,automatic,rwd,,sedan,red,mi
3200,1994.0,honda,civic del sol,,,gas,221000.0,clean,manual,,,,,ca
3500,2015.0,hyundai,sonata,,,gas,105852.0,clean,automatic,,,,,tn
29488,2013.0,chevrolet,silverado 1500 4wd,good,8 cylinders,other,24469.0,clean,automatic,4wd,,pickup,white,ca
13997,2010.0,subaru,outback 3.6r limited local trade*low miles* new brakes & rotors*new power steering pump*new air & cabin filters*all 4 new tires*0-accidents*non smoker,,6 cylinders,gas,90915.0,clean,automatic,4wd,,wagon,grey,ca
25990,2019.0,infiniti,qx30 essential sport,good,,other,11768.0,clean,other,fwd,,hatchback,,sc
12000,2011.0,ford,f150,excellent,8 cylinders,gas,171000.0,salvage,automatic,4wd,,,black,tx
17998,2018.0,ford,fusion,excellent,,gas,32734.0,clean,automatic,fwd,,sedan,,oh
1000,2006.0,,SUZUKI FORENZA,,,gas,132358.0,clean,automatic,,,,,ks
21550,2014.0,ford,f-150,,6 cylinders,gas,144549.0,clean,automatic,4wd,,truck,grey,mi
23590,2018.0,mitsubishi,outlander phev gt,good,,other,48933.0,clean,other,4wd,,other,white,ca
22421,2015.0,mercedes-benz,e-class,excellent,,gas,55494.0,clean,automatic,rwd,,sedan,black,or
12995,2014.0,infiniti,q50,,,gas,106995.0,clean,automatic,4wd,,sedan,,ny
1500,2019.0,toyota,camry,excellent,,gas,24360.0,clean,automatic,fwd,,sedan,grey,fl
33264,2019.0,toyota,highlander,,,gas,40412.0,clean,automatic,fwd,,wagon,black,il
7000,1994.0,gmc,,good,8 cylinders,gas,160000.0,clean,automatic,rwd,full-size,convertible,yellow,ca
17999,2017.0,ford,escape,,4 cylinders,gas,43100.0,,automatic,4wd,,SUV,,tn
14995,2012.0,chevrolet,silverado 1500 ltz ext. cab 4wd,,,,171726.0,,automatic,4wd,,pickup,,wa
16499,2015.0,,Scion FR-S,excellent,4 cylinders,gas,74000.0,clean,automatic,rwd,,coupe,silver,or
5800,2007.0,,HUMMER H3,,,gas,1.0,clean,automatic,4wd,,SUV,black,wi
8990,2013.0,,smart fortwo Passion Hatchback,good,,gas,59072.0,clean,automatic,rwd,,coupe,silver,ny
34839,2020.0,subaru,outback,excellent,,gas,6293.0,clean,automatic,4wd,,SUV,,mt
8900,2004.0,ford,ranger,,,gas,87196.0,clean,automatic,,,,,va
43590,2020.0,acura,mdx sh-awd w/technology,good,6 cylinders,gas,12012.0,clean,other,,,other,silver,in
11999,2013.0,jeep,compass sport,good,4 cylinders,gas,66804.0,clean,other,,,SUV,,wa
27981,2020.0,chrysler,pacifica,,6 cylinders,gas,39740.0,clean,automatic,fwd,,van,black,ca
7875,2008.0,honda,odyssey,good,6 cylinders,gas,103027.0,clean,automatic,fwd,full-size,van,custom,tn
24990,2017.0,alfa-romeo,romeo giulia sedan 4d,good,,gas,51087.0,clean,other,,,sedan,black,in
694,2018.0,ford,f-250,,8 cylinders,diesel,80301.0,rebuilt,automatic,4wd,,truck,,nv
36000,2019.0,ford,transit,good,6 cylinders,gas,38926.0,clean,automatic,rwd,full-size,van,white,ca
6000,1985.0,mercury,capri,good,8 cylinders,gas,109927.0,clean,automatic,fwd,mid-size,convertible,red,mn
45995,2018.0,chevrolet,silverado 2500hd,,,other,27331.0,clean,automatic,rwd,,,white,ca
42990,2019.0,ram,1500 classic,,8 cylinders,gas,25291.0,clean,automatic,4wd,,truck,blue,mi
6200,2012.0,fiat,500 pop 2dr hatchback,good,4 cylinders,gas,62000.0,clean,automatic,fwd,,coupe,white,pa
51999,2015.0,ford,super duty f-350 srw laria,,8 cylinders,diesel,121033.0,clean,automatic,4wd,,truck,,or
28200,2013.0,gmc,1500 sierra sle,excellent,8 cylinders,gas,66300.0,clean,automatic,rwd,full-size,pickup,white,ca
20495,2017.0,subaru,legacy,excellent,4 cylinders,gas,53766.0,clean,automatic,4wd,mid-size,sedan,white,or
9000,2011.0,nissan,maxima sv--we finance!!,,,gas,152608.0,clean,automatic,fwd,,sedan,,nc
21995,2015.0,ram,1500,,,diesel,118260.0,clean,automatic,,,,,tx
24415,2016.0,mazda,mx-5 miata,,,gas,12525.0,clean,automatic,rwd,,convertible,,ar
8700,2013.0,nissan,altima 2.5,,,gas,111801.0,clean,automatic,,,,,wi
41500,2016.0,ford,f250 super duty,like new,8 cylinders,gas,85454.0,clean,automatic,4wd,,pickup,grey,ny
34990,2018.0,mercedes-benz,gle 350 sport,good,6 cylinders,gas,30120.0,clean,automatic,rwd,,other,white,tx
10800,2013.0,honda,odyssey,good,6 cylinders,gas,65000.0,salvage,automatic,fwd,full-size,mini-van,silver,mn
7500,1985.0,chevrolet,c-10,fair,8 cylinders,gas,87123.0,clean,automatic,rwd,full-size,truck,white,ga
4495,2006.0,gmc,envoy,,,gas,174012.0,clean,automatic,,,,,mi
22900,2014.0,bmw,7 series 740li,new,,gas,81000.0,clean,automatic,,,,white,sc
25650,1995.0,volkswagen,eurovan camper,excellent,5 cylinders,gas,192.0,clean,manual,,,,,ca
13988,2014.0,mazda,mazda3 i sport,good,4 cylinders,gas,65253.0,clean,other,fwd,,sedan,white,wa
7000,1975.0,,1975 nova,,8 cylinders,gas,100000.0,clean,automatic,,,,,ca
36499,2016.0,chevrolet,colorado,excellent,,diesel,54817.0,clean,automatic,4wd,,,,wa
32990,2019.0,chevrolet,colorado crew cab lt,good,6 cylinders,other,14120.0,clean,other,,,pickup,red,pa
17990,2018.0,kia,optima s sedan 4d,good,,gas,78956.0,clean,other,fwd,,sedan,blue,tx
21999,2018.0,honda,accord,,4 cylinders,gas,82922.0,clean,automatic,fwd,,sedan,white,ca
8997,2010.0,ford,mustang,excellent,6 cylinders,gas,175814.0,clean,automatic,rwd,sub-compact,coupe,red,ca
8800,2000.0,volkswagen,,good,6 cylinders,gas,140000.0,salvage,automatic,fwd,mid-size,mini-van,grey,ne
3700,2008.0,mazda,mazda3,like new,4 cylinders,gas,195027.0,clean,other,fwd,,sedan,green,nc
5495,2006.0,toyota,highlander,,,gas,210677.0,clean,automatic,fwd,,SUV,blue,ca
8988,2005.0,pontiac,bonneville,,,gas,110362.0,clean,automatic,,,other,red,il
14618,2013.0,ford,edge sport awd! awd,excellent,6 cylinders,gas,126599.0,,automatic,4wd,,SUV,,mi
20987,2006.0,ram,2500,,6 cylinders,diesel,185025.0,clean,automatic,4wd,,pickup,red,fl
68367,2020.0,chevrolet,silverado 2500hd,,,diesel,22670.0,clean,automatic,4wd,,pickup,black,mo
9900,2003.0,chrysler,town & country,,6 cylinders,gas,25247.0,clean,automatic,,,van,,co
24621,2014.0,gmc,sierra 1500 slt,,,gas,153951.0,clean,automatic,,,,,wi
14997,2006.0,subaru,baja sport arizona rust free* all service records since new*new timing belt*new brakes&rotors*new tune up*new tires*new struts*smoke free*zero oil leaks*rare find,,4 cylinders,gas,124261.0,clean,automatic,4wd,,pickup,silver,wa
22590,2017.0,lincoln,mkz premiere hybrid,good,,gas,22214.0,clean,other,fwd,,sedan,silver,ky
17990,2019.0,chevrolet,trax lt sport utility,good,,other,19938.0,clean,other,,,hatchback,white,mi
57950,2018.0,mercedes-benz,c-class,,,gas,24222.0,clean,automatic,,compact,coupe,silver,tn
24995,2020.0,ford,fusion hybrid,,,gas,4999.0,clean,automatic,fwd,,,black,nj
21995,2019.0,jeep,cherokee,,,gas,26284.0,clean,automatic,fwd,,,,tx
10980,2012.0,subaru,legacy,,4 cylinders,gas,121191.0,clean,other,4wd,,sedan,blue,ca
11980,2013.0,nissan,altima,,4 cylinders,gas,96810.0,clean,automatic,fwd,,sedan,black,id
8880,2009.0,ford,flex,,,gas,178413.0,clean,automatic,,,SUV,black,ga
15990,2017.0,hyundai,elantra se sedan 4d,good,,gas,26164.0,clean,other,fwd,,sedan,black,ca
18990,2014.0,ford,focus st hatchback 4d,good,,other,63340.0,clean,other,fwd,,hatchback,silver,ct
37995,2019.0,ford,f-150,,,other,88400.0,clean,automatic,4wd,,pickup,,tx
35995,2020.0,dodge,challenger,excellent,8 cylinders,gas,6111.0,clean,automatic,rwd,mid-size,coupe,,tx
12102,2013.0,ford,flex,good,6 cylinders,gas,122327.0,clean,automatic,4wd,,wagon,custom,dc
2500,2008.0,toyota,corolla,,,gas,123000.0,clean,automatic,,,,,ny
19798,2017.0,buick,enclave,excellent,,gas,102572.0,clean,automatic,4wd,,SUV,,oh
9900,1990.0,buick,reatta,excellent,6 cylinders,gas,115000.0,clean,automatic,fwd,compact,coupe,black,in
25900,2012.0,toyota,sienna,,6 cylinders,gas,128356.0,clean,automatic,fwd,,,silver,co
4500,1961.0,,1961 Volkswagon,,,gas,1.0,clean,manual,,,,,nv
7995,2008.0,gmc,acadia,good,6 cylinders,gas,157211.0,clean,automatic,4wd,full-size,SUV,brown,mn
29990,2018.0,audi,a6 2.0t premium plus sedan,good,,other,35992.0,clean,automatic,,,sedan,blue,ct
11599,2013.0,hyundai,elantra,,4 cylinders,gas,64650.0,clean,automatic,fwd,mid-size,sedan,black,id
5000,2006.0,mercedes-benz,,excellent,6 cylinders,gas,169000.0,clean,automatic,rwd,full-size,sedan,blue,sc
23481,2017.0,ford,expedition,good,6 cylinders,gas,84051.0,clean,automatic,4wd,,wagon,white,wi
13500,2013.0,ford,focus titanium,like new,4 cylinders,gas,35640.0,clean,automatic,fwd,,sedan,white,mi
26990,2017.0,ford,expedition xlt sport,good,,other,71758.0,clean,other,,,other,white,tx
17691,2011.0,chevrolet,silverado 1500,,8 cylinders,gas,156163.0,clean,automatic,4wd,,truck,red,tn
28590,2010.0,chevrolet,camaro ss coupe 2d,good,8 cylinders,gas,16903.0,clean,other,rwd,,coupe,yellow,wv
29999,2013.0,ford,f550 xl - 16ft box truck,excellent,8 cylinders,diesel,118005.0,,automatic,,,SUV,,mn
9850,2005.0,toyota,tacoma access cab,good,6 cylinders,gas,166000.0,clean,automatic,rwd,,pickup,,in
40990,2020.0,bmw,5 series 530i sedan 4d,good,,gas,16929.0,clean,other,rwd,,sedan,black,ga
32590,2018.0,alfa-romeo,romeo stelvio sport suv 4d,good,,other,14863.0,clean,other,,,hatchback,blue,ny
114999,2006.0,,freightliner business class m2,good,6 cylinders,diesel,35000.0,clean,automatic,rwd,full-size,pickup,yellow,nj
6800,1994.0,acura,integra,excellent,4 cylinders,gas,112000.0,clean,manual,fwd,compact,coupe,green,ca
11999,2020.0,buick,encore,,,gas,2500.0,rebuilt,automatic,,,,,tx
154,2013.0,hyundai,elantra,,4 cylinders,gas,65731.0,clean,automatic,fwd,,coupe,,or
8995,2013.0,lincoln,mkt,excellent,6 cylinders,gas,99797.0,clean,automatic,4wd,,sedan,black,fl
2700,2004.0,buick,lesabre,good,6 cylinders,gas,200000.0,clean,automatic,rwd,mid-size,sedan,brown,ks
316,2010.0,chevrolet,silverado 1500 lt,,8 cylinders,gas,66258.0,clean,automatic,rwd,,,,ca
23000,2018.0,chevrolet,camaro lt,excellent,6 cylinders,gas,42000.0,clean,automatic,rwd,compact,coupe,white,az
23972,2017.0,dodge,durango gt,excellent,6 cylinders,gas,88134.0,lien,automatic,rwd,mid-size,SUV,black,tx
27987,2019.0,ford,edge,,4 cylinders,gas,30583.0,clean,automatic,4wd,,SUV,black,or
27990,2014.0,dodge,durango r/t sport utility,good,,other,40911.0,clean,other,,,other,black,az
25990,2019.0,ford,f150 regular cab xlt pickup,good,6 cylinders,gas,21480.0,clean,other,,,pickup,black,ny
6495,2011.0,buick,enclave,,,gas,146106.0,clean,automatic,,,,,mi
21000,2009.0,ram,2500,excellent,6 cylinders,diesel,175.0,clean,automatic,4wd,full-size,pickup,black,nm
3995,2007.0,cadillac,cts,,,gas,126612.0,clean,automatic,,,,,mi
3495,2006.0,dodge,dakota,,,gas,105000.0,clean,automatic,,,truck,white,mn
34990,2008.0,ram,,,,diesel,122084.0,clean,automatic,4wd,,pickup,silver,or
21990,2020.0,volkswagen,golf 1.4t tsi,good,,gas,2515.0,clean,other,fwd,,sedan,black,dc
26190,2018.0,subaru,crosstrek,,4 cylinders,gas,9605.0,clean,automatic,4wd,compact,wagon,black,md
30980,2013.0,audi,s6,,8 cylinders,gas,38807.0,clean,automatic,4wd,,sedan,black,id
23995,2017.0,toyota,tacoma,excellent,,gas,149000.0,clean,automatic,4wd,,pickup,silver,ma
19978,2017.0,honda,accord,,4 cylinders,gas,33052.0,clean,automatic,fwd,mid-size,sedan,silver,ca
27590,2019.0,ford,flex limited sport utility,good,6 cylinders,gas,28287.0,clean,other,fwd,,hatchback,black,nv
37999,2016.0,chevrolet,2500,,,diesel,151913.0,clean,automatic,,,,,tx
15500,2018.0,hyundai,elantra,excellent,4 cylinders,gas,30000.0,clean,automatic,fwd,compact,sedan,black,oh
20995,2017.0,ford,flex sel,excellent,6 cylinders,gas,92528.0,clean,automatic,fwd,full-size,SUV,white,id
30990,2018.0,lincoln,mkx reserve sport,good,,other,30417.0,clean,automatic,,,SUV,black,oh
11000,1964.0,dodge,dart gt,good,8 cylinders,gas,1000.0,clean,automatic,,,sedan,,ny
7500,1997.0,ford,mustang,excellent,8 cylinders,gas,82000.0,clean,manual,rwd,,convertible,green,id
8500,2011.0,chevrolet,cruz ltz,like new,4 cylinders,gas,68000.0,clean,manual,fwd,,,black,ny
6995,2011.0,ford,explorer,,,gas,213302.0,clean,automatic,,,,,mi
1,2014.0,ford,f-150,excellent,8 cylinders,gas,113589.0,clean,automatic,,,,,fl
20590,2017.0,toyota,camry xse sedan 4d,good,,other,7486.0,clean,other,fwd,,sedan,white,la
55995,2015.0,ram,2500,,6 cylinders,diesel,48067.0,clean,automatic,4wd,,truck,silver,or
15990,2020.0,kia,rio s sedan 4d,good,,gas,7174.0,clean,other,fwd,,sedan,silver,ny
2999,2009.0,nissan,altima,,,gas,160000.0,clean,automatic,,,,,mi
24990,2018.0,ford,flex se sport utility 4d,good,,other,12928.0,clean,other,fwd,,hatchback,,tx
35999,2019.0,ford,lifted ranger xlt fx4 4x4,,,gas,27075.0,clean,automatic,4wd,,truck,silver,wa
9999,2014.0,ford,f150,,,gas,123000.0,clean,automatic,,,,,ca
1500,1987.0,,International 1654,salvage,8 cylinders,diesel,41776.0,clean,automatic,rwd,,truck,white,co
11495,2012.0,lexus,is 250,,,gas,110255.0,clean,automatic,,,,,mn
25000,1973.0,chevrolet,c10 silverado,excellent,8 cylinders,gas,79431.0,clean,automatic,4wd,full-size,truck,blue,co
13990,2016.0,,Scion iM Hatchback 4D,good,,gas,86543.0,clean,other,fwd,,hatchback,red,wi
18995,2014.0,toyota,avalon,,6 cylinders,gas,48459.0,,automatic,fwd,,sedan,red,fl
33877,2019.0,chevrolet,express 2500 cargo van,like new,8 cylinders,gas,11714.0,clean,automatic,rwd,full-size,van,white,md
22590,2015.0,lexus,nx 200t f sport suv 4d,good,,gas,61446.0,clean,automatic,fwd,,hatchback,red,mo
15999,2016.0,kia,sorento,,,gas,106607.0,clean,automatic,4wd,,wagon,,wa
25995,2016.0,honda,cr-v,,,gas,32944.0,clean,automatic,fwd,,SUV,,ak
332,2011.0,chevrolet,silverado 1500,excellent,8 cylinders,gas,109903.0,,automatic,,,truck,,ca
13995,2016.0,ford,expedition,,,gas,185713.0,clean,automatic,,,,,mi
24995,2010.0,jeep,wrangler unlimited,excellent,6 cylinders,gas,97308.0,,automatic,4wd,,SUV,,tx
56995,2019.0,ford,f250 4wd,excellent,,diesel,42858.0,clean,automatic,4wd,,,white,ca
431,2022.0,mitsubishi,eclipse cross sel,excellent,4 cylinders,gas,5.0,,automatic,4wd,,SUV,,or
1,2014.0,ram,1500,excellent,6 cylinders,gas,70995.0,clean,other,4wd,full-size,truck,grey,fl
5995,2006.0,ford,expedition,excellent,8 cylinders,gas,178261.0,clean,automatic,rwd,,SUV,white,fl
7950,2004.0,mercedes-benz,benz,,,gas,65680.0,clean,automatic,,,,,nj
17995,2017.0,toyota,rav4,,,gas,45854.0,clean,automatic,,,,,nj
30990,2015.0,toyota,tacoma double cab,good,6 cylinders,gas,34375.0,clean,other,,,pickup,white,il
7995,2007.0,bmw,3 series,,6 cylinders,gas,91793.0,clean,automatic,4wd,compact,sedan,white,fl
21998,2012.0,chevrolet,avalanche,excellent,8 cylinders,gas,171248.0,clean,automatic,4wd,full-size,truck,silver,nc
324,2017.0,ford,fusion titanium,excellent,4 cylinders,gas,39792.0,,automatic,,,sedan,,wa
26950,2017.0,ram,pickup 1500,excellent,8 cylinders,gas,63123.0,clean,automatic,4wd,mid-size,truck,red,ny
30590,2020.0,ford,ranger supercab xl pickup,good,,gas,10740.0,clean,other,,,pickup,,or
7000,2013.0,toyota,prius two hatchback 4d,excellent,4 cylinders,gas,156840.0,clean,automatic,fwd,mid-size,hatchback,silver,nc
15995,2015.0,honda,civic,,4 cylinders,gas,66919.0,clean,automatic,fwd,,sedan,black,hi
100000,2021.0,ford,f-150,,,gas,100.0,clean,automatic,,,,,nc
26590,2019.0,ram,1500 classic regular cab,good,8 cylinders,gas,15807.0,clean,other,,,pickup,white,wi
39999,2017.0,ram,1500,,8 cylinders,gas,52216.0,clean,automatic,4wd,,truck,custom,wa
16300,1985.0,,1985 Mustang GT,excellent,8 cylinders,gas,47000.0,clean,manual,rwd,compact,hatchback,grey,mi
22590,2015.0,hyundai,genesis coupe 3.8 2d,good,6 cylinders,gas,20346.0,clean,other,rwd,,coupe,,pa
49141,2020.0,jeep,gladiator,,,gas,565.0,clean,automatic,4wd,,pickup,,fl
40995,2011.0,gmc,sierra 2500hd denali,,8 cylinders,diesel,139856.0,clean,automatic,4wd,,truck,white,or
33590,2017.0,ford,mustang gt coupe 2d,good,8 cylinders,gas,10744.0,clean,other,rwd,,coupe,,oh
19995,2013.0,jeep,wrangler,,,gas,74879.0,clean,automatic,4wd,,SUV,white,tx
43500,2017.0,chevrolet,camero ss 1le,like new,,gas,26500.0,clean,manual,,,,,tx
15900,2018.0,cadillac,ct6,,6 cylinders,gas,29000.0,salvage,other,4wd,,sedan,black,pa
32999,2016.0,ford,f150 xlt sport 4x4 half ton,,,gas,80482.0,clean,automatic,4wd,,truck,black,wa
63995,2020.0,ford,f-250 superduty lifted stx 8ft 6.7l diesel,,8 cylinders,other,21240.0,clean,automatic,4wd,,pickup,white,az
45995,2016.0,jeep,wrangler,,,gas,36458.0,clean,automatic,4wd,,SUV,black,ca
19995,2014.0,lexus,es,,,gas,80000.0,clean,automatic,fwd,,sedan,black,ca
6995,2008.0,chevrolet,silverado 1500 crew cab,,8 cylinders,other,229440.0,clean,automatic,,,pickup,white,ia
11997,2014.0,chrysler,town & country,excellent,,gas,112368.0,clean,automatic,fwd,,mini-van,,ny
6497,2013.0,kia,forte,,,gas,126594.0,clean,automatic,,,sedan,black,ks
18904,2018.0,volkswagen,passat,,4 cylinders,gas,54675.0,clean,automatic,fwd,mid-size,sedan,grey,ga
18500,1987.0,chevrolet,camaro,like new,8 cylinders,gas,59000.0,clean,automatic,rwd,mid-size,coupe,yellow,oh
30990,2018.0,ford,f150 supercrew cab xlt,good,6 cylinders,gas,39945.0,clean,other,,,pickup,black,tx
10995,2010.0,dodge,charger,good,6 cylinders,gas,51000.0,clean,automatic,rwd,full-size,sedan,black,ri
16499,2005.0,toyota,tacoma,excellent,,gas,114484.0,clean,manual,rwd,,pickup,blue,ca
8999,2006.0,toyota,avalon limited w/ navigation / moon roof,,6 cylinders,gas,131822.0,clean,automatic,fwd,,sedan,silver,ca
1700,2008.0,ram,,,,gas,1.0,clean,manual,fwd,,pickup,black,il
33981,2014.0,ford,f-150,,,gas,50000.0,clean,automatic,4wd,,pickup,silver,tx
9250,2003.0,ford,thunderbird,excellent,8 cylinders,gas,135000.0,clean,automatic,rwd,mid-size,convertible,black,wa
26995,2017.0,nissan,nv,,,gas,36661.0,clean,automatic,rwd,,van,white,nh
2950,2006.0,kia,amanti,excellent,6 cylinders,gas,133000.0,clean,automatic,rwd,mid-size,sedan,,tx
5500,1997.0,ford,f super duty,,8 cylinders,diesel,237574.0,clean,manual,rwd,full-size,,white,ca
22590,2015.0,hyundai,genesis 3.8 sedan 4d,good,6 cylinders,gas,51933.0,clean,automatic,rwd,,sedan,silver,ca
7400,2008.0,,hummer h3,excellent,5 cylinders,gas,220200.0,clean,automatic,4wd,full-size,SUV,blue,oh
34900,2011.0,ford,f-150 platinum super crew,excellent,6 cylinders,gas,75000.0,clean,automatic,4wd,full-size,truck,brown,mo
25990,2019.0,ram,1500 classic regular cab,good,8 cylinders,gas,12302.0,clean,other,,,pickup,white,la
5998,2000.0,gmc,yukon xl,,,gas,176146.0,clean,automatic,4wd,,wagon,,mt
9725,2011.0,honda,cr-v,excellent,4 cylinders,gas,142859.0,clean,automatic,4wd,full-size,SUV,red,ky
9000,2014.0,toyota,corolla,good,4 cylinders,gas,100000.0,clean,automatic,fwd,mid-size,sedan,brown,oh
6299,2010.0,chevrolet,cobalt,,4 cylinders,gas,30100.0,rebuilt,automatic,fwd,,sedan,silver,mi
4500,1991.0,pontiac,trans am,fair,8 cylinders,gas,220000.0,clean,automatic,rwd,,convertible,white,wa
3000,2005.0,dodge,grand caravan,,6 cylinders,gas,148000.0,clean,automatic,fwd,,,,fl
5995,2012.0,subaru,legacy,excellent,4 cylinders,gas,110320.0,rebuilt,automatic,4wd,compact,sedan,brown,tx
17500,1994.0,ford,mustang cobra,like new,8 cylinders,gas,36700.0,clean,manual,rwd,,coupe,red,fl
28998,2018.0,dodge,challenger,,6 cylinders,gas,39190.0,clean,automatic,rwd,,coupe,,mt
20990,2018.0,acura,ilx special edition sedan,good,,other,18972.0,clean,other,,,sedan,silver,tn
5900,2009.0,kia,borrego,good,6 cylinders,gas,158000.0,clean,automatic,rwd,compact,SUV,grey,nc
19990,2013.0,,Scion FR-S Coupe 2D,good,,gas,41512.0,clean,other,rwd,,coupe,blue,tn
7999,2006.0,dodge,dakota crew cab 4x4,excellent,8 cylinders,gas,107000.0,rebuilt,automatic,4wd,,pickup,,tn
3995,2012.0,nissan,rogue,,,gas,165000.0,clean,automatic,,,,,la
73559,2020.0,bmw,m4,,,gas,4013.0,clean,automatic,rwd,,convertible,,mo
9500,2013.0,ford,explorer,good,6 cylinders,gas,167000.0,clean,automatic,4wd,mid-size,SUV,black,va
12500,2013.0,honda,odyssey,,,gas,131009.0,clean,automatic,fwd,,mini-van,white,fl
1000,2007.0,ford,escape,fair,6 cylinders,gas,130000.0,salvage,automatic,fwd,,SUV,silver,ca
35590,2018.0,audi,a4 allroad premium wagon 4d,good,,gas,28162.0,clean,other,,,wagon,,mn
15995,2017.0,chevrolet,equinox,,4 cylinders,gas,91297.0,clean,automatic,fwd,,SUV,black,fl
19500,2017.0,nissan,rogue,excellent,,gas,20295.0,clean,automatic,4wd,,SUV,silver,tn
6995,2012.0,ford,fusion,excellent,4 cylinders,gas,129692.0,clean,automatic,fwd,mid-size,sedan,black,wi
15590,2016.0,chevrolet,cruze limited 1lt,good,,gas,45387.0,clean,other,fwd,,sedan,white,ct
30000,2017.0,acura,rlx,,,gas,29545.0,clean,,,,sedan,white,dc
13980,2016.0,volkswagen,jetta,like new,4 cylinders,gas,24691.0,clean,automatic,fwd,mid-size,sedan,white,ks
299,2021.0,ford,mustang convertible,,,gas,5000.0,clean,automatic,,,,,fl
5833,2011.0,chevrolet,cruze,excellent,4 cylinders,gas,171208.0,clean,automatic,fwd,,sedan,white,ia
17783,2019.0,nissan,sentra,,4 cylinders,gas,16731.0,clean,automatic,fwd,,sedan,,or
15455,2014.0,gmc,sierra,,,gas,193497.0,clean,automatic,4wd,,pickup,,mi
6700,2007.0,toyota,rav4,,,gas,153456.0,clean,automatic,,,,blue,ut
4400,2004.0,toyota,camry le,,,gas,154000.0,clean,automatic,,,,,ma
20900,2008.0,chevrolet,silverado 2500hd 4x4,excellent,8 cylinders,gas,68350.0,clean,automatic,4wd,full-size,truck,brown,ny
232,2013.0,lexus,gs 350,,6 cylinders,gas,184179.0,clean,automatic,4wd,,sedan,,or
26995,2012.0,ford,f-150,,6 cylinders,gas,110128.0,clean,automatic,4wd,,truck,grey,or
9500,2012.0,ford,f150 xlt,like new,8 cylinders,gas,180.0,clean,automatic,4wd,full-size,pickup,silver,oh
500,1991.0,,oldsmobile cutlass,fair,6 cylinders,gas,110000.0,clean,automatic,,,,red,or
33993,2020.0,dodge,charger,,6 cylinders,gas,1565.0,clean,automatic,rwd,,sedan,grey,id
23997,2020.0,jeep,cherokee,,4 cylinders,gas,26556.0,clean,automatic,fwd,,SUV,grey,id
14590,2016.0,dodge,dart sxt sport rallye,good,,gas,49160.0,clean,other,fwd,,sedan,silver,ca
6200,2009.0,hyundai,sonata gls 4dr sedan,excellent,4 cylinders,gas,169540.0,clean,automatic,fwd,full-size,sedan,grey,ca
10550,2018.0,nissan,kicks,,4 cylinders,gas,74425.0,rebuilt,automatic,fwd,,SUV,silver,ut
11999,2013.0,chevrolet,impala,excellent,6 cylinders,gas,192932.0,clean,automatic,rwd,full-size,sedan,silver,sc
35000,2019.0,mercedes-benz,benz c300,like new,4 cylinders,gas,12000.0,clean,automatic,rwd,,sedan,white,ca
14480,2014.0,jeep,grand cherokee,,,gas,106000.0,clean,automatic,4wd,,SUV,green,pa
75999,2020.0,ford,f150 supercrew cab,,6 cylinders,gas,19991.0,clean,automatic,4wd,,pickup,,tn
8000,2005.0,jeep,grand cherokee limited 4dr,excellent,8 cylinders,gas,105000.0,clean,automatic,rwd,full-size,SUV,silver,ca
9900,2008.0,ford,f150,excellent,8 cylinders,gas,210000.0,clean,automatic,4wd,full-size,truck,black,ks
36194,2018.0,chevrolet,traverse,,6 cylinders,gas,47655.0,clean,automatic,4wd,,SUV,black,ak
79999,2018.0,ford,f350 diesels powerstroke,,,diesel,15865.0,clean,automatic,4wd,,truck,white,wa
41995,2018.0,toyota,tundra 4wd,,,gas,54071.0,clean,automatic,,,,grey,tx
8500,1965.0,gmc,sierra 1500,,6 cylinders,gas,1000.0,clean,manual,rwd,full-size,,white,ca
5000,2001.0,chevrolet,suburban lt 1500,good,8 cylinders,gas,117437.0,clean,automatic,4wd,full-size,SUV,red,vt
13498,2019.0,ford,fiesta,excellent,,gas,29269.0,clean,automatic,fwd,,hatchback,,oh
4980,2002.0,honda,accord,excellent,,gas,,clean,automatic,fwd,,sedan,black,ca
42900,2012.0,ram,5500,,,diesel,124000.0,clean,automatic,,,,,ri
5500,2004.0,,scion xa base 4dr hatchback,good,4 cylinders,gas,79030.0,clean,automatic,fwd,compact,hatchback,white,tx
20399,2012.0,toyota,tacoma,,6 cylinders,gas,155951.0,clean,automatic,4wd,compact,pickup,white,co
35590,2020.0,infiniti,q50 3.0t luxe sedan 4d,good,6 cylinders,gas,19385.0,clean,other,,,sedan,blue,nc
15995,2012.0,mercedes-benz,c-class,,,gas,55000.0,clean,automatic,,compact,sedan,red,ca
8900,2006.0,lexus,gs,,6 cylinders,gas,147583.0,clean,,,,sedan,silver,ak
26775,2018.0,chrysler,pacifica,,6 cylinders,gas,36586.0,clean,automatic,fwd,,van,red,mi
3300,1994.0,cadillac,deville,excellent,8 cylinders,gas,128438.0,clean,automatic,rwd,full-size,sedan,white,co
17950,2011.0,chevrolet,silverado lt z71 4x4,good,8 cylinders,gas,94206.0,clean,automatic,4wd,full-size,truck,silver,ia
22000,2016.0,nissan,frontier,,,gas,74280.0,clean,automatic,4wd,,,,ia
6500,2007.0,chrysler,aspen limited,good,8 cylinders,gas,137500.0,salvage,automatic,4wd,,SUV,black,nm
79,1997.0,bmw,3 series 318isa,,4 cylinders,gas,147918.0,clean,automatic,rwd,,coupe,,ca
12552,2015.0,nissan,altima,,4 cylinders,gas,61678.0,clean,automatic,fwd,mid-size,sedan,custom,fl
24544,2016.0,mazda,mx-5 miata,,,gas,12525.0,clean,automatic,rwd,,convertible,,mo
9500,2005.0,lexus,ls 430,excellent,8 cylinders,gas,147100.0,clean,automatic,rwd,full-size,sedan,white,il
24950,2008.0,ram,3500,excellent,8 cylinders,diesel,94509.0,clean,automatic,rwd,,truck,,ok
15988,2013.0,ford,edge,like new,,gas,63190.0,clean,automatic,4wd,,,,tx
3000,2005.0,infiniti,g35,good,6 cylinders,gas,190000.0,clean,automatic,rwd,,coupe,silver,ny
39900,2016.0,ford,mustang,excellent,8 cylinders,gas,15566.0,clean,manual,rwd,sub-compact,coupe,red,ny
33495,2012.0,ram,3500 crew cab,,6 cylinders,diesel,145365.0,clean,automatic,4wd,,pickup,white,ut
38777,2012.0,ford,f-350 super duty super duty,,,gas,19000.0,clean,automatic,,,,,ca
1400,1984.0,ford,bronco ii,good,6 cylinders,gas,79000.0,missing,manual,4wd,mid-size,pickup,white,az
14999,2011.0,chevrolet,camaro lt coupe 2d,excellent,6 cylinders,gas,97791.0,,automatic,,,coupe,,ca
28995,2015.0,honda,accord ex,good,6 cylinders,gas,75161.0,clean,automatic,4wd,,sedan,grey,pa
15200,2015.0,,isuzu npr,excellent,4 cylinders,diesel,275000.0,clean,automatic,rwd,,,,fl
28995,2020.0,hyundai,santa fe,,4 cylinders,gas,23500.0,clean,automatic,,,SUV,custom,ak
439,2021.0,mitsubishi,outlander sport se,excellent,4 cylinders,gas,5.0,,automatic,4wd,,SUV,,wa
18900,2014.0,acura,mdx,,6 cylinders,gas,113868.0,clean,automatic,,,SUV,silver,pa
999,2017.0,ford,fusion,excellent,4 cylinders,gas,,clean,automatic,fwd,mid-size,,,fl
2795,2006.0,chevrolet,cobalt,,,gas,153221.0,clean,automatic,fwd,,,red,co
31646,2020.0,chevrolet,blazer lt,,,gas,5267.0,clean,automatic,,,,,fl
32999,2016.0,ford,f150 xlt 4x4 half ton gas,,,gas,66769.0,clean,automatic,4wd,,truck,blue,wa
4999,2006.0,lincoln,zephyr,good,6 cylinders,gas,131022.0,salvage,automatic,fwd,mid-size,sedan,,mi
10500,1964.0,ford,mustang,good,6 cylinders,gas,45000.0,clean,automatic,,,,white,fl
4700,2010.0,dodge,grand caravan,good,6 cylinders,gas,210000.0,clean,automatic,fwd,full-size,mini-van,black,il
30990,2017.0,gmc,sierra 1500 double cab,good,8 cylinders,gas,40050.0,clean,other,,,pickup,blue,pa
13250,2013.0,audi,a4,excellent,4 cylinders,gas,80150.0,clean,automatic,4wd,,sedan,silver,tn
19590,2017.0,volkswagen,e-golf sel premium,good,,other,18017.0,clean,other,fwd,,sedan,white,ny
3488,2010.0,subaru,legacy,,,gas,206864.0,clean,automatic,,,sedan,,ma
52995,2019.0,ram,2500,good,6 cylinders,diesel,90572.0,clean,automatic,4wd,full-size,truck,white,nm
33990,2020.0,infiniti,qx50 luxe sport utility,good,,other,19042.0,clean,other,,,hatchback,brown,in
23642,2016.0,ford,flex,,,gas,92276.0,clean,automatic,,,SUV,red,id
19575,2015.0,chevrolet,camaro,like new,6 cylinders,gas,75394.0,clean,automatic,,full-size,coupe,red,va
2000,2006.0,nissan,maxima,good,6 cylinders,gas,95000.0,clean,automatic,,mid-size,,red,ct
13000,2011.0,chevrolet,silverado,,,gas,153000.0,clean,automatic,,,,,mi
69988,2014.0,ram,2500 mega cab,excellent,6 cylinders,diesel,43866.0,clean,automatic,,,,,mt
6999,2008.0,subaru,b9 tribeca,,,gas,114283.0,clean,automatic,,,SUV,,nj
15300,2003.0,gmc,sierra 2500hd,good,8 cylinders,diesel,198337.0,clean,automatic,4wd,full-size,pickup,white,wy
1800,2003.0,honda,accord,good,4 cylinders,gas,242000.0,salvage,automatic,fwd,mid-size,sedan,grey,id
36223,2019.0,honda,ridgeline,excellent,6 cylinders,gas,14402.0,clean,automatic,4wd,full-size,truck,black,ia
47990,2020.0,bmw,3 series m340i sedan 4d,good,,other,9064.0,clean,other,rwd,,sedan,black,ny
500,2013.0,nissan,altima,,,gas,130000.0,salvage,automatic,,,,,ca
3995,1999.0,,OLDSMOBILE ALERO GLS,like new,6 cylinders,gas,49000.0,clean,automatic,fwd,mid-size,sedan,white,oh
12995,2010.0,lincoln,navigator ultimate 4x4 v8 gps leather moon 3 row dvd loaded,,8 cylinders,gas,101340.0,clean,automatic,4wd,,SUV,white,or
26590,2017.0,lexus,is 200t sedan 4d,good,,other,27317.0,clean,other,rwd,,sedan,black,ct
3800,2002.0,chevrolet,tahoe,,,gas,230000.0,clean,automatic,,,,,ok
6995,2013.0,chevrolet,captiva,,,gas,123203.0,clean,automatic,,,,,mi
32950,2017.0,,genesis g90,excellent,6 cylinders,gas,49821.0,clean,automatic,,full-size,sedan,white,ca
13800,2013.0,ford,econoline e350,excellent,,gas,189500.0,clean,automatic,,,,white,mi
649,2020.0,chevrolet,silverado 2500hd,,,gas,16000.0,clean,automatic,,,,,il
35990,2018.0,ford,mustang gt coupe 2d,good,8 cylinders,gas,5160.0,clean,other,rwd,,coupe,orange,oh
12250,2007.0,toyota,4runner sport edition,,,gas,189000.0,clean,automatic,,,,,al
13995,2010.0,audi,a4,,,gas,103000.0,clean,automatic,,,,,ca
9300,2008.0,jeep,grand cherokee,excellent,8 cylinders,gas,130383.0,clean,automatic,4wd,,SUV,silver,nj
18999,2016.0,ford,econoline 450,good,10 cylinders,gas,150512.0,clean,automatic,rwd,full-size,bus,white,nj
19750,1974.0,dodge,dart,excellent,8 cylinders,gas,48266.0,clean,other,,,,,il
32990,2019.0,ford,f150 super cab xlt pickup,good,6 cylinders,gas,22769.0,clean,other,,,pickup,black,mo
24590,2017.0,chevrolet,silverado 1500 regular,good,6 cylinders,gas,40784.0,clean,other,,,pickup,white,mi
52500,2012.0,chevrolet,silverado 2500hd,excellent,8 cylinders,diesel,49779.0,clean,automatic,4wd,full-size,pickup,white,az
9995,2009.0,chevrolet,impala ls,,,gas,146656.0,clean,automatic,,,,,mi
6000,1989.0,jeep,wrangler yj,good,6 cylinders,gas,124930.0,clean,manual,4wd,full-size,,red,md
59990,2019.0,mercedes-benz,gls 450 4matic,good,6 cylinders,gas,12765.0,clean,other,,,other,black,ky
13900,2006.0,ram,2500,excellent,8 cylinders,gas,138268.0,clean,automatic,4wd,full-size,truck,blue,ky
29990,2015.0,ford,super duty f-250 srw,good,8 cylinders,diesel,169564.0,clean,automatic,4wd,,,white,ia
16950,2011.0,chevrolet,tahoe,,,other,135803.0,clean,automatic,4wd,,SUV,black,oh
30990,2014.0,ford,f150 supercrew cab fx4,good,,other,67344.0,clean,other,4wd,,pickup,orange,ny
35448,2017.0,mercedes-benz,e-class,excellent,,gas,,clean,automatic,rwd,,sedan,,ca
26590,2016.0,bmw,3 series 340i sedan 4d,good,,other,64708.0,clean,other,rwd,,sedan,red,nc
2500,2002.0,jeep,grand cherokee limited,good,8 cylinders,gas,148000.0,clean,automatic,4wd,,SUV,grey,ny
12988,2011.0,gmc,yukon xl slt 4wd,excellent,8 cylinders,gas,126000.0,clean,automatic,4wd,full-size,SUV,grey,mn
64875,2017.0,ford,super duty f-350 srw,,,gas,58135.0,clean,automatic,4wd,,,,ak
18995,2016.0,subaru,crosstrek,like new,4 cylinders,gas,93000.0,clean,manual,4wd,mid-size,wagon,silver,az
29999,2020.0,hyundai,santa fe sel awd gas suv,,,gas,21673.0,clean,automatic,4wd,,SUV,white,ut
16900,2014.0,ford,transit connect,excellent,4 cylinders,gas,35173.0,clean,automatic,fwd,full-size,van,white,tn
42995,2014.0,ford,f-150,excellent,,gas,130630.0,clean,automatic,4wd,,pickup,,or
18590,2017.0,toyota,corolla im hatchback 4d,good,,other,14317.0,clean,other,fwd,,hatchback,silver,ca
26990,2020.0,buick,encore gx essence sport,good,,other,38.0,clean,other,fwd,,other,black,az
22266,2017.0,honda,cr-v,excellent,4 cylinders,gas,19300.0,clean,automatic,fwd,mid-size,SUV,,oh
4000,2013.0,chevrolet,spark,good,4 cylinders,gas,145543.0,clean,manual,fwd,sub-compact,sedan,black,ok
500,2017.0,cadillac,cts,,,gas,50000.0,clean,automatic,,,,,pa
7995,2007.0,audi,a4,,,gas,106457.0,clean,manual,,,other,,ok
12900,2014.0,volkswagen,tiguan,excellent,,gas,110000.0,clean,automatic,,,,,mi
17936,2017.0,jeep,grand cherokee,excellent,4 cylinders,gas,58704.0,clean,automatic,fwd,full-size,SUV,silver,fl
19900,2019.0,chevrolet,traverse lt,,,gas,15500.0,rebuilt,automatic,fwd,,,red,wi
11913,2014.0,chevrolet,equinox ltz,excellent,4 cylinders,gas,113062.0,clean,automatic,fwd,,SUV,blue,ca
19999,2008.0,mercedes-benz,e63 amg,excellent,,gas,86000.0,clean,automatic,,,,,md
14500,2017.0,ford,escape,,4 cylinders,gas,82300.0,clean,automatic,4wd,,SUV,black,mn
5700,2007.0,honda,odyssey ex-l,excellent,6 cylinders,gas,174395.0,clean,automatic,fwd,,mini-van,blue,sd
6950,2013.0,subaru,outback 2.5i,good,4 cylinders,gas,154000.0,clean,automatic,4wd,mid-size,wagon,green,oh
34500,1966.0,ford,mustang,,,gas,98140.0,clean,automatic,,,,,ia
1999,2004.0,bmw,3 series,,,gas,200000.0,salvage,automatic,,,,,ca
36590,2019.0,chevrolet,colorado crew cab z71,good,6 cylinders,gas,28249.0,clean,other,4wd,,pickup,blue,ga
15900,2016.0,volkswagen,golf sportwagen,,4 cylinders,gas,21947.0,clean,automatic,fwd,,wagon,silver,ak
34990,2018.0,,Isuzu NPR HD GAS CREW,good,8 cylinders,gas,23.0,clean,automatic,rwd,,,white,oh
12500,1975.0,dodge,dart swinger,excellent,8 cylinders,gas,43000.0,clean,automatic,rwd,,,,oh
19998,2014.0,toyota,tacoma,excellent,4 cylinders,gas,40451.0,clean,manual,rwd,full-size,truck,grey,ca
33999,2020.0,volkswagen,tiguan,,4 cylinders,gas,14795.0,clean,other,4wd,,SUV,black,or
25990,2016.0,toyota,tacoma access cab sr5,good,,other,79393.0,clean,other,,,pickup,silver,il
48888,2019.0,chevrolet,silverado 1500 trail,,,gas,7951.0,clean,automatic,4wd,,truck,silver,or
17590,2017.0,hyundai,sonata sport sedan 4d,good,,gas,29135.0,clean,automatic,fwd,,sedan,black,nm
3995,2005.0,chrysler,pt cruiser,like new,4 cylinders,gas,81214.0,clean,automatic,fwd,mid-size,hatchback,brown,me
12997,2009.0,saturn,sky,,,gas,71282.0,clean,manual,,,convertible,blue,ca
36900,2018.0,toyota,tacoma,excellent,6 cylinders,gas,43194.0,clean,automatic,fwd,full-size,truck,silver,co
4490,2006.0,gmc,envoy,excellent,,gas,180000.0,clean,automatic,4wd,,SUV,,mn
6800,2005.0,toyota,tacoma,,4 cylinders,gas,225367.0,clean,manual,,,,blue,or
17999,2017.0,honda,accord,,,gas,51719.0,clean,automatic,fwd,,sedan,black,hi
30777,2013.0,cadillac,escalade,,,gas,100468.0,clean,automatic,fwd,,SUV,silver,ca
6200,2011.0,cadillac,cts,good,6 cylinders,gas,175000.0,clean,automatic,4wd,full-size,sedan,black,nj
7800,2016.0,nissan,altima,like new,4 cylinders,gas,92000.0,salvage,automatic,fwd,compact,sedan,white,ks
8995,2007.0,ram,1500,,,gas,122410.0,clean,automatic,,,,,mi
16500,2013.0,honda,civic si,excellent,4 cylinders,gas,72000.0,clean,manual,,,sedan,grey,ca
11200,2011.0,honda,accord ex-l sedan 4d,,,gas,100588.0,clean,automatic,fwd,,sedan,,md
11500,2014.0,hyundai,santa fe,good,6 cylinders,gas,109000.0,clean,automatic,fwd,full-size,SUV,black,ny
500,2017.0,cadillac,ats,,4 cylinders,other,36471.0,clean,automatic,4wd,,sedan,black,mi
10999,2011.0,ford,mustang v6 premium,like new,6 cylinders,gas,117638.0,clean,automatic,,,coupe,silver,tx
4495,2012.0,kia,forte,good,4 cylinders,gas,135000.0,clean,automatic,fwd,mid-size,sedan,black,ct
3999,2009.0,volkswagen,jetta,good,5 cylinders,gas,175495.0,clean,automatic,fwd,,sedan,white,pa
71598,2018.0,mercedes-benz,sl-class,excellent,,gas,,clean,automatic,rwd,,convertible,black,ca
5700,2007.0,infiniti,m35,good,6 cylinders,gas,130000.0,clean,automatic,,,,silver,me
5500,2008.0,,KTM 530,excellent,,gas,4700.0,clean,manual,,,,orange,ca
34590,2017.0,ford,f150 supercrew cab xlt,good,,other,29073.0,clean,other,,,pickup,white,ca
14500,2007.0,dodge,magnum,excellent,,gas,88000.0,clean,automatic,,,,red,az
15900,2011.0,lincoln,mkx,,,gas,58891.0,clean,automatic,,,wagon,white,fl
12879,2014.0,nissan,pathfinder sv 4x4,good,6 cylinders,gas,120136.0,rebuilt,automatic,4wd,,SUV,black,wa
22900,2000.0,lexus,lx 470,,8 cylinders,gas,202000.0,clean,automatic,4wd,,SUV,brown,fl
29990,2017.0,ram,1500 quad cab tradesman,good,6 cylinders,other,31622.0,clean,other,4wd,,pickup,white,ny
29590,2017.0,ford,expedition xlt sport,good,6 cylinders,gas,70760.0,clean,other,4wd,,SUV,blue,fl
3995,1998.0,cadillac,deville,,8 cylinders,gas,109668.0,clean,automatic,fwd,,sedan,custom,az
7999,2012.0,honda,pilot,,6 cylinders,gas,190000.0,clean,automatic,4wd,mid-size,SUV,red,md
32600,2004.0,ford,mustang,like new,8 cylinders,gas,15153.0,clean,manual,rwd,,,silver,nc
19995,2014.0,ram,2500,,,gas,41247.0,clean,automatic,rwd,,pickup,,va
6995,2010.0,toyota,prius,,,other,122317.0,clean,automatic,fwd,,sedan,silver,va
54977,2015.0,chevrolet,corvette,,8 cylinders,gas,4767.0,clean,automatic,rwd,sub-compact,coupe,blue,mo
32990,2018.0,jaguar,e-pace p250 s sport,good,,other,26685.0,clean,other,,,other,white,al
3500,2005.0,honda,civic,fair,4 cylinders,gas,212559.0,clean,automatic,fwd,,coupe,,ca
3700,2003.0,volkswagen,gti,excellent,4 cylinders,gas,130000.0,clean,automatic,fwd,compact,hatchback,silver,mt
17995,2014.0,ford,e-series cargo,excellent,,gas,107324.0,clean,automatic,rwd,,,white,ma
37950,2018.0,ram,1500,excellent,8 cylinders,gas,12092.0,clean,automatic,4wd,,pickup,white,ct
7000,2008.0,honda,fit hatchback,good,,gas,76040.0,clean,automatic,,sub-compact,hatchback,silver,va
4518,2004.0,,Suzuki XL7,,6 cylinders,gas,140538.0,clean,automatic,4wd,,SUV,red,tx
5495,2008.0,honda,civic,,,gas,150153.0,clean,automatic,,sub-compact,sedan,red,ma
6500,2014.0,,CHRYSLEWR 300,good,6 cylinders,gas,111000.0,clean,automatic,fwd,,,,ny
5975,2009.0,honda,accord ex-l,good,6 cylinders,gas,159158.0,clean,automatic,fwd,full-size,sedan,blue,md
27990,2020.0,ford,ranger supercab xl pickup,good,,gas,10688.0,clean,other,,,pickup,white,fl
16900,2017.0,ford,escape se 4x4,excellent,4 cylinders,gas,73800.0,clean,automatic,4wd,mid-size,SUV,brown,ak
20450,2016.0,chevrolet,express cargo van,,,gas,117877.0,clean,automatic,rwd,,van,white,ia
6995,2009.0,toyota,corolla,,4 cylinders,gas,132601.0,clean,automatic,fwd,,sedan,red,co
21990,2017.0,subaru,crosstrek 2.0i premium,good,,gas,36631.0,clean,other,,,hatchback,white,ca
8799,2010.0,bmw,3 series,good,6 cylinders,gas,143465.0,clean,automatic,rwd,,convertible,black,md
6500,2005.0,gmc,c4500,excellent,6 cylinders,gas,160000.0,clean,automatic,rwd,,,white,ny
3450,2005.0,honda,accord lx,like new,4 cylinders,gas,203033.0,clean,automatic,fwd,mid-size,coupe,silver,ks
16990,2017.0,ford,c-max hybrid se wagon 4d,good,,hybrid,26566.0,clean,other,fwd,,wagon,,ma
44950,2017.0,porsche,cayenne,,6 cylinders,gas,57856.0,clean,automatic,,,SUV,black,ca
9200,2015.0,ford,escape se,good,4 cylinders,gas,96000.0,clean,automatic,rwd,full-size,SUV,grey,ca
19999,2009.0,jeep,wrangler unlimi,excellent,6 cylinders,gas,106016.0,clean,manual,4wd,,SUV,black,tn
21975,2017.0,jeep,cherokee,,,gas,96959.0,clean,automatic,4wd,,,,mn
13995,2016.0,chevrolet,cruze limited,,,gas,62892.0,clean,automatic,fwd,,,,nm
21000,1931.0,ford,model a,good,,gas,99999.0,clean,automatic,,,,,tx
20695,2016.0,ford,f-150,,6 cylinders,gas,97745.0,clean,automatic,rwd,,truck,white,oh
75995,2018.0,porsche,panamera,,,gas,49118.0,clean,,,,sedan,black,ny
13850,2009.0,lincoln,town car,,,other,90329.0,clean,automatic,,full-size,sedan,,tx
19870,2012.0,ford,f-150 super cab,excellent,6 cylinders,gas,78641.0,clean,automatic,4wd,full-size,truck,red,in
41995,2015.0,cadillac,escalade 4wd 4dr luxury,,8 cylinders,,92939.0,clean,automatic,4wd,,SUV,custom,il
43990,2020.0,acura,mdx sh-awd w/technology,good,6 cylinders,gas,1944.0,clean,other,,,SUV,silver,mi
12000,2016.0,ram,1500,excellent,,gas,110772.0,clean,automatic,,full-size,,white,oh
19500,2005.0,ford,f350,,,diesel,48000.0,lien,automatic,,,,,ak
7995,2004.0,ford,f150 fx4 super crew 4x4,excellent,8 cylinders,gas,197757.0,clean,automatic,4wd,,pickup,red,il
6500,2005.0,chevrolet,avalanche,excellent,8 cylinders,gas,178517.0,clean,automatic,4wd,mid-size,truck,white,mi
26990,2017.0,audi,a6 2.0t premium plus sedan,good,,gas,32403.0,clean,other,,,sedan,silver,tx
28590,2018.0,audi,a6 2.0t premium sedan 4d,good,,gas,21768.0,clean,other,fwd,,sedan,,ca
6200,2008.0,dodge,grand caravan sxt,excellent,6 cylinders,gas,113000.0,clean,automatic,fwd,full-size,mini-van,silver,sc
7995,2005.0,honda,accord,,4 cylinders,gas,108450.0,clean,manual,fwd,,sedan,blue,hi
5000,2006.0,toyota,prius,good,4 cylinders,hybrid,129064.0,clean,automatic,4wd,compact,hatchback,green,ca
4495,2007.0,mitsubishi,outlander,excellent,6 cylinders,gas,193460.0,clean,automatic,fwd,,SUV,blue,fl
8949,2005.0,nissan,350z,excellent,6 cylinders,gas,125250.0,clean,automatic,rwd,,convertible,,fl
3995,2001.0,bmw,z-3,,6 cylinders,gas,140000.0,clean,automatic,rwd,sub-compact,convertible,black,fl
16750,2014.0,ram,1500,excellent,8 cylinders,gas,111327.0,clean,automatic,4wd,,pickup,red,mn
15580,2015.0,bmw,320i,,,gas,67403.0,clean,automatic,,compact,sedan,black,ct
30990,2016.0,chevrolet,colorado crew cab z71,good,,other,34940.0,clean,other,4wd,,pickup,blue,mi
5995,2008.0,nissan,rogue,excellent,,gas,149810.0,clean,automatic,4wd,,,red,ca
2000,2007.0,ford,f-150,like new,,gas,95000.0,clean,automatic,,full-size,,white,tx
33590,2019.0,mini,convertible cooper s 2d,good,,gas,17037.0,clean,other,fwd,,other,silver,nc
15996,2014.0,honda,cr-v,,4 cylinders,gas,69029.0,clean,automatic,fwd,mid-size,SUV,white,fl
16590,2016.0,kia,sorento lx sport utility 4d,good,,gas,59926.0,clean,automatic,,,SUV,,oh
4800,2010.0,volkswagen,beetle,,5 cylinders,gas,120000.0,clean,manual,,,,,ny
7900,2010.0,ford,explorer xlt,excellent,,gas,208000.0,clean,automatic,,,,,mo
32590,2018.0,cadillac,cts 3.6 luxury sedan 4d,good,6 cylinders,gas,21335.0,clean,other,rwd,,sedan,black,pa
32990,2011.0,bmw,z4 sdrive35is roadster 2d,good,,other,45858.0,clean,other,rwd,,other,red,ma
33990,2019.0,acura,rdx sh-awd sport utility,good,,gas,11902.0,clean,other,,,SUV,red,mo
33990,2018.0,bmw,3 series 328d xdrive sport,good,,gas,30570.0,clean,other,,,wagon,white,tx
25000,2017.0,chrysler,pacifica,,,gas,18780.0,clean,automatic,,,,,hi
11500,2002.0,ford,f150 fx4,excellent,8 cylinders,gas,140000.0,clean,automatic,4wd,,pickup,red,or
27950,2011.0,ford,f-150,,,gas,57608.0,clean,automatic,4wd,,pickup,silver,co
40590,2019.0,ford,f250 super duty regular cab,good,8 cylinders,other,9313.0,clean,other,4wd,,pickup,white,nj
6600,2013.0,honda,civic,excellent,4 cylinders,gas,202382.0,clean,automatic,fwd,,,blue,fl
23990,2020.0,toyota,corolla hatchback xse 4d,good,,gas,3112.0,clean,other,fwd,,hatchback,blue,nc
29898,2020.0,bmw,x2 xdrive28i,like new,6 cylinders,gas,100.0,clean,automatic,4wd,full-size,SUV,white,fl
1,2018.0,dodge,durango,excellent,8 cylinders,gas,34526.0,clean,other,4wd,compact,wagon,white,fl
7395,2011.0,toyota,prius,excellent,4 cylinders,hybrid,151713.0,clean,automatic,fwd,mid-size,sedan,black,or
8990,2014.0,volkswagen,passat,,,gas,62000.0,clean,automatic,,,sedan,,fl
28900,2016.0,ram,2500 4x4,excellent,8 cylinders,gas,97185.0,clean,automatic,4wd,full-size,pickup,grey,tx
42995,2018.0,ram,3500,excellent,8 cylinders,gas,71423.0,clean,automatic,4wd,,,,wi
17980,2015.0,ford,taurus,,6 cylinders,gas,111711.0,clean,automatic,4wd,,sedan,black,ma
7900,2001.0,bmw,540i sport,good,8 cylinders,gas,103000.0,clean,automatic,rwd,,,,ma
4495,2006.0,chevrolet,equinox,,,gas,107000.0,clean,automatic,,,SUV,,mo
28990,2018.0,chevrolet,colorado crew cab work,good,,gas,21523.0,clean,other,,,pickup,,fl
23888,2017.0,ford,f-150,,,other,104582.0,clean,automatic,fwd,,pickup,black,tx
6950,2013.0,ford,fusion,,,gas,158000.0,clean,automatic,,,sedan,black,sd
17900,2009.0,toyota,tacoma,good,6 cylinders,gas,125000.0,clean,automatic,4wd,mid-size,,silver,ma
19500,2017.0,volkswagen,gti,excellent,4 cylinders,gas,20578.0,clean,manual,fwd,,hatchback,,ny
34990,2020.0,buick,enclave essence sport,good,6 cylinders,gas,18318.0,clean,other,,,SUV,red,ct
31500,2015.0,gmc,sierra 1500 slt,,,gas,107796.0,clean,automatic,,,,,mi
12909,2012.0,hyundai,tucson,,4 cylinders,gas,61913.0,clean,automatic,fwd,compact,SUV,black,fl
17533,2014.0,dodge,durango,excellent,6 cylinders,gas,132243.0,clean,automatic,4wd,,SUV,blue,tn
10000,2014.0,subaru,outback limited 2.5i,excellent,4 cylinders,gas,161000.0,clean,automatic,,,wagon,blue,id
26990,2016.0,mazda,mx-5 miata grand touring,good,,gas,7512.0,clean,other,rwd,,other,red,ks
23500,2014.0,ford,f150 4x4 xlt crew,excellent,8 cylinders,gas,90960.0,clean,automatic,4wd,full-size,truck,black,fl
12990,2016.0,chevrolet,equinox,,,gas,56000.0,clean,automatic,fwd,,SUV,,ca
49395,2019.0,chevrolet,silverado trail boss,new,8 cylinders,gas,12700.0,clean,automatic,4wd,full-size,pickup,red,fl
27999,2020.0,nissan,pathfinder,excellent,6 cylinders,gas,791.0,clean,automatic,4wd,,SUV,silver,mn
16995,2016.0,dodge,journey,,,gas,79133.0,clean,automatic,fwd,,SUV,black,or
8499,2007.0,ford,mustang v6 convertible,excellent,6 cylinders,gas,124876.0,clean,automatic,rwd,full-size,convertible,grey,fl
2800,2001.0,subaru,forester,good,4 cylinders,gas,168000.0,clean,automatic,4wd,compact,SUV,grey,nj
6700,2013.0,ford,cmax hybrid,like new,4 cylinders,hybrid,133392.0,clean,automatic,fwd,mid-size,wagon,white,va
19997,2015.0,mercedes-benz,cla,,4 cylinders,gas,52611.0,clean,automatic,fwd,sub-compact,sedan,custom,nv
15590,2016.0,,Scion iM Hatchback 4D,good,,other,41036.0,clean,other,,,hatchback,blue,mn
5995,2002.0,ford,ranger,,,gas,33391.0,clean,automatic,4wd,,pickup,red,oh
15590,2016.0,chevrolet,cruze limited 1lt,good,,gas,7076.0,clean,automatic,fwd,,sedan,blue,ga
4200,2003.0,honda,cr-v- ex,good,4 cylinders,gas,199000.0,clean,automatic,4wd,full-size,,red,ct
3000,1999.0,cadillac,deville,good,8 cylinders,gas,80500.0,clean,automatic,fwd,full-size,coupe,brown,ky
6990,2005.0,lexus,rx 330,excellent,,gas,196579.0,clean,automatic,,,,,md
16895,2017.0,hyundai,santa fe sport,,,gas,74119.0,clean,automatic,fwd,,,white,fl
2750,2003.0,toyota,rav4,fair,4 cylinders,gas,200000.0,clean,automatic,4wd,,SUV,,wa
3499,2010.0,chevrolet,cobalt lt,,4 cylinders,gas,151200.0,clean,automatic,fwd,,sedan,blue,ct
11595,2014.0,ford,escape se awd,excellent,4 cylinders,gas,98000.0,clean,automatic,4wd,mid-size,SUV,grey,pa
54999,2017.0,ford,f250,,,diesel,153390.0,clean,automatic,,,,,ar
10990,2013.0,nissan,sentra s sedan 4d,good,,gas,81557.0,clean,other,fwd,,sedan,red,fl
35000,2015.0,mercedes-benz,benz sprinter 2500 ext,excellent,4 cylinders,diesel,64289.0,clean,automatic,,,van,white,ca
15990,2016.0,,Scion iM Hatchback 4D,good,,gas,34439.0,clean,other,fwd,,hatchback,green,ma
800,2006.0,mazda,3,fair,4 cylinders,gas,1234.0,clean,automatic,fwd,compact,sedan,grey,al
11000,1997.0,jeep,cherokee,excellent,6 cylinders,gas,275000.0,clean,automatic,4wd,,SUV,white,ga
9500,1992.0,cadillac,allante,excellent,8 cylinders,gas,57250.0,clean,automatic,,,,,ny
35590,2011.0,dodge,challenger srt8 coupe 2d,good,8 cylinders,gas,16796.0,clean,other,rwd,,coupe,green,ok
30000,1991.0,chevrolet,step van,excellent,,gas,100000.0,clean,automatic,,,,,pa
5900,2012.0,kia,forte,excellent,4 cylinders,gas,141570.0,clean,automatic,fwd,,sedan,black,oh
34950,2005.0,ram,2500 quad cab,excellent,6 cylinders,diesel,107601.0,clean,manual,4wd,full-size,truck,silver,ca
4995,2011.0,ford,focus ses,fair,4 cylinders,gas,122000.0,clean,automatic,fwd,mid-size,sedan,silver,fl
15999,2010.0,toyota,highlander,,6 cylinders,gas,128742.0,clean,automatic,4wd,,SUV,silver,wa
7200,2013.0,honda,civic lx,like new,4 cylinders,gas,145000.0,rebuilt,automatic,,,,brown,fl
10995,2014.0,nissan,pathfinder,,,gas,185950.0,clean,automatic,,,other,black,id
2995,1992.0,mercedes-benz,300 d,,,diesel,236612.0,clean,automatic,,,,,or
12999,2012.0,subaru,forester,excellent,4 cylinders,gas,105605.0,clean,automatic,4wd,,SUV,,or
26590,2020.0,honda,civic si coupe 2d,good,,gas,9954.0,clean,other,fwd,,coupe,silver,mi
4500,2004.0,honda,accord ex,excellent,4 cylinders,gas,119456.0,clean,automatic,fwd,compact,sedan,grey,ca
19590,2020.0,chevrolet,trax ls sport utility,good,,gas,14615.0,clean,other,fwd,,hatchback,red,ca
23990,2018.0,acura,rdx sport utility 4d,good,6 cylinders,gas,49760.0,clean,automatic,,,SUV,black,mi
14999,2018.0,subaru,outback,,4 cylinders,gas,124422.0,clean,automatic,4wd,,SUV,,wa
19990,2014.0,ford,explorer sport,excellent,6 cylinders,gas,97304.0,clean,automatic,4wd,,SUV,,fl
2000,2006.0,audi,a4,good,4 cylinders,gas,107000.0,salvage,automatic,,mid-size,sedan,black,ca
35990,2020.0,ram,1500 quad cab laramie pickup,good,8 cylinders,gas,21276.0,clean,other,,,pickup,blue,tx
23900,2015.0,chevrolet,silverado 2500,,,gas,144000.0,clean,automatic,,,,,tn
1600,1987.0,,W124 d,fair,6 cylinders,diesel,98000.0,salvage,automatic,rwd,mid-size,sedan,brown,nc
1,2013.0,kia,optima,,,gas,100000.0,clean,automatic,,,,,fl
25999,2017.0,mercedes-benz,c-class,,,gas,36943.0,clean,automatic,,,other,blue,oh
13500,2011.0,bmw,128i convertible,like new,6 cylinders,gas,48500.0,clean,automatic,rwd,,convertible,blue,tx
5995,2009.0,nissan,cube,,,gas,125733.0,clean,automatic,,compact,wagon,blue,pa
6998,2008.0,honda,civic cpe,,,,,,,,,,,nc
16495,2005.0,toyota,mr2 spyder,excellent,,gas,41987.0,clean,manual,rwd,,convertible,blue,ca
52900,2019.0,ram,1500 limited,good,,other,59901.0,clean,automatic,4wd,,pickup,black,ar
19590,2018.0,volkswagen,golf sportwagen tsi s,good,,gas,21639.0,clean,other,fwd,,wagon,blue,ca
7995,2004.0,nissan,titan,good,8 cylinders,gas,129731.0,clean,automatic,4wd,full-size,truck,silver,oh
16772,2019.0,kia,soul,,,gas,49001.0,clean,automatic,fwd,compact,wagon,,id
17850,2013.0,mercedes-benz,ml350,excellent,6 cylinders,gas,108500.0,clean,automatic,4wd,,SUV,,nc
28990,2018.0,alfa-romeo,romeo stelvio sport suv 4d,good,,other,21943.0,clean,other,,,hatchback,black,fl
33995,2013.0,ford,f-250 super duty super duty,,,gas,70000.0,clean,automatic,,,,,co
23990,2018.0,ford,focus st hatchback 4d,good,,gas,15353.0,clean,other,fwd,,hatchback,red,ok
8900,2013.0,mini,cooper s,excellent,,gas,89000.0,clean,manual,fwd,compact,coupe,silver,co
26757,2016.0,chevrolet,colorado,excellent,6 cylinders,gas,59375.0,clean,automatic,4wd,compact,truck,red,oh
321,2019.0,subaru,impreza,,4 cylinders,gas,19432.0,clean,automatic,4wd,,sedan,,or
3200,2008.0,volkswagen,jetta,good,5 cylinders,gas,119000.0,clean,automatic,fwd,mid-size,sedan,white,ny
41990,2019.0,chevrolet,silverado 1500 double,good,,gas,10079.0,clean,other,4wd,,pickup,red,de
23990,2017.0,chevrolet,camaro lt coupe 2d,good,,gas,20446.0,clean,other,rwd,,coupe,red,mo
8995,2015.0,nissan,altima,good,,gas,147797.0,clean,automatic,fwd,,sedan,black,il
3000,2004.0,ford,f-150,good,8 cylinders,gas,200000.0,clean,automatic,fwd,full-size,truck,yellow,tx
14999,2016.0,chevrolet,impala lt,,,gas,82009.0,,automatic,fwd,,sedan,,wa
41997,2018.0,toyota,4runner,excellent,6 cylinders,gas,35213.0,clean,automatic,4wd,,SUV,,tn
3500,2001.0,mitsubishi,eclipse gt,like new,6 cylinders,gas,147000.0,clean,automatic,fwd,,coupe,,pa
19188,2017.0,subaru,legacy,,,gas,32371.0,clean,automatic,,,,black,oh
1500,1991.0,toyota,corolla,good,4 cylinders,gas,109000.0,clean,manual,fwd,compact,sedan,white,ny
32870,2012.0,cadillac,cts-v coupe,excellent,8 cylinders,gas,86350.0,clean,automatic,rwd,mid-size,coupe,black,tx
2550,1996.0,toyota,tercel,,,gas,207000.0,clean,manual,,,,,or
12999,2008.0,ram,2500,excellent,8 cylinders,gas,242027.0,clean,automatic,4wd,full-size,truck,white,az
3495,2007.0,nissan,sentra,,,gas,105830.0,clean,other,,,sedan,,me
12995,2011.0,ford,ranger,,4 cylinders,gas,96107.0,clean,automatic,rwd,,,white,tx
11985,2015.0,dodge,journey,,,gas,107125.0,clean,automatic,,,hatchback,grey,mi
26590,2019.0,ram,1500 classic regular cab,good,8 cylinders,gas,15807.0,clean,other,,,pickup,white,mn
54995,,,olet Silverado 2500HD,,8 cylinders,diesel,59618.0,rebuilt,automatic,4wd,,pickup,white,ia
34590,2015.0,ford,mustang gt premium,good,8 cylinders,gas,30970.0,clean,other,rwd,,other,white,nj
29990,2018.0,toyota,highlander le sport,good,6 cylinders,gas,35134.0,clean,other,,,other,,az
23980,2019.0,hyundai,tucson,,4 cylinders,gas,23636.0,clean,automatic,fwd,mid-size,SUV,custom,tx
4100,2012.0,chevrolet,sonic,,4 cylinders,gas,140441.0,clean,manual,fwd,,sedan,black,md
12488,2012.0,volkswagen,jetta,excellent,,gas,103626.0,clean,automatic,fwd,,sedan,,wa
6250,2007.0,honda,civic,good,4 cylinders,gas,74000.0,clean,manual,fwd,,sedan,brown,ne
14780,2014.0,volkswagen,passat,,4 cylinders,gas,50733.0,clean,automatic,fwd,,sedan,white,nh
27590,2018.0,honda,pilot ex sport utility 4d,good,6 cylinders,gas,25316.0,clean,other,,,other,blue,fl
6823,2014.0,chevrolet,spark,,,gas,128914.0,clean,automatic,,sub-compact,hatchback,red,ca
29990,2016.0,chevrolet,colorado extended cab,good,6 cylinders,gas,17302.0,clean,other,4wd,,pickup,red,mi
34590,2018.0,ford,f150 super cab xl pickup 4d,good,6 cylinders,gas,20856.0,clean,other,,,pickup,white,tn
20999,2013.0,acura,mdx,excellent,,gas,57810.0,clean,automatic,,,SUV,white,ct
4750,2007.0,toyota,camry,,,gas,165000.0,clean,automatic,,,,,dc
19590,2019.0,jeep,renegade sport suv 4d,good,,other,21667.0,clean,other,,,other,black,fl
7500,2001.0,toyota,tacoma,excellent,6 cylinders,gas,129000.0,clean,automatic,,,SUV,grey,ca
36950,2018.0,chevrolet,silverado 2500 hd,excellent,8 cylinders,diesel,128254.0,clean,automatic,4wd,full-size,truck,grey,ca
39800,2001.0,ford,excursion diesel limited,excellent,,diesel,134046.0,clean,automatic,4wd,,,,ok
1988,2005.0,dodge,neon,,,gas,133348.0,clean,automatic,,compact,sedan,blue,ma
10299,2011.0,honda,cr-v,excellent,4 cylinders,gas,113591.0,clean,automatic,4wd,full-size,SUV,grey,va
1500,2003.0,ford,f350 4x4,fair,8 cylinders,gas,140.0,clean,automatic,4wd,,,,vt
2500,1977.0,,V.W,fair,4 cylinders,gas,99999.0,clean,manual,rwd,compact,coupe,black,nh
7000,1987.0,ford,tbird coupe,excellent,4 cylinders,gas,124878.0,clean,automatic,rwd,mid-size,coupe,blue,ga
22990,2011.0,toyota,tacoma double cab,good,,other,91175.0,clean,other,,,pickup,,va
23000,1948.0,,Ford.cope,like new,8 cylinders,gas,123566.0,clean,manual,rwd,compact,coupe,red,oh
3999,2003.0,toyota,highlander,,,gas,187489.0,clean,automatic,,,,,fl
16500,2017.0,chevrolet,traverse,excellent,,gas,112691.0,clean,automatic,4wd,,SUV,,mi
19990,2017.0,honda,accord,,,gas,73696.0,clean,automatic,fwd,,sedan,white,or
27990,2014.0,toyota,tacoma access cab pickup,good,,other,17805.0,clean,other,,,pickup,red,ny
9499,2016.0,dodge,dart,,4 cylinders,gas,113095.0,clean,automatic,fwd,,sedan,black,ca
29590,2017.0,lexus,gs 350 sedan 4d,good,6 cylinders,gas,40565.0,clean,other,rwd,,sedan,blue,fl
11500,2008.0,jeep,wrangler unlimited,excellent,,gas,189000.0,clean,automatic,4wd,,,black,nj
11888,2015.0,chevrolet,impala,,,,124935.0,,automatic,fwd,,sedan,,wa
9900,2014.0,gmc,terrain,,,gas,126606.0,clean,automatic,fwd,,SUV,silver,mi
38590,2020.0,bmw,3 series 330i xdrive sedan,good,,gas,5580.0,clean,other,,,sedan,black,fl
5900,2014.0,ford,focus,like new,4 cylinders,gas,100000.0,clean,automatic,fwd,mid-size,sedan,silver,pa
338,2015.0,ford,expedition l,,6 cylinders,gas,49565.0,clean,automatic,rwd,,SUV,,ca
32300,2019.0,jeep,grand cherokee limited,good,6 cylinders,gas,33288.0,clean,other,,,SUV,white,id
8990,2013.0,chevrolet,equinox 2lt,,4 cylinders,gas,100000.0,clean,automatic,fwd,,,,in
24990,2015.0,acura,mdx sh-awd sport utility,good,,other,61261.0,clean,other,,,SUV,,pa
6950,2009.0,honda,civic,excellent,,gas,107270.0,clean,automatic,fwd,,sedan,,pa
34590,2019.0,bmw,3 series 330i xdrive sedan,good,,other,7460.0,clean,other,,,sedan,black,ny
4150,2005.0,jeep,grand cherokee,good,8 cylinders,gas,219000.0,clean,automatic,4wd,mid-size,SUV,red,in
31990,2017.0,gmc,sierra 1500 double cab,good,6 cylinders,gas,31496.0,clean,automatic,4wd,,pickup,black,ny
32995,2017.0,lexus,rx 350,,6 cylinders,gas,26541.0,clean,automatic,fwd,mid-size,SUV,black,fl
31590,2019.0,honda,ridgeline sport pickup 4d,good,6 cylinders,gas,11397.0,clean,other,,,pickup,silver,fl
31995,2010.0,ford,super duty f-350 drw,,8 cylinders,diesel,92667.0,clean,automatic,4wd,,truck,white,wa
3500,2007.0,subaru,outback,fair,4 cylinders,gas,182086.0,clean,manual,4wd,mid-size,wagon,silver,mn
16900,2014.0,subaru,legacy,good,,gas,48630.0,clean,automatic,4wd,,sedan,grey,ca
19499,2015.0,ford,explorer,,6 cylinders,gas,107319.0,clean,automatic,4wd,,SUV,white,co
5900,2002.0,mercedes-benz,c-class,good,6 cylinders,gas,88785.0,clean,automatic,rwd,mid-size,sedan,brown,nv
29990,2008.0,chevrolet,express commercial cutaway,good,6 cylinders,diesel,65073.0,clean,automatic,rwd,,,white,ny
11595,2014.0,subaru,xv crosstrek,like new,4 cylinders,gas,154464.0,clean,automatic,,,,,ca
17499,2017.0,gmc,savana cargo,,8 cylinders,gas,101501.0,clean,automatic,rwd,full-size,van,white,md
42000,2015.0,mercedes-benz,sprinter 2500,like new,6 cylinders,diesel,78500.0,clean,automatic,fwd,full-size,van,white,nj
34995,2014.0,ram,2500,good,6 cylinders,diesel,197754.0,clean,automatic,4wd,full-size,truck,white,mi
68900,2017.0,chevrolet,silverado 2500 high country lifted diesel 4x4 loaded,,8 cylinders,other,31499.0,clean,automatic,4wd,,pickup,white,or
7200,2008.0,honda,civic sdn,excellent,4 cylinders,gas,98520.0,clean,automatic,fwd,sub-compact,sedan,red,in
34788,2019.0,ford,transit van,good,6 cylinders,gas,27999.0,clean,automatic,rwd,full-size,van,white,tx
8995,2012.0,buick,lacrosse,,,other,58427.0,salvage,automatic,4wd,,sedan,,pa
6700,2008.0,jeep,grand cherokee laredo 4x4,,6 cylinders,gas,132000.0,clean,automatic,,,,,ny
51988,2021.0,chevrolet,silverado,like new,8 cylinders,gas,7652.0,clean,automatic,4wd,,,,tx
4975,1999.0,gmc,yukon slt,excellent,8 cylinders,gas,195000.0,clean,automatic,rwd,mid-size,SUV,custom,ca
9995,2010.0,ford,f150,,,gas,124206.0,clean,automatic,,,,,mi
12000,2011.0,lincoln,mkx(awd)limited,excellent,6 cylinders,gas,142000.0,clean,automatic,,full-size,SUV,black,fl
29990,2019.0,ford,f150 regular cab xl pickup,good,6 cylinders,other,14077.0,clean,other,,,pickup,white,ok
14388,2016.0,chevrolet,impala ls fleet,excellent,6 cylinders,other,68270.0,clean,automatic,fwd,full-size,sedan,white,ca
69991,2019.0,ford,f-350 super duty lariat,excellent,8 cylinders,diesel,43543.0,,automatic,4wd,,truck,,hi
11995,2013.0,dodge,durango crew awd,excellent,6 cylinders,gas,179753.0,clean,automatic,4wd,,SUV,black,wi
18590,2017.0,jeep,renegade latitude sport,good,,other,26337.0,clean,other,,,other,orange,ca
3495,2005.0,chevrolet,malibu classic,,,gas,91000.0,clean,automatic,,,,,wi
8000,2004.0,ford,f-150 lariat supercab,good,8 cylinders,gas,184500.0,clean,automatic,4wd,full-size,pickup,white,mn
30990,2018.0,alfa-romeo,romeo stelvio ti sport,good,,gas,16714.0,clean,other,,,hatchback,red,wi
27777,2014.0,toyota,tacoma prerunner v6,,6 cylinders,gas,99000.0,clean,automatic,,,truck,grey,ca
16899,2011.0,dodge,durango crew,excellent,8 cylinders,gas,111013.0,clean,automatic,4wd,,SUV,,az
4500,2004.0,honda,element ex,good,4 cylinders,gas,193000.0,clean,automatic,4wd,mid-size,SUV,green,tx
64995,2017.0,ford,f-250 superduty lariat crew 6.7 liter,,8 cylinders,other,67340.0,clean,automatic,4wd,,pickup,white,co
21000,2016.0,ford,explorer sport,excellent,6 cylinders,gas,95000.0,clean,automatic,4wd,,SUV,,nj
16990,2014.0,mini,paceman cooper s all4,good,,other,76676.0,clean,other,,,hatchback,silver,ga
64500,1962.0,,Corvette C1,excellent,8 cylinders,gas,115000.0,clean,manual,rwd,,convertible,red,ny
25990,2019.0,ram,1500 classic regular cab,good,8 cylinders,gas,12302.0,clean,other,,,pickup,white,va
5995,2007.0,volkswagen,jetta wolfsburg edition,,5 cylinders,gas,157154.0,clean,automatic,fwd,,sedan,black,or
12590,2012.0,,Scion xD Hatchback 4D,good,,gas,60589.0,clean,other,fwd,,hatchback,white,ca
8400,2018.0,kia,forte lx,excellent,4 cylinders,gas,44000.0,salvage,automatic,fwd,compact,sedan,white,nc
16900,2011.0,mercedes-benz,benz e350,like new,6 cylinders,gas,73000.0,clean,automatic,rwd,mid-size,coupe,white,az
25590,2018.0,volkswagen,golf gti s hatchback,good,,gas,13269.0,clean,other,fwd,,sedan,blue,ma
6900,2011.0,hyundai,sonata,,,,,,,,,,,pa
38590,2017.0,nissan,titan xd crew cab sv,good,8 cylinders,other,46377.0,clean,other,4wd,,pickup,black,az
15590,2016.0,chevrolet,cruze limited 1lt,good,,gas,7076.0,clean,automatic,fwd,,sedan,blue,ar
49999,2016.0,gmc,sierra 3500hd denali,,8 cylinders,diesel,181612.0,clean,automatic,4wd,,truck,,or
4985,2012.0,hyundai,accent,excellent,,gas,193430.0,clean,manual,fwd,,hatchback,red,ca
2995,2002.0,volkswagen,beetle,,,gas,153342.0,clean,automatic,,sub-compact,hatchback,yellow,wa
8788,2015.0,nissan,sentra sv,excellent,4 cylinders,gas,70340.0,,other,,,sedan,,mi
39950,2015.0,,International 4300,,,diesel,118964.0,clean,other,,,other,white,tx
79999,2019.0,ram,diesel cummins 3500,,,diesel,5104.0,clean,automatic,4wd,,truck,black,or
4850,2011.0,ford,focus se,excellent,4 cylinders,gas,128000.0,clean,automatic,fwd,mid-size,sedan,green,ma
16995,2016.0,dodge,charger,,,gas,115536.0,clean,automatic,,full-size,sedan,black,ca
18999,2008.0,ford,f150 supercrew cab,,8 cylinders,gas,75967.0,clean,automatic,4wd,,pickup,white,ak
104999,2021.0,cadillac,escalade,excellent,8 cylinders,gas,480.0,clean,automatic,4wd,,SUV,,oh
5000,2007.0,subaru,b9 tribeca,good,6 cylinders,gas,168300.0,clean,automatic,4wd,full-size,SUV,black,ok
4300,2007.0,,saab 9-5,excellent,4 cylinders,gas,82000.0,clean,automatic,,,,,fl
16990,2019.0,toyota,corolla,excellent,4 cylinders,gas,65080.0,clean,automatic,fwd,,sedan,black,nc
9000,2018.0,kia,soul,like new,,gas,88100.0,rebuilt,automatic,,,,grey,tn
7900,2015.0,ford,fiesta,good,4 cylinders,gas,100000.0,clean,manual,fwd,compact,coupe,white,ga
64900,,,500,,6 cylinders,diesel,12338.0,,automatic,4wd,,pickup,white,ms
13995,2011.0,cadillac,escalade,,,gas,181000.0,clean,automatic,,,SUV,black,mn
10000,2005.0,ford,f350 4x4,,,diesel,404000.0,clean,automatic,,,,,il
12000,2006.0,ford,f450 super duty,excellent,8 cylinders,diesel,190000.0,clean,automatic,rwd,full-size,truck,white,or
49900,2018.0,gmc,sierra 2500hd,,,gas,91257.0,clean,automatic,4wd,,,red,ok
19995,2008.0,toyota,tundra limited 4x4,,8 cylinders,gas,191333.0,clean,automatic,4wd,,pickup,,ca
23000,2015.0,mini,cooper,like new,4 cylinders,gas,16800.0,clean,automatic,fwd,compact,convertible,green,wi
4950,2007.0,hyundai,tucson,good,6 cylinders,gas,130889.0,clean,automatic,4wd,mid-size,SUV,custom,il
38900,2017.0,toyota,4runner,excellent,6 cylinders,gas,73000.0,clean,automatic,4wd,full-size,SUV,grey,nc
33590,2020.0,cadillac,ct5 premium luxury,good,,other,15050.0,clean,other,,,sedan,white,ny
3800,2003.0,ford,explorer,excellent,6 cylinders,gas,231000.0,clean,automatic,rwd,full-size,SUV,white,or
31506,2016.0,chevrolet,silverado 3500 hd,,8 cylinders,gas,81755.0,clean,automatic,rwd,full-size,truck,white,al
9876,2014.0,hyundai,sonata,,,gas,135528.0,clean,automatic,fwd,,,,ar
5700,2010.0,jeep,liberty,excellent,6 cylinders,gas,149000.0,clean,automatic,rwd,,,,nj
6900,2012.0,ford,fusion sel,excellent,6 cylinders,gas,137000.0,clean,automatic,fwd,,sedan,black,wi
5190,2005.0,dodge,dakota quad cab,excellent,,gas,177152.0,clean,automatic,,,pickup,blue,fl
34990,2018.0,jeep,wrangler unlimited all new,good,,other,13992.0,clean,other,4wd,,other,,ca
33590,2019.0,volvo,s60 t6 r-design sedan 4d,good,,gas,10742.0,clean,other,,,sedan,silver,in
3650,2002.0,jeep,liberty,good,6 cylinders,gas,118824.0,clean,automatic,4wd,mid-size,SUV,white,ga
12989,2014.0,honda,cr-v lx,good,,other,90361.0,clean,automatic,fwd,,SUV,,oh
12995,2014.0,lincoln,mkz,,,gas,99258.0,clean,automatic,fwd,,sedan,silver,oh
32590,2014.0,chevrolet,silverado 2500 hd crew,good,,other,98015.0,clean,other,4wd,,pickup,white,nc
39590,2019.0,ram,1500 crew cab big horn,good,6 cylinders,gas,22154.0,clean,other,4wd,,pickup,red,ny
9999,2013.0,chevrolet,impala,,,gas,97000.0,clean,automatic,,,,,mi
10500,2008.0,toyota,tacoma,like new,4 cylinders,gas,77000.0,clean,automatic,fwd,compact,pickup,white,tx
3750,2006.0,honda,accord,good,4 cylinders,gas,188000.0,rebuilt,automatic,fwd,,,red,wa
34590,2020.0,infiniti,qx50 luxe sport utility,good,,other,3542.0,clean,other,fwd,,hatchback,brown,ga
6599,2007.0,ford,ranger sport,excellent,6 cylinders,gas,143543.0,clean,automatic,rwd,compact,truck,white,nc
4500,2013.0,nissan,sentra sr,,,gas,179.0,clean,automatic,,,,white,ct
25649,2017.0,bmw,2 series,,4 cylinders,gas,32541.0,clean,automatic,4wd,compact,coupe,blue,ny
22811,2013.0,ford,f-150 xlt,good,8 cylinders,other,143572.0,clean,automatic,4wd,,,,wa
15691,2017.0,nissan,quest,,6 cylinders,gas,75000.0,clean,automatic,fwd,,van,custom,tx
36709,2015.0,chevrolet,tahoe,,,gas,84285.0,clean,automatic,4wd,,,black,ca
42995,2015.0,gmc,sierra 2500hd,,8 cylinders,diesel,126126.0,clean,automatic,4wd,,pickup,red,az
21995,2014.0,ford,f150 supercrew cab,,,gas,144007.0,clean,automatic,,,,,oh
18990,2018.0,mitsubishi,eclipse cross es,good,,other,15808.0,clean,other,,,hatchback,red,fl
19914,2014.0,chevrolet,silverado 1500 lt,excellent,8 cylinders,gas,214133.0,clean,automatic,4wd,,truck,grey,ca
4000,1970.0,toyota,land cruiser,,,gas,99999.0,clean,manual,,,,,fl
12440,2014.0,toyota,prius plug-in hybrid,,4 cylinders,other,40875.0,clean,automatic,fwd,mid-size,hatchback,white,ny
10995,2008.0,chevrolet,silverado 1500,good,8 cylinders,gas,155299.0,clean,automatic,4wd,full-size,truck,custom,mn
23995,2014.0,ford,f350 super duty,like new,8 cylinders,gas,178741.0,clean,automatic,,full-size,pickup,white,ca
1000,2017.0,kia,cadenza premium,like new,6 cylinders,gas,28553.0,clean,automatic,fwd,full-size,sedan,blue,tx
3500,1999.0,toyota,4runner,,,gas,189000.0,clean,automatic,,,,,pa
27999,2016.0,lexus,nx 200t,excellent,,gas,43771.0,clean,automatic,,,wagon,silver,fl
6599,2004.0,gmc,sierra,good,8 cylinders,gas,223500.0,clean,automatic,rwd,mid-size,truck,silver,al
338,2017.0,bmw,x3 xdrive28i backup camera,,,gas,66583.0,clean,automatic,,,SUV,,or
17498,2014.0,toyota,rav4,excellent,,gas,119572.0,clean,automatic,4wd,,SUV,,ia
35592,2019.0,ford,transit,,,gas,28566.0,clean,automatic,,,van,white,oh
5995,2005.0,ford,focus zx3,excellent,4 cylinders,gas,132000.0,clean,automatic,fwd,,coupe,green,or
32500,2016.0,ram,2500,,8 cylinders,gas,153794.0,clean,automatic,4wd,,truck,white,oh
7999,2010.0,kia,forte ex,excellent,4 cylinders,gas,99274.0,clean,automatic,fwd,mid-size,sedan,silver,fl
34990,2020.0,ford,ranger supercrew xlt pickup,good,,gas,7380.0,clean,other,,,pickup,,wi
3200,1995.0,chevrolet,silverado 1500,good,,gas,148000.0,clean,automatic,,,truck,green,az
34194,2020.0,subaru,outback,,4 cylinders,gas,4523.0,clean,automatic,4wd,,SUV,,ak
7499,2004.0,ford,f-150,excellent,8 cylinders,gas,172447.0,clean,automatic,4wd,full-size,truck,grey,nj
6000,2006.0,nissan,,,,gas,140000.0,clean,automatic,,,,,nj
30000,2004.0,cadillac,xlr convertible,like new,8 cylinders,gas,56000.0,clean,automatic,,,,black,ca
12998,2015.0,chevrolet,equinox lt,,6 cylinders,gas,168635.0,clean,automatic,4wd,,SUV,,mt
12000,1991.0,bmw,318i convertible,excellent,4 cylinders,gas,183475.0,clean,manual,rwd,compact,convertible,blue,ma
58800,2020.0,toyota,tundra trd pro 4x4,like new,8 cylinders,gas,9839.0,clean,automatic,4wd,full-size,truck,black,va
8500,2009.0,audi,a6 3.0t quattro,excellent,6 cylinders,gas,137000.0,clean,automatic,4wd,,sedan,black,mn
27998,2011.0,ram,chassis cab,,,diesel,247560.0,clean,automatic,fwd,,other,white,fl
30990,2020.0,,Genesis G70 2.0T Sedan 4D,good,,other,2308.0,clean,other,rwd,,sedan,,nm
26990,2017.0,nissan,titan single cab sv,good,8 cylinders,gas,41335.0,clean,other,4wd,,pickup,red,nc
45995,2018.0,jeep,wrangler,like new,6 cylinders,gas,26000.0,clean,automatic,4wd,mid-size,SUV,grey,mn
30900,2015.0,chevrolet,silverado 1500,excellent,8 cylinders,gas,113000.0,clean,automatic,4wd,full-size,truck,red,va
14652,2018.0,nissan,sentra,,4 cylinders,gas,32658.0,clean,automatic,fwd,mid-size,sedan,red,fl
36590,2018.0,dodge,charger r/t sedan 4d,good,8 cylinders,gas,5509.0,clean,other,rwd,,sedan,black,tn
19990,2018.0,nissan,rogue sv sport utility 4d,good,,gas,28945.0,clean,automatic,,,hatchback,silver,ca
29900,2015.0,gmc,sierra 1500,,,gas,71406.0,clean,automatic,,,,,wi
8999,2009.0,ford,explorer,excellent,6 cylinders,gas,136000.0,clean,automatic,4wd,,,,mt
1500,2007.0,ford,focus,,4 cylinders,gas,181279.0,clean,automatic,fwd,,sedan,,md
29990,2008.0,,Workhorse W42,good,8 cylinders,gas,60386.0,clean,automatic,rwd,full-size,truck,white,al
50000,2011.0,gmc,sierra 1500,like new,8 cylinders,gas,38400.0,clean,automatic,rwd,full-size,truck,blue,mn
2500,2002.0,toyota,prius,good,4 cylinders,hybrid,228000.0,clean,automatic,fwd,,,,ca
14999,2017.0,dodge,journey,,,gas,90737.0,clean,automatic,fwd,,hatchback,black,oh
13995,2013.0,audi,a6 quattro premium plus awd,,,gas,86960.0,clean,automatic,,,,,ma
1028,2018.0,cadillac,escalade platinum edit,,8 cylinders,gas,43037.0,clean,automatic,4wd,,SUV,,or
22990,2015.0,lexus,rx 350 base,,,gas,82275.0,clean,automatic,,,,,me
37579,2019.0,jeep,grand cherokee,,6 cylinders,gas,10016.0,clean,automatic,4wd,mid-size,SUV,white,co
24995,2009.0,chevrolet,silverado 2500 hd crew cab,,8 cylinders,gas,131986.0,clean,automatic,,,pickup,white,fl
6999,2008.0,nissan,maxima sl,,,gas,137723.0,clean,automatic,,,,,wi
10600,1975.0,fiat,124 spider,excellent,4 cylinders,gas,61332.0,clean,manual,rwd,compact,convertible,red,nj
4495,2013.0,chevrolet,spark,like new,,gas,97.0,clean,manual,,,,,nh
6999,2005.0,honda,civic sdn,excellent,4 cylinders,gas,147130.0,clean,manual,fwd,sub-compact,sedan,silver,or
36885,2013.0,ford,f250 super duty crew cab,excellent,,gas,58251.0,clean,automatic,4wd,,pickup,white,ca
42900,2013.0,ford,super duty f-250 srw,excellent,8 cylinders,diesel,145000.0,clean,automatic,4wd,full-size,truck,black,nc
50000,2021.0,toyota,tundra trd offroad,like new,8 cylinders,gas,1500.0,clean,automatic,4wd,full-size,truck,white,ca
14000,2013.0,bmw,328i,excellent,4 cylinders,gas,47111.0,clean,automatic,rwd,full-size,sedan,black,hi
40900,2015.0,toyota,tundra 1794,excellent,8 cylinders,gas,94291.0,clean,automatic,4wd,,truck,,fl
20000,2017.0,gmc,acadia awd 4dr sle w/sle-2,,4 cylinders,,99103.0,clean,automatic,,,SUV,black,nj
12985,2012.0,ford,flex,excellent,,gas,106362.0,clean,automatic,4wd,,wagon,black,ca
19551,2018.0,ford,escape,,4 cylinders,gas,40767.0,clean,automatic,4wd,mid-size,SUV,silver,mn
29998,1995.0,jeep,wrangler s,,,gas,100.0,clean,automatic,4wd,,,,mt
65000,2017.0,chevrolet,,,8 cylinders,other,2651.0,clean,automatic,fwd,compact,other,,nm
39590,2020.0,ford,mustang gt premium coupe 2d,good,8 cylinders,gas,1419.0,clean,other,rwd,,coupe,white,nc
24768,2019.0,ford,flex,,,gas,47127.0,clean,automatic,fwd,,,white,mo
21999,2011.0,ford,mustang,,,gas,83440.0,clean,manual,,,,,ca
5999,2011.0,dodge,journey,,,other,,clean,automatic,fwd,,SUV,orange,oh
16300,2020.0,volkswagen,jetta,,,other,16257.0,clean,automatic,,,,,tx
700,2006.0,honda,civic,,,gas,112000.0,clean,automatic,,,,,fl
28990,2017.0,bmw,4 series 440i xdrive gran,good,,gas,49355.0,clean,automatic,,,coupe,,pa
42998,2020.0,ford,mustang,excellent,,gas,,clean,manual,rwd,,coupe,,ca
32990,2020.0,hyundai,veloster n coupe 3d,good,,gas,1343.0,clean,other,fwd,,coupe,red,ma
6500,2009.0,dodge,grand caravan sxt,fair,6 cylinders,gas,148358.0,clean,automatic,fwd,mid-size,mini-van,custom,mn
7200,1968.0,mercedes-benz,benz 200d,good,4 cylinders,diesel,26000.0,clean,automatic,rwd,full-size,sedan,custom,pa
8800,2013.0,chrysler,town & country,excellent,,gas,114000.0,clean,automatic,,,,,nv
33700,2017.0,lexus,gs 350 f sport,like new,6 cylinders,gas,35800.0,clean,automatic,rwd,full-size,sedan,silver,tx
38990,2019.0,toyota,tundra crewmax sr5 pickup,good,8 cylinders,gas,15520.0,clean,other,,,pickup,silver,mo
3500,2006.0,jeep,liberty,,,gas,200000.0,clean,automatic,,,,,ar
11409,2013.0,acura,tl,,6 cylinders,gas,120058.0,clean,automatic,fwd,mid-size,sedan,black,tx
5900,2002.0,honda,crv ex awd,excellent,4 cylinders,gas,28086.0,salvage,automatic,4wd,,SUV,silver,az
24995,2018.0,bmw,540i,,,gas,65392.0,clean,automatic,,,sedan,black,nj
8990,2015.0,ford,fusion se,excellent,4 cylinders,gas,102480.0,clean,automatic,,,,black,nc
4200,1995.0,ford,bronco,good,8 cylinders,gas,200000.0,clean,automatic,4wd,full-size,convertible,green,fl
27595,2019.0,nissan,pathfinder,,,gas,40355.0,clean,automatic,fwd,,SUV,silver,il
1,2019.0,audi,q8,excellent,6 cylinders,gas,3779.0,clean,other,4wd,full-size,SUV,grey,fl
15997,2010.0,cadillac,srx,excellent,6 cylinders,gas,58633.0,clean,automatic,fwd,,SUV,,nv
37489,2017.0,bmw,x5,,8 cylinders,gas,60625.0,clean,automatic,4wd,mid-size,SUV,black,nv
65000,2017.0,chevrolet,,,8 cylinders,other,2651.0,clean,automatic,fwd,compact,other,,nm
12995,2008.0,bmw,6 series,good,8 cylinders,gas,106751.0,clean,automatic,rwd,mid-size,convertible,silver,or
9695,2012.0,toyota,rav4,,4 cylinders,gas,177613.0,clean,automatic,fwd,mid-size,SUV,red,fl
83900,2020.0,ford,f-350 lifted super duty power stroke diesel loaded,,8 cylinders,other,17355.0,clean,automatic,4wd,,pickup,black,or
9999,2013.0,toyota,prius four,like new,4 cylinders,hybrid,158000.0,clean,other,fwd,,hatchback,blue,or
37500,2019.0,acura,rdx,excellent,4 cylinders,gas,25996.0,clean,automatic,fwd,full-size,SUV,grey,ca
37990,2016.0,toyota,tundra double cab sr,good,8 cylinders,gas,22870.0,clean,other,4wd,,pickup,black,va
6995,2011.0,ford,f150,,,gas,207000.0,clean,automatic,,,,,sc
16999,2001.0,ford,mustang,,,gas,34925.0,clean,automatic,,,other,black,pa
18000,2000.0,ford,f350 7.3l,good,,diesel,187000.0,clean,manual,4wd,full-size,offroad,silver,ca
3000,1999.0,saturn,sl,,,gas,0.0,clean,automatic,fwd,,,,sc
20986,2016.0,honda,accord,,4 cylinders,gas,37753.0,clean,automatic,fwd,mid-size,sedan,,ca
22000,2017.0,nissan,altima sl,like new,4 cylinders,gas,14900.0,clean,automatic,fwd,,sedan,,hi
19992,2015.0,honda,cr-v,,4 cylinders,gas,74266.0,clean,automatic,fwd,mid-size,SUV,silver,az
6995,2007.0,toyota,yaris,good,4 cylinders,gas,170700.0,clean,automatic,fwd,,sedan,white,ky
37988,2017.0,mercedes-benz,gle-class gle 350,,6 cylinders,gas,13632.0,clean,automatic,4wd,,SUV,,wa
22590,2015.0,hyundai,genesis coupe 3.8 2d,good,6 cylinders,gas,20346.0,clean,other,rwd,,coupe,,ca
7999,2012.0,volkswagen,passat se,excellent,6 cylinders,gas,96000.0,clean,automatic,fwd,,,blue,oh
3400,1999.0,,mercdes benz,excellent,6 cylinders,diesel,250000.0,clean,automatic,rwd,full-size,sedan,black,va
6500,1938.0,,plymouth truck,good,other,gas,900000.0,clean,other,rwd,full-size,pickup,green,wv
6995,2013.0,chevrolet,equinox ltz awd 4dr su,,,gas,229770.0,clean,automatic,,,,,or
11999,2012.0,cadillac,srx,excellent,,gas,116535.0,clean,automatic,4wd,,SUV,black,ca
22990,2013.0,ford,f150 supercrew cab xlt,good,6 cylinders,gas,71288.0,clean,other,,,pickup,,la
24900,2015.0,mercedes-benz,benz gla 250 4matic,like new,6 cylinders,gas,48578.0,clean,automatic,fwd,sub-compact,sedan,red,tx
11495,2005.0,subaru,impreza,,,gas,101596.0,clean,manual,,sub-compact,sedan,silver,pa
269,2014.0,toyota,sienna le,like new,6 cylinders,gas,85932.0,clean,automatic,fwd,,mini-van,grey,ca
3900,2003.0,buick,rendezvous,good,6 cylinders,gas,207611.0,clean,automatic,4wd,,wagon,white,ia
27990,2014.0,toyota,tacoma access cab pickup,good,,other,17805.0,clean,other,,,pickup,red,ga
18900,2016.0,buick,regal,,,gas,26615.0,clean,automatic,fwd,,,white,il
49888,2016.0,gmc,sierra,,,diesel,89405.0,clean,automatic,4wd,,pickup,,fl
16488,2011.0,chevrolet,tahoe,,,other,150407.0,clean,automatic,4wd,,SUV,silver,ca
16989,2015.0,honda,cr-v,,4 cylinders,gas,69080.0,clean,automatic,4wd,mid-size,SUV,custom,tn
5000,2008.0,pontiac,g6,good,6 cylinders,gas,124000.0,clean,automatic,fwd,,,,ia
12000,2016.0,honda,fit,excellent,,gas,55000.0,clean,automatic,,,,silver,ma
21500,2014.0,ram,2500,excellent,8 cylinders,gas,130000.0,clean,automatic,4wd,,truck,white,ny
17988,2019.0,toyota,corolla le cvt (natl),,,,17682.0,clean,automatic,fwd,,sedan,custom,hi
13495,2015.0,kia,optima ex,like new,,gas,85379.0,clean,automatic,,,sedan,silver,sc
8909,2015.0,hyundai,accent gls,excellent,4 cylinders,gas,69377.0,,automatic,,,sedan,,il
45999,2017.0,chevrolet,tahoe z71,like new,8 cylinders,gas,45000.0,clean,automatic,4wd,full-size,SUV,black,tx
52995,2020.0,chevrolet,silverado,,,gas,12233.0,clean,automatic,4wd,,truck,,tx
5995,2005.0,lexus,es 330,,,gas,133531.0,clean,automatic,,,,,ma
1700,1996.0,gmc,jimmy sle,,,gas,220000.0,clean,automatic,,,,,fl
56998,2019.0,ram,3500,,,diesel,43203.0,clean,automatic,,,other,black,fl
17990,2016.0,jeep,grand cherokee,good,6 cylinders,gas,113659.0,clean,automatic,4wd,full-size,SUV,red,mn
8700,2006.0,mercedes-benz,ml350,excellent,6 cylinders,gas,124885.0,clean,automatic,4wd,full-size,SUV,grey,dc
11800,2011.0,honda,pilot,excellent,,gas,125297.0,clean,automatic,,,,,dc
28988,2012.0,jeep,wrangler unlimited sport,good,6 cylinders,gas,67090.0,clean,manual,4wd,,other,white,ca
4000,2007.0,pontiac,torrent,excellent,6 cylinders,gas,200000.0,clean,automatic,fwd,compact,SUV,blue,wi
16700,2014.0,gmc,acadia fwddenali,excellent,6 cylinders,gas,119878.0,,automatic,,,SUV,,tn
6800,1976.0,,Cadillax Eldorado,good,8 cylinders,gas,67000.0,clean,automatic,fwd,full-size,sedan,blue,in
10990,2012.0,honda,civic,,,gas,117839.0,clean,automatic,,compact,sedan,,or
21750,2006.0,ford,super duty f-250 xlt,,8 cylinders,diesel,109531.0,clean,automatic,4wd,,truck,,wa
36990,2018.0,jeep,wrangler unlimited all new,good,,other,5933.0,clean,other,4wd,,other,,va
4994,2007.0,hyundai,sonata se sedan clean carfax,,6 cylinders,gas,131904.0,clean,automatic,fwd,,sedan,blue,or
27495,2012.0,ford,f-150,excellent,8 cylinders,gas,34585.0,clean,automatic,4wd,full-size,truck,red,id
7595,2013.0,dodge,journey,good,6 cylinders,gas,135860.0,clean,other,,full-size,SUV,blue,pa
38900,2012.0,chevrolet,silverado 2500hd,excellent,8 cylinders,diesel,132000.0,clean,automatic,4wd,full-size,truck,silver,va
24990,2013.0,rover,range evoque pure,good,,gas,39663.0,clean,other,4wd,,other,green,ca
36590,2018.0,audi,s5 prestige coupe 2d,good,6 cylinders,gas,49963.0,clean,automatic,,,coupe,blue,wv
700,2008.0,toyota,camry,,,gas,152000.0,clean,automatic,,,,,fl
6800,2012.0,toyota,corolla,excellent,4 cylinders,gas,137454.0,clean,manual,fwd,mid-size,sedan,blue,al
6500,2012.0,hyundai,santa fe,good,4 cylinders,gas,125500.0,clean,automatic,fwd,mid-size,SUV,black,ca
4695,2007.0,dodge,nitro,,,gas,184495.0,clean,automatic,,,,,oh
7300,2012.0,chrysler,300,excellent,6 cylinders,gas,143000.0,clean,automatic,fwd,full-size,coupe,black,tx
104000,2018.0,dodge,,,8 cylinders,other,483.0,clean,automatic,fwd,compact,other,,in
1500,2007.0,toyota,prius,fair,4 cylinders,gas,150000.0,clean,automatic,fwd,compact,hatchback,red,ca
13999,2016.0,ford,fusion,excellent,4 cylinders,gas,90000.0,clean,automatic,fwd,mid-size,sedan,black,tx
82977,2017.0,ford,f350 super duty crew cab,excellent,8 cylinders,diesel,19471.0,clean,automatic,4wd,,pickup,black,wa
9995,2015.0,chevrolet,equinox ls,,4 cylinders,gas,137280.0,clean,automatic,fwd,,SUV,blue,md
27995,2017.0,,38773,excellent,4 cylinders,gas,2017.0,clean,automatic,4wd,,,grey,fl
8999,2006.0,toyota,4runner,,,gas,224000.0,clean,automatic,,,,,co
5000,2011.0,honda,accord,good,4 cylinders,gas,171944.0,clean,automatic,,,sedan,black,nj
27990,2017.0,alfa-romeo,romeo giulia ti sedan 4d,good,,gas,41228.0,clean,other,rwd,,sedan,black,ny
19999,2013.0,mercedes-benz,cls 550,,8 cylinders,gas,92000.0,clean,automatic,4wd,,sedan,white,ca
40994,2020.0,jeep,wrangler,,,gas,16268.0,clean,automatic,4wd,,SUV,red,wa
3000,2005.0,pontiac,grand am,,,gas,145851.0,clean,automatic,fwd,,,,co
1200,1990.0,chevrolet,suburban,fair,8 cylinders,gas,200000.0,clean,automatic,4wd,full-size,truck,black,sc
11100,2014.0,chevrolet,malibu lt,excellent,4 cylinders,gas,90600.0,clean,automatic,fwd,,sedan,blue,il
17995,2016.0,honda,odyssey,excellent,6 cylinders,gas,140000.0,clean,automatic,fwd,full-size,van,red,fl
24995,2017.0,ford,expedition xlt 3rd row,,6 cylinders,gas,77442.0,clean,automatic,4wd,,SUV,white,id
14995,2011.0,chevrolet,camaro,,8 cylinders,gas,141870.0,clean,manual,rwd,,other,black,mo
800,2006.0,nissan,murano,,,gas,155000.0,clean,automatic,,,,,or
72500,2018.0,ram,3500,like new,6 cylinders,diesel,36000.0,clean,manual,4wd,full-size,truck,black,mi
6800,2004.0,jeep,grand cherokee,,,gas,131000.0,clean,automatic,,,,,fl
15590,2015.0,kia,optima lx sedan 4d,good,,other,52520.0,clean,automatic,fwd,,sedan,,ga
17995,2010.0,,KEYSTONE RV LAREDO,,,gas,,clean,,,,other,white,ks
16999,2017.0,honda,civic lx hatchback 4d,excellent,4 cylinders,gas,19356.0,,automatic,,,hatchback,,ca
18999,2020.0,honda,civic,,,gas,11298.0,clean,automatic,fwd,,,,nj
17999,2015.0,subaru,legacy 3.6r,good,,other,40030.0,clean,automatic,,,sedan,,ca
25999,1970.0,,Triumph GT6+,excellent,6 cylinders,gas,23000.0,clean,manual,rwd,compact,hatchback,red,dc
4950,2007.0,ford,fusion,excellent,4 cylinders,gas,113000.0,clean,automatic,fwd,full-size,sedan,blue,mi
9500,2011.0,subaru,outback,excellent,6 cylinders,gas,120000.0,clean,automatic,4wd,full-size,,white,ca
21995,2008.0,gmc,sierra 3500 hd crew cab,,8 cylinders,diesel,269630.0,clean,automatic,4wd,,pickup,blue,wa
15900,2012.0,honda,cr-v,excellent,4 cylinders,gas,51240.0,clean,automatic,fwd,mid-size,SUV,green,ca
30000,2004.0,ford,f350 super duty,excellent,8 cylinders,gas,99100.0,clean,automatic,,,,white,ca
3900,2011.0,chevrolet,traverse,,,gas,1.0,clean,automatic,,,SUV,blue,il
670,2019.0,ford,f-150 lariat,,,gas,43996.0,clean,automatic,4wd,,,,id
9000,2014.0,chevrolet,cruise,excellent,4 cylinders,gas,46155.0,clean,automatic,fwd,compact,sedan,black,ia
5500,1949.0,chevrolet,,,6 cylinders,gas,1.0,missing,manual,rwd,,,,ca
43800,2018.0,chevrolet,silverado ltz 4x4,excellent,8 cylinders,gas,49254.0,clean,automatic,4wd,full-size,pickup,grey,ks
20000,1929.0,,1929 Model A Roadster,,,gas,15000.0,clean,automatic,,,,,ca
51792,2018.0,ram,2500,,,diesel,19711.0,clean,automatic,rwd,,pickup,,ar
25990,2017.0,jaguar,xf 35t premium sedan 4d,good,,other,29170.0,clean,other,,,sedan,blue,wv
4390,2009.0,jeep,patriot,,,gas,134000.0,clean,automatic,fwd,,SUV,blue,fl
6995,2011.0,bmw,528i,,,gas,196866.0,clean,automatic,,,sedan,silver,ok
12888,2016.0,chevrolet,impala,,6 cylinders,gas,133304.0,clean,automatic,fwd,full-size,sedan,black,tn
9990,2010.0,audi,a6 quattro premium plus,,6 cylinders,gas,97275.0,clean,automatic,4wd,,sedan,,pa
10999,2015.0,dodge,journey sxt awd,excellent,6 cylinders,gas,120461.0,clean,automatic,4wd,,truck,black,ca
8950,2015.0,honda,accord ex hybrid,like new,4 cylinders,gas,35577.0,rebuilt,automatic,fwd,mid-size,sedan,silver,mn
2695,2008.0,hyundai,elantra,,,gas,190000.0,clean,automatic,,,,,ct
8995,2008.0,acura,tsx,excellent,,gas,150356.0,clean,automatic,fwd,,sedan,grey,or
26590,2017.0,bmw,3 series 330i xdrive sedan,good,,other,14358.0,clean,other,,,sedan,black,ga
20000,2012.0,ford,f-150,excellent,6 cylinders,gas,123000.0,clean,automatic,4wd,full-size,truck,blue,wi
39800,2020.0,ford,transit t250,like new,,gas,29100.0,clean,automatic,,,,white,in
8550,2018.0,ford,ecosport titanium awd,,4 cylinders,gas,38450.0,salvage,automatic,fwd,,SUV,black,ut
1100,2002.0,mercury,mountaineer,,,gas,1.0,clean,automatic,,,SUV,,il
7995,2014.0,chevrolet,cruze,good,4 cylinders,gas,123258.0,clean,automatic,rwd,,sedan,black,ok
33590,2014.0,gmc,sierra 1500 crew cab slt,good,8 cylinders,gas,57923.0,clean,other,,,pickup,white,ny
38990,2020.0,acura,rdx advance pkg sport,good,,gas,14028.0,clean,other,fwd,,SUV,white,oh
2510,2002.0,ford,focus,,,gas,168278.0,clean,manual,,,,,wi
19900,2014.0,ram,1500,excellent,,gas,72924.0,clean,automatic,rwd,,pickup,blue,tn
13480,2014.0,toyota,camry,excellent,4 cylinders,gas,59927.0,clean,automatic,fwd,mid-size,sedan,white,ks
29588,2017.0,infiniti,qx70,like new,,gas,44905.0,clean,automatic,,,,,ok
9000,1960.0,,f100 panel truck,fair,8 cylinders,gas,1111111.0,clean,automatic,rwd,full-size,van,,ny
14999,2012.0,audi,q5,good,4 cylinders,gas,84570.0,clean,other,,,SUV,,wa
8000,2013.0,hyundai,tucson,good,,gas,86544.0,clean,automatic,,mid-size,SUV,red,ct
13995,2016.0,honda,civic ex,excellent,4 cylinders,gas,63343.0,clean,automatic,fwd,full-size,sedan,black,mi
15000,2011.0,chevrolet,silverado,excellent,8 cylinders,gas,199000.0,clean,automatic,4wd,full-size,pickup,grey,nd
10495,2015.0,chrysler,200,,,gas,155950.0,clean,automatic,fwd,,sedan,,oh
13000,2014.0,ford,fusion,excellent,4 cylinders,gas,32500.0,clean,automatic,fwd,mid-size,,white,il
40990,2017.0,mercedes-benz,gls 450 sport,good,6 cylinders,gas,43451.0,clean,other,,,SUV,,wi
15950,2015.0,dodge,charger,excellent,6 cylinders,gas,98000.0,clean,automatic,rwd,,sedan,silver,nm
38499,2017.0,mercedes-benz,e 400,excellent,6 cylinders,gas,21000.0,clean,automatic,,,convertible,,ca
9295,2009.0,jeep,liberty,good,6 cylinders,gas,62758.0,clean,automatic,4wd,full-size,SUV,black,nj
6995,2013.0,subaru,legacy,,,gas,174366.0,clean,automatic,,,,,ct
19950,2018.0,honda,accord,,,gas,84020.0,clean,automatic,fwd,full-size,sedan,black,ny
12990,2005.0,ford,super duty f-250,,8 cylinders,gas,176000.0,clean,automatic,,,pickup,white,mn
1000,2005.0,ford,f-150,fair,8 cylinders,gas,250000.0,clean,automatic,4wd,full-size,pickup,white,wv
31590,2018.0,lincoln,mkx select sport utility,good,,other,24000.0,clean,other,,,other,black,or
25999,2017.0,jeep,cherokee,,other,gas,54497.0,clean,automatic,4wd,,SUV,black,wa
37900,2019.0,chevrolet,silverado 1500,,,other,11144.0,clean,automatic,rwd,,pickup,white,sc
14000,2003.0,jeep,wrangler,good,6 cylinders,gas,119284.0,clean,automatic,4wd,,other,black,co
16990,2014.0,volkswagen,gti wolfsburg edition,good,,gas,71004.0,clean,other,fwd,,sedan,white,ny
21990,2020.0,kia,sportage lx sport utility 4d,good,,gas,18499.0,clean,other,,,other,silver,fl
29990,2016.0,chevrolet,colorado extended cab,good,6 cylinders,gas,17302.0,clean,other,4wd,,pickup,red,mn
13995,2006.0,ford,f-250 super duty,excellent,,gas,109178.0,clean,automatic,rwd,,pickup,white,ca
15435,2017.0,kia,sedona l,good,,other,80690.0,clean,automatic,fwd,,van,white,wi
36590,2018.0,bmw,4 series 430i convertible 2d,good,,gas,29158.0,clean,other,rwd,,convertible,white,mo
6400,2005.0,bmw,x5,,,gas,145000.0,clean,automatic,,full-size,,black,vt
10395,2008.0,,HUMMER H3,excellent,,gas,157778.0,clean,automatic,4wd,,SUV,white,nj
31995,2018.0,chevrolet,colorado lt,like new,6 cylinders,gas,25777.0,clean,automatic,4wd,full-size,truck,green,hi
21999,2010.0,toyota,tacoma,excellent,,gas,149968.0,clean,automatic,4wd,,,white,co
29998,1995.0,jeep,wrangler s,,,gas,100.0,clean,automatic,4wd,,,,mt
6500,2014.0,chevrolet,cruze,good,4 cylinders,diesel,71555.0,rebuilt,automatic,fwd,,,,mn
34990,2018.0,bmw,4 series 430i convertible 2d,good,,gas,39650.0,clean,other,rwd,,other,black,ga
23990,2019.0,acura,ilx premium pkg sedan 4d,good,,gas,7281.0,clean,other,fwd,,sedan,black,al
5900,1999.0,chevrolet,tahoe,excellent,8 cylinders,gas,139000.0,clean,automatic,4wd,,SUV,,or
33988,2016.0,jeep,wrangler unlimited,,,gas,37811.0,clean,automatic,,,,,ia
31990,2020.0,lincoln,mkz sedan 4d,good,,other,622.0,clean,other,,,sedan,,ok
21995,2008.0,ford,f-550,,,diesel,70740.0,clean,automatic,4wd,,other,white,nj
6750,2005.0,mazda,b2300,excellent,4 cylinders,gas,141000.0,clean,automatic,rwd,mid-size,pickup,silver,il
9995,2012.0,honda,civic,excellent,,gas,118614.0,clean,automatic,fwd,,sedan,blue,or
14495,2013.0,toyota,avalon,excellent,6 cylinders,gas,,clean,automatic,fwd,,sedan,grey,ca
4200,2007.0,subaru,tribeca b9,good,6 cylinders,gas,163000.0,clean,automatic,4wd,,SUV,silver,ny
37700,2018.0,ford,explorer,,,gas,25507.0,clean,automatic,4wd,,wagon,white,ia
13995,2004.0,ford,f250 super duty diesel,excellent,8 cylinders,diesel,151000.0,clean,automatic,4wd,full-size,truck,black,mo
37590,2019.0,acura,mdx advance pkg sport,good,,other,30356.0,clean,other,,,other,silver,ny
29900,2017.0,ford,expedition platinum 4x4 gas,excellent,6 cylinders,gas,72849.0,rebuilt,automatic,4wd,full-size,SUV,white,pa
2900,2013.0,chevrolet,malibu,salvage,4 cylinders,gas,200000.0,salvage,automatic,fwd,full-size,sedan,custom,pa
35995,2013.0,ford,f-150 fx4 lifted crew ecoboost 3.5liter,,6 cylinders,gas,65275.0,clean,automatic,4wd,,pickup,silver,tx
8990,2011.0,chevrolet,equinox,excellent,5 cylinders,gas,95704.0,clean,automatic,fwd,mid-size,SUV,brown,ar
10495,2014.0,hyundai,sonata,,,gas,94808.0,clean,,,full-size,sedan,white,wa
13900,2020.0,chevrolet,malibu lt,,4 cylinders,gas,14000.0,salvage,automatic,,,,,tx
18999,2015.0,honda,odyssey,,6 cylinders,gas,73541.0,clean,automatic,fwd,,van,grey,ak
139950,2017.0,,Mclaren 570GT W/ Upgrades,,8 cylinders,gas,13000.0,clean,automatic,rwd,,coupe,,ma
4000,2004.0,chevrolet,silverado 3500,good,8 cylinders,gas,159780.0,clean,automatic,rwd,full-size,truck,white,oh
36955,2019.0,chevrolet,silverado,,,gas,83269.0,clean,automatic,4wd,,truck,silver,mt
14500,2015.0,jeep,wrangler,,,gas,190000.0,clean,automatic,,,,,tx
25999,2020.0,chevrolet,equinox,,4 cylinders,gas,23171.0,clean,automatic,4wd,,SUV,grey,ak
6000,2005.0,ford,f-150,good,8 cylinders,gas,230000.0,clean,automatic,4wd,full-size,truck,,ia
18990,2018.0,mitsubishi,eclipse cross es,good,,other,15808.0,clean,other,,,hatchback,red,fl
6895,2012.0,chevrolet,cruze ltz,,,gas,152109.0,clean,automatic,,,,,il
9995,2015.0,chevrolet,equinox,excellent,4 cylinders,gas,133552.0,clean,automatic,fwd,full-size,SUV,black,mo
20990,2008.0,ford,super duty f-350 srw,good,8 cylinders,gas,97626.0,clean,automatic,4wd,,,white,ny
250,2007.0,chevrolet,,fair,,gas,178000.0,parts only,automatic,,,,,mi
67988,2019.0,ford,expedition max limited,good,,other,7867.0,clean,automatic,4wd,,other,white,mo
15500,2005.0,pontiac,gto,excellent,8 cylinders,gas,165000.0,clean,manual,rwd,sub-compact,coupe,grey,tn
23950,2010.0,toyota,fj cruiser,excellent,6 cylinders,gas,120267.0,clean,automatic,,,other,black,nc
25900,2017.0,toyota,rav4 awd,,,gas,30656.0,clean,automatic,,,SUV,blue,ky
4750,2008.0,buick,lucerne cxl,excellent,6 cylinders,gas,128000.0,clean,automatic,fwd,mid-size,sedan,black,sc
11000,2015.0,mazda,cx-9 touring,excellent,6 cylinders,gas,127000.0,clean,automatic,4wd,full-size,SUV,red,ma
13995,2015.0,volkswagen,passat,,4 cylinders,gas,39133.0,clean,automatic,fwd,,sedan,silver,ny
29990,2017.0,cadillac,cts 2.0 luxury sedan 4d,good,,gas,37191.0,clean,other,,,sedan,silver,ny
4150,2012.0,honda,fit,,,gas,169000.0,clean,manual,,,,,ny
19389,2019.0,honda,civic,,4 cylinders,gas,19323.0,clean,automatic,fwd,,sedan,red,nc
8500,2000.0,ram,,fair,,diesel,230000.0,clean,automatic,,,,,mo
15995,2012.0,chevrolet,colorado,,,gas,156909.0,clean,automatic,4wd,,pickup,white,or
39980,,,Wrangler Unlimited,,6 cylinders,gas,34987.0,clean,manual,4wd,,SUV,silver,wa
21995,2018.0,ford,ecosport,,,gas,22096.0,clean,automatic,fwd,,SUV,blue,tx
7988,2013.0,ford,e350 shuttle bus,,,gas,284000.0,clean,automatic,,,,,wi
30194,2017.0,honda,cr-v,,4 cylinders,gas,30963.0,clean,automatic,4wd,,SUV,grey,ak
5990,2005.0,toyota,highlander limited awd,,6 cylinders,gas,183697.0,clean,automatic,4wd,,,,va
9995,2007.0,chevrolet,express cargo,excellent,,gas,164186.0,clean,automatic,rwd,,,white,ny
37590,2012.0,chevrolet,corvette coupe 2d,good,,other,30323.0,clean,other,rwd,,coupe,black,tx
24888,2012.0,ram,2500 slt 4x4 cummins,,,diesel,226672.0,clean,automatic,,,,,mo
23990,2018.0,subaru,forester,,,gas,19245.0,clean,automatic,,,,silver,nj
39590,2018.0,mercedes-benz,e-class e 300,good,,other,10390.0,clean,other,rwd,,sedan,blue,fl
9497,2014.0,ford,focus,,4 cylinders,gas,54410.0,clean,automatic,fwd,,hatchback,white,fl
23961,2018.0,hyundai,sonata,,4 cylinders,gas,26241.0,clean,automatic,fwd,,sedan,white,nc
21500,1964.0,ford,galaxie,good,8 cylinders,gas,35522.0,clean,automatic,rwd,full-size,coupe,white,co
22900,2017.0,toyota,prius plug-in,excellent,4 cylinders,gas,49174.0,clean,automatic,fwd,compact,hatchback,red,ny
37888,2016.0,rover,lr4,,,gas,56877.0,clean,automatic,,,SUV,black,fl
2800,2008.0,chrysler,pt cruiser,like new,4 cylinders,gas,98522.0,clean,automatic,,full-size,sedan,white,nc
25995,2013.0,ford,f-150,good,,gas,123744.0,clean,automatic,4wd,full-size,truck,black,wv
100,2011.0,jeep,wrangler,excellent,6 cylinders,gas,100000.0,clean,automatic,4wd,full-size,SUV,red,oh
14999,2013.0,honda,civic cpe,excellent,4 cylinders,gas,87931.0,clean,manual,fwd,sub-compact,coupe,grey,ca
36999,2017.0,nissan,titan,,8 cylinders,gas,18838.0,clean,automatic,4wd,,truck,white,wa
1500,2007.0,chrysler,pt cruiser,good,4 cylinders,gas,131000.0,rebuilt,automatic,fwd,mid-size,hatchback,red,al
9900,2011.0,volvo,s60 t6 awd 6-speed automatic,,,,93000.0,clean,automatic,4wd,,sedan,,pa
4500,2009.0,chrysler,pt cruiser,good,4 cylinders,gas,117000.0,clean,manual,fwd,sub-compact,coupe,silver,ak
28590,2019.0,honda,passport sport suv 4d,good,6 cylinders,gas,17043.0,clean,other,,,other,,tx
37988,2016.0,ford,f-150,,,other,71240.0,clean,automatic,4wd,,pickup,blue,ca
22990,2010.0,ford,econoline commercial cutaway,good,10 cylinders,gas,121911.0,clean,automatic,rwd,full-size,truck,white,ny
20288,2015.0,mercedes-benz,glk,,6 cylinders,gas,48889.0,clean,automatic,rwd,compact,SUV,red,tn
995,2018.0,toyota,camry se,like new,,gas,55000.0,clean,automatic,fwd,,sedan,,mi
18990,2017.0,volkswagen,tiguan limited 2.0t,good,,gas,16365.0,clean,other,,,other,white,tn
4400,2005.0,nissan,murano,,6 cylinders,gas,169722.0,clean,automatic,fwd,,SUV,grey,pa
6995,2009.0,chrysler,town country,good,6 cylinders,gas,126544.0,clean,automatic,fwd,full-size,van,black,mi
17995,2018.0,ford,escape se suv,excellent,4 cylinders,gas,61945.0,clean,automatic,4wd,,SUV,white,or
4500,2006.0,pontiac,torrent,good,6 cylinders,gas,129222.0,clean,automatic,fwd,,SUV,purple,or
1100,2001.0,chevrolet,trailblazer ltz,fair,6 cylinders,gas,1.0,clean,automatic,fwd,full-size,SUV,blue,sc
45900,2018.0,ford,f-150,,,other,21494.0,,automatic,4wd,full-size,pickup,grey,md
6900,2007.0,lexus,rx400h,excellent,,hybrid,190000.0,clean,automatic,4wd,,,,il
7500,2008.0,chevrolet,trailblazer ls,excellent,6 cylinders,gas,102000.0,clean,automatic,4wd,full-size,SUV,silver,az
6200,2009.0,chrysler,aspen,,8 cylinders,gas,183269.0,clean,automatic,4wd,,SUV,,nj
5000,2009.0,toyota,rav4,fair,8 cylinders,gas,180000.0,clean,automatic,rwd,full-size,other,white,ca
17900,2018.0,honda,clarity plug-in hybrid,good,4 cylinders,hybrid,28000.0,rebuilt,automatic,fwd,,sedan,grey,wa
57995,2015.0,gmc,sierra 2500hd available wifi,,8 cylinders,diesel,68080.0,clean,automatic,4wd,,,silver,co
10500,2011.0,hyundai,genesis coupe 2.0t,excellent,4 cylinders,gas,108000.0,rebuilt,manual,,,coupe,white,fl
7950,2008.0,honda,odyssey,excellent,,gas,143438.0,clean,automatic,fwd,,mini-van,silver,mi
12990,2014.0,,Scion xD Hatchback 4D,good,,other,81350.0,clean,other,fwd,,hatchback,white,al
15990,2018.0,kia,soul wagon 4d,good,,gas,26506.0,clean,other,fwd,,wagon,silver,ca
23990,2014.0,acura,mdx sh-awd sport utility,good,6 cylinders,gas,62390.0,clean,other,,,SUV,,ar
23499,2012.0,toyota,4runner,good,6 cylinders,gas,101299.0,clean,automatic,4wd,,other,white,ct
406,2007.0,ram,2500,,6 cylinders,diesel,77937.0,clean,automatic,4wd,,truck,,ca
8980,2006.0,ford,expedition,,8 cylinders,gas,192826.0,clean,automatic,4wd,,SUV,grey,wa
8999,2013.0,mazda,mazda3 i grand touring,good,4 cylinders,gas,99661.0,clean,automatic,,,hatchback,,ca
6000,2012.0,honda,civic,good,4 cylinders,gas,126879.0,clean,automatic,,,sedan,black,il
14000,2011.0,mercedes-benz,s400,,,hybrid,74052.0,clean,automatic,,,,,tx
9995,2007.0,ram,1500 slt,,,gas,157946.0,clean,automatic,,,,,mi
9900,2016.0,nissan,sentra,,,gas,68000.0,clean,automatic,,,,,az
3000,2007.0,jeep,commander,good,8 cylinders,gas,120000.0,salvage,automatic,4wd,full-size,SUV,blue,co
3990,2009.0,nissan,altima 2.5 sl,,4 cylinders,gas,163000.0,clean,automatic,,,,,nj
179,2018.0,nissan,sentra sr,excellent,4 cylinders,gas,39361.0,,other,,,sedan,,fl
60995,2016.0,ford,f-450 super duty superduty platinum drw 4wd,,8 cylinders,other,76378.0,clean,automatic,4wd,,pickup,white,nm
11498,2015.0,nissan,rogue,good,4 cylinders,gas,127554.0,clean,automatic,4wd,mid-size,SUV,black,vt
35977,2019.0,ford,edge,excellent,,gas,9936.0,clean,automatic,4wd,,SUV,,or
26990,2017.0,cadillac,cts 2.0 luxury sedan 4d,good,,gas,41147.0,clean,other,,,sedan,red,fl
1995,2003.0,pontiac,vibe,good,4 cylinders,gas,164000.0,clean,automatic,fwd,compact,wagon,silver,ma
14991,2019.0,hyundai,accent,,,gas,16635.0,clean,automatic,fwd,,,blue,or
2500,1968.0,buick,riviera,salvage,8 cylinders,gas,1000000.0,missing,automatic,rwd,full-size,,blue,mn
31000,2014.0,jeep,wrangler,good,6 cylinders,gas,89500.0,clean,manual,4wd,,SUV,white,co
8500,2002.0,lexus,sc430 convertible,good,8 cylinders,gas,215000.0,rebuilt,automatic,rwd,,convertible,silver,id
4200,2008.0,ram,1500,good,6 cylinders,gas,193568.0,clean,automatic,,,pickup,red,tx
2500,2008.0,kia,sorento,good,6 cylinders,gas,161000.0,clean,automatic,4wd,mid-size,SUV,white,oh
29989,2016.0,gmc,yukon,,8 cylinders,gas,108792.0,clean,automatic,4wd,full-size,SUV,grey,md
22995,2003.0,,HUMMER H2,,8 cylinders,gas,83860.0,clean,automatic,,,SUV,white,ia
24724,2013.0,chevrolet,avalanche black,excellent,8 cylinders,gas,110231.0,,automatic,4wd,,truck,,ca
35590,2018.0,jeep,wrangler unlimited sahara,good,,other,27486.0,clean,other,4wd,,SUV,white,co
39995,2016.0,mercedes-benz,sprinter cargo vans,excellent,6 cylinders,diesel,91368.0,clean,automatic,rwd,full-size,,white,tx
42999,2017.0,ram,1500,,8 cylinders,gas,49564.0,clean,automatic,4wd,,truck,custom,wa
12195,2014.0,honda,civic,,,gas,88370.0,clean,automatic,fwd,,sedan,,co
32997,2014.0,cadillac,escalade,,,gas,101850.0,clean,automatic,4wd,,SUV,white,ca
299,2014.0,,ALL,,,gas,1.0,clean,automatic,,,,,oh
24799,2015.0,chevrolet,silverado 1500,good,8 cylinders,other,108898.0,clean,automatic,4wd,,other,white,ct
38615,2021.0,chevrolet,silverado 1500,,4 cylinders,gas,11.0,clean,automatic,4wd,full-size,truck,grey,oh
15750,1994.0,gmc,c6500,good,,diesel,169895.0,clean,automatic,,,,white,co
25995,2017.0,toyota,tacoma,excellent,6 cylinders,gas,,clean,automatic,rwd,full-size,,white,ca
26590,2013.0,jeep,wrangler rubicon sport,good,6 cylinders,gas,79540.0,clean,other,4wd,,SUV,blue,wi
8550,2018.0,ford,ecosport titanium awd,,4 cylinders,gas,38450.0,salvage,automatic,fwd,,SUV,black,ut
15995,2009.0,toyota,tacoma,excellent,,gas,139000.0,clean,automatic,4wd,,pickup,silver,me
31495,2014.0,jeep,wrangler,,,gas,56298.0,clean,automatic,4wd,,SUV,,va
24488,2018.0,chevrolet,colorado extended cab,,4 cylinders,gas,55514.0,clean,automatic,,,,,ca
4500,1994.0,buick,skylark,like new,4 cylinders,gas,78000.0,clean,automatic,fwd,compact,coupe,green,id
29995,2018.0,jeep,wrangler jk unlimited sport,,,gas,71383.0,clean,automatic,,,,,il
48000,2016.0,,international prostar premium,excellent,6 cylinders,diesel,462006.0,clean,automatic,rwd,full-size,truck,white,ca
5750,2005.0,hyundai,tucson,,,gas,151455.0,clean,manual,,,wagon,,va
34998,2013.0,ram,2500,,,diesel,200169.0,clean,automatic,,,,,in
22999,2020.0,mitsubishi,outlander sel 4x4 gas,,,gas,25162.0,clean,automatic,4wd,,SUV,black,id
15990,2016.0,,Scion iM Hatchback 4D,good,,gas,40668.0,clean,other,fwd,,hatchback,red,oh
5500,2002.0,ford,e250,good,8 cylinders,gas,256485.0,clean,automatic,rwd,,,,or
6900,1995.0,buick,riviera,good,,gas,118863.0,clean,automatic,fwd,mid-size,coupe,blue,mi
14980,2016.0,jeep,patriot,,4 cylinders,gas,76235.0,clean,other,4wd,,SUV,,ca
10970,2016.0,chevrolet,malibu lt,good,4 cylinders,gas,80070.0,clean,automatic,fwd,mid-size,sedan,black,dc
2000,2000.0,toyota,celica gts,good,4 cylinders,gas,229000.0,clean,manual,fwd,compact,coupe,blue,va
4499,2002.0,ford,focus zx3 premium,excellent,4 cylinders,gas,179661.0,salvage,manual,,,coupe,,ca
43988,2017.0,chevrolet,tahoe,excellent,8 cylinders,gas,77421.0,clean,automatic,4wd,full-size,SUV,silver,ca
6000,2007.0,lexus,rx 350,excellent,6 cylinders,gas,170000.0,clean,automatic,fwd,full-size,SUV,silver,ca
18500,2016.0,chevrolet,impala,excellent,6 cylinders,gas,35000.0,clean,automatic,,full-size,sedan,red,oh
29999,2017.0,chrysler,pacifica,,6 cylinders,gas,31000.0,clean,automatic,fwd,,,,nm
7500,2012.0,nissan,versa,like new,4 cylinders,gas,35000.0,clean,automatic,fwd,,hatchback,grey,tx
8950,2013.0,chevrolet,equinox,,,gas,134830.0,clean,automatic,fwd,,SUV,,ia
5999,2003.0,honda,pilot ex-l,excellent,6 cylinders,gas,170000.0,clean,automatic,4wd,full-size,SUV,grey,ca
2499,2002.0,toyota,corolla,,4 cylinders,gas,167978.0,clean,automatic,fwd,,sedan,silver,oh
7550,2017.0,volkswagen,jetta tsi turbo,,4 cylinders,gas,79527.0,rebuilt,automatic,fwd,,sedan,blue,ca
15500,2015.0,chevrolet,trax awd,excellent,4 cylinders,gas,61000.0,clean,automatic,4wd,compact,SUV,red,tn
154,2015.0,jeep,compass sport suv 4d,,,gas,,clean,automatic,4wd,,SUV,,ca
51765,,,Super Duty F-250 SRW,,8 cylinders,,42799.0,clean,automatic,4wd,,pickup,white,ca
5440,2006.0,buick,terraza cxl,excellent,6 cylinders,gas,108234.0,clean,automatic,4wd,full-size,mini-van,silver,va
6995,2008.0,mercury,milan,,4 cylinders,gas,98677.0,clean,automatic,fwd,,sedan,grey,wa
16200,2015.0,chevrolet,camaro ls,like new,,gas,73623.0,clean,automatic,,,,white,nv
20995,2012.0,ford,e-450 delivery box,like new,8 cylinders,gas,123004.0,clean,automatic,,full-size,van,white,ca
4200,2003.0,honda,element ex,excellent,4 cylinders,gas,180000.0,clean,automatic,4wd,full-size,SUV,brown,de
15000,2016.0,ford,explorer xlt 4x4,good,,gas,143550.0,clean,automatic,4wd,mid-size,SUV,grey,md
799,2009.0,chevrolet,malibu,,,gas,90282.0,clean,automatic,,,,,oh
3995,1978.0,cadillac,eldorado,,,gas,43299.0,clean,automatic,,,other,white,id
15990,2009.0,chevrolet,silverado 1500,excellent,8 cylinders,gas,124205.0,clean,automatic,4wd,,pickup,red,ia
40999,2018.0,toyota,tacoma,,6 cylinders,gas,7538.0,clean,automatic,4wd,,truck,white,wa
39990,2018.0,tesla,model 3 long range sedan,good,,hybrid,28456.0,clean,other,rwd,,sedan,,in
58990,2016.0,ford,f-550,,,other,37683.0,clean,,4wd,,other,black,ny
13995,2013.0,ford,e150 cargo van,excellent,8 cylinders,gas,129400.0,clean,automatic,rwd,full-size,van,white,pa
12995,2011.0,jeep,liberty,,,other,49501.0,clean,automatic,,,,,mn
41590,2018.0,audi,s5 premium plus sedan 4d,good,6 cylinders,gas,34184.0,clean,automatic,,,sedan,red,mo
16995,2015.0,chevrolet,colorado,excellent,4 cylinders,gas,137501.0,clean,automatic,4wd,mid-size,pickup,white,az
2900,1999.0,ford,,,,gas,167000.0,clean,automatic,,,,,nj
8500,1995.0,ram,2500,good,6 cylinders,diesel,253000.0,clean,manual,4wd,full-size,pickup,green,ia
14788,2013.0,ford,edge sel awd,excellent,6 cylinders,gas,85001.0,clean,automatic,4wd,full-size,SUV,grey,ny
25999,2007.0,ram,2500,excellent,6 cylinders,diesel,263491.0,clean,automatic,4wd,full-size,pickup,red,ca
21900,2018.0,ford,escape se 4wd,,,gas,38665.0,clean,automatic,,,,,vt
16400,2017.0,hyundai,sonata plug-in hybrid,good,,hybrid,46848.0,clean,automatic,fwd,,sedan,black,ca
5300,2012.0,chevrolet,malibu,,,gas,145000.0,clean,automatic,,,,,al
2850,2011.0,dodge,avenger,,,gas,110000.0,clean,automatic,,,,,mi
10995,2013.0,nissan,murano,,,gas,132984.0,clean,automatic,4wd,,wagon,,pa
30990,2019.0,ford,ranger supercrew xl pickup,good,,gas,5468.0,clean,other,,,pickup,white,az
17880,2008.0,ford,f-250,,,gas,189497.0,clean,automatic,fwd,,pickup,white,ga
12900,2014.0,subaru,forester 2.5i limited,,4 cylinders,gas,130000.0,clean,automatic,4wd,,SUV,white,mi
45000,2017.0,chevrolet,tahoe,,8 cylinders,gas,65134.0,clean,automatic,4wd,,SUV,white,ne
26590,2018.0,acura,rdx acurawatch plus pkg,good,6 cylinders,gas,24955.0,clean,other,fwd,,other,white,ca
9990,2011.0,chevrolet,impala lt,excellent,6 cylinders,gas,80036.0,clean,automatic,fwd,mid-size,sedan,silver,or
10995,2013.0,subaru,outback 2.5i premium,,,gas,137734.0,,other,4wd,,,,or
26500,2015.0,gmc,sierra 1500,excellent,,gas,156000.0,clean,automatic,,,,,al
23000,2018.0,chevrolet,equinox,,4 cylinders,gas,26896.0,clean,automatic,4wd,,SUV,red,mn
9998,2015.0,toyota,corolla,,4 cylinders,gas,109603.0,clean,automatic,fwd,mid-size,sedan,white,tx
35844,2018.0,ford,f150 xlt 4x4 1/2 ton gas,,,gas,62994.0,clean,automatic,4wd,,truck,white,wa
32990,2019.0,ford,f150 super cab xlt pickup,good,6 cylinders,gas,22769.0,clean,other,,,pickup,black,ks
7900,2015.0,kia,soul,excellent,4 cylinders,gas,111554.0,clean,automatic,fwd,mid-size,wagon,black,nc
1600,2007.0,chevrolet,cobalt,excellent,,gas,150000.0,clean,automatic,,,,,ky
20999,2016.0,chevrolet,equinox,,,gas,23015.0,clean,automatic,,,SUV,black,nv
24995,2016.0,acura,mdx 3.5l w/advance,excellent,6 cylinders,gas,82451.0,clean,automatic,4wd,full-size,SUV,grey,vt
34590,2020.0,cadillac,ct5 premium luxury,good,,other,15242.0,clean,other,,,sedan,black,pa
9500,2015.0,chevrolet,cruze,,,gas,78853.0,clean,automatic,,,,,co
5500,2004.0,,scion xa base 4dr hatchback,good,4 cylinders,gas,79030.0,clean,automatic,fwd,compact,hatchback,white,tx
8900,1951.0,chevrolet,deluxe hardtop,,6 cylinders,gas,1.0,rebuilt,automatic,,full-size,,black,il
23995,2013.0,toyota,tundra 2wd truck grade,good,8 cylinders,gas,117582.0,clean,automatic,rwd,,pickup,,az
3995,2006.0,chevrolet,silverado 1500,excellent,,gas,240453.0,clean,automatic,4wd,,pickup,,oh
11999,2011.0,buick,enclave,excellent,6 cylinders,gas,93617.0,clean,automatic,fwd,full-size,van,white,fl
27590,2019.0,audi,a3 premium sedan 4d,good,,gas,10592.0,clean,other,fwd,,sedan,black,ca
3690,2004.0,jeep,grand cherokee laredo,excellent,,gas,258201.0,clean,automatic,,,,,sc
7995,2013.0,hyundai,tuscon,excellent,4 cylinders,gas,144000.0,clean,automatic,fwd,,SUV,,ok
20590,2013.0,acura,mdx sport utility 4d,good,6 cylinders,gas,77087.0,clean,other,,,SUV,silver,va
19590,2016.0,mercedes-benz,e-class e 350,good,6 cylinders,gas,94989.0,clean,automatic,,,sedan,,ny
19980,2004.0,mercedes-benz,clk-class,,,gas,26005.0,clean,automatic,rwd,,convertible,,va
9295,2014.0,chevrolet,volt,excellent,4 cylinders,gas,107000.0,clean,automatic,,,hatchback,,ca
11500,2015.0,nissan,altima 2.5 4dr sedan,good,,gas,107860.0,clean,automatic,,,sedan,white,ar
33995,2017.0,audi,s3,excellent,,gas,7733.0,clean,automatic,,,sedan,blue,ny
10500,2014.0,mini,cooper s countryman,excellent,4 cylinders,gas,76000.0,clean,manual,4wd,sub-compact,hatchback,green,ca
14990,2017.0,dodge,grand caravan gt,,6 cylinders,other,139800.0,clean,automatic,fwd,,van,black,tn
16888,2014.0,lexus,is 250,excellent,6 cylinders,gas,123572.0,clean,automatic,rwd,,sedan,white,ca
19900,2012.0,gmc,sierra,,,gas,149363.0,clean,automatic,,,,white,ia
43795,2019.0,mercedes-benz,- benz sprinter,excellent,6 cylinders,diesel,38401.0,clean,automatic,rwd,full-size,van,white,wi
35990,2018.0,volkswagen,atlas sel premium,good,6 cylinders,gas,22546.0,clean,other,,,other,white,nc
13950,2011.0,ford,expedition,excellent,8 cylinders,gas,120528.0,clean,automatic,rwd,,SUV,white,tx
21995,2013.0,jeep,wrangler unlimited,,,gas,140000.0,clean,automatic,,,,,pa
1000,2015.0,nissan,rogue,,,gas,82933.0,clean,automatic,,,,,fl
2000,1996.0,mercury,grand marquis,good,8 cylinders,gas,80000.0,clean,automatic,rwd,full-size,sedan,blue,fl
19888,2019.0,ford,fusion sel fwd,,,,18708.0,clean,automatic,fwd,,,silver,hi
30990,2017.0,nissan,frontier crew cab pro-4x,good,6 cylinders,gas,31095.0,clean,other,4wd,,pickup,white,nc
4900,2011.0,subaru,outback,excellent,4 cylinders,gas,191000.0,clean,automatic,4wd,mid-size,wagon,silver,ny
12000,2007.0,chrysler,town & country,excellent,,gas,114000.0,clean,automatic,,,van,,ny
30990,2018.0,jeep,wrangler unlimited sport s,good,6 cylinders,gas,28849.0,clean,other,4wd,,SUV,black,ca
41999,2019.0,ram,1500 laramie 4x4 gas,,,gas,85059.0,clean,automatic,4wd,,truck,grey,ut
25990,2018.0,lincoln,mkz premiere hybrid,good,,hybrid,17500.0,clean,other,fwd,,sedan,silver,ga
22990,2012.0,toyota,tacoma access cab pickup,good,,gas,37725.0,clean,other,,,pickup,white,tx
14590,2016.0,kia,soul wagon 4d,good,,other,37531.0,clean,other,,,wagon,green,tx
10995,2007.0,chevrolet,avalanche 2lt,,,gas,179054.0,clean,automatic,,,,,mi
31955,2013.0,tesla,model s performance,excellent,other,gas,117621.0,clean,automatic,,,hatchback,,az
21590,2013.0,bmw,3 series 335i xdrive sedan,good,,gas,62993.0,clean,other,,,sedan,silver,ma
37988,2015.0,ford,super duty f-350 srw,good,8 cylinders,diesel,79138.0,clean,automatic,4wd,full-size,truck,white,tx
5500,2001.0,ford,e350 van,fair,,diesel,340000.0,clean,automatic,fwd,,van,white,al
47999,2018.0,ford,f150 lariat 4x4 1/2 ton gas,,,gas,39202.0,clean,automatic,4wd,,truck,brown,wa
69999,2019.0,mercedes-benz,e-class,excellent,,gas,25187.0,clean,automatic,4wd,,,red,ca
9995,2013.0,toyota,prius hybrid,excellent,4 cylinders,hybrid,121350.0,clean,automatic,fwd,,hatchback,blue,ca
6600,2008.0,cadillac,srx,excellent,6 cylinders,gas,145700.0,clean,automatic,rwd,full-size,other,black,dc
23331,2018.0,mini,cooper countryman,,3 cylinders,gas,17902.0,clean,automatic,fwd,,sedan,green,hi
52944,2019.0,ford,f-350,,,diesel,44299.0,clean,automatic,4wd,,pickup,,me
8900,2006.0,ford,f350 xl,,,gas,179000.0,clean,automatic,,,,,nh
18950,2019.0,buick,encore preferred 4d sport utility automatic,,,gas,10703.0,clean,automatic,fwd,,SUV,white,ca
44790,2018.0,chevrolet,silverado ltz,excellent,8 cylinders,gas,47194.0,clean,automatic,4wd,full-size,truck,silver,id
5500,2006.0,mazda,tribute,,4 cylinders,gas,46167.0,clean,automatic,fwd,,SUV,grey,nj
38590,2020.0,jaguar,e-pace p250 sport utility,good,,other,1372.0,clean,other,,,SUV,black,in
10000,2011.0,chevrolet,tahoe,good,8 cylinders,gas,146000.0,clean,automatic,4wd,full-size,SUV,black,ca
14900,2006.0,ram,2500,good,6 cylinders,diesel,278000.0,clean,automatic,fwd,full-size,pickup,blue,tx
2450,2003.0,chevrolet,trailblazer,good,6 cylinders,gas,190000.0,clean,automatic,rwd,full-size,SUV,custom,ma
5000,1983.0,jaguar,xjs,,,gas,150000.0,clean,automatic,,,,,tx
16991,2016.0,ram,promaster city wagon slt,excellent,4 cylinders,gas,77353.0,,automatic,,,van,,ca
16990,2014.0,acura,ilx 2.0l sedan 4d,good,,other,44473.0,clean,other,,,sedan,silver,tx
3995,2000.0,cadillac,eldorado,excellent,8 cylinders,gas,159898.0,clean,automatic,fwd,full-size,coupe,white,il
4000,2008.0,ford,escape,excellent,4 cylinders,gas,182781.0,clean,automatic,4wd,compact,SUV,grey,mi
99,2018.0,dodge,durango,,,gas,49203.0,clean,automatic,4wd,full-size,,white,nh
6900,2001.0,toyota,4runner,,6 cylinders,gas,342200.0,clean,automatic,,,,,ca
17495,2010.0,jeep,wrangler unlimited,,,gas,145151.0,clean,automatic,4wd,,,white,wi
5500,1996.0,ram,2500,fair,10 cylinders,gas,80000.0,clean,automatic,rwd,full-size,truck,silver,mt
32988,2017.0,ford,f-150,,,gas,144999.0,clean,,4wd,,pickup,,tx
45990,2014.0,ram,5500,good,6 cylinders,diesel,66212.0,clean,automatic,4wd,,,red,nj
7495,2010.0,jeep,liberty,excellent,6 cylinders,gas,105189.0,clean,automatic,4wd,,other,silver,ma
3900,2004.0,toyota,camry,good,4 cylinders,gas,155500.0,clean,automatic,fwd,full-size,sedan,green,ny
14991,2015.0,ford,explorer,,6 cylinders,gas,129238.0,clean,automatic,4wd,full-size,SUV,black,oh
4995,2008.0,mercury,mariner,excellent,,gas,128851.0,clean,automatic,4wd,,SUV,blue,nj
36000,2016.0,chevrolet,silverado 1500,excellent,6 cylinders,gas,58250.0,clean,automatic,4wd,,truck,grey,ca
14995,2008.0,toyota,tundra double cab,,8 cylinders,gas,182143.0,clean,automatic,4wd,,pickup,custom,ak
4900,2009.0,jeep,patriot,good,4 cylinders,gas,132000.0,clean,automatic,fwd,,,red,oh
16789,1989.0,gmc,sierra 3500 crew cab sle,good,8 cylinders,gas,119864.0,clean,automatic,rwd,full-size,pickup,white,tx
31995,2017.0,gmc,sierra 1500 sle,excellent,8 cylinders,gas,67000.0,clean,automatic,4wd,full-size,truck,black,me
28995,2018.0,bmw,x2 xdrive28i,,4 cylinders,gas,36360.0,clean,automatic,4wd,,SUV,,or
5600,2013.0,dodge,dart,good,4 cylinders,gas,88000.0,clean,manual,fwd,compact,sedan,red,al
30990,2018.0,gmc,canyon crew cab sle all,good,6 cylinders,gas,51367.0,clean,other,4wd,,pickup,,nh
21995,2013.0,gmc,sierra 1500,,,gas,115500.0,clean,automatic,,,,,tx
17999,2002.0,ford,f-250 super duty,,8 cylinders,diesel,171944.0,clean,automatic,4wd,,truck,,co
17238,2019.0,nissan,sentra s,good,4 cylinders,gas,20426.0,clean,automatic,fwd,,sedan,blue,ca
27585,2020.0,ford,ecosport,,4 cylinders,gas,5.0,clean,automatic,4wd,,SUV,red,mi
9995,2007.0,chevrolet,silverado,,,gas,126037.0,clean,automatic,4wd,,pickup,,nh
16990,2016.0,kia,forte koup ex coupe 2d,good,,gas,17631.0,clean,other,fwd,,coupe,,nc
22995,2012.0,jeep,wrangler,,,gas,88636.0,clean,manual,4wd,,SUV,white,ca
11495,2017.0,honda,hr-v,,4 cylinders,gas,148790.0,clean,automatic,,,SUV,white,ca
24500,2019.0,mazda,cx-5,excellent,,gas,27500.0,clean,automatic,,,SUV,grey,ca
32590,2013.0,lexus,ls 460 l sedan 4d,good,8 cylinders,gas,60271.0,clean,automatic,,,sedan,,mi
25990,2016.0,subaru,wrx limited sedan 4d,good,,gas,37682.0,clean,automatic,,,sedan,silver,fl
12700,2020.0,honda,cr-v awd ex-l,like new,4 cylinders,gas,12440.0,clean,automatic,4wd,,SUV,blue,ri
16590,2013.0,honda,civic si coupe 2d,good,,other,81552.0,clean,other,fwd,,coupe,silver,la
9500,2014.0,nissan,rogue,,4 cylinders,gas,60122.0,rebuilt,automatic,,,,,mn
19995,2016.0,honda,pilot,,6 cylinders,gas,100829.0,clean,automatic,4wd,,SUV,white,nj
3975,2002.0,ram,,,,gas,105100.0,clean,automatic,4wd,,pickup,green,nj
4899,2007.0,honda,pilot exl,,,gas,204787.0,clean,automatic,,,,,fl
25990,2016.0,toyota,tacoma access cab sr5,good,,other,79393.0,clean,other,,,pickup,silver,nj
19990,2020.0,mitsubishi,outlander sport es,good,,other,11103.0,clean,other,,,hatchback,orange,ky
15995,2013.0,bmw,328i,,,gas,42162.0,clean,automatic,,compact,sedan,black,tx
46999,2019.0,rover,evoque,,,gas,15478.0,clean,automatic,4wd,,SUV,black,wa
6500,2016.0,volkswagen,jetta,excellent,4 cylinders,gas,89000.0,rebuilt,automatic,fwd,compact,sedan,black,tn
32990,2011.0,bmw,z4 sdrive35is roadster 2d,good,,other,45858.0,clean,other,rwd,,other,red,tn
24000,2015.0,bmw,x5 xdrive35i 4d,good,6 cylinders,gas,91565.0,clean,automatic,4wd,full-size,SUV,white,wa
24500,2015.0,ford,explorer,excellent,,gas,32514.0,clean,automatic,4wd,,SUV,,wi
10700,2007.0,chevrolet,express cargo van,excellent,8 cylinders,gas,154631.0,clean,automatic,rwd,full-size,,white,nj
42270,2015.0,toyota,tundra 4wd truck,,,gas,33020.0,clean,automatic,4wd,,pickup,grey,az
44990,2020.0,mercedes-benz,c-class c 300,good,,other,8920.0,clean,other,,,coupe,,sc
2900,2008.0,pontiac,g6,,,gas,149000.0,clean,automatic,,,,,mi
64990,2017.0,,Freightliner M2 106 Medium Duty,good,6 cylinders,diesel,28400.0,clean,automatic,rwd,full-size,truck,white,in
24999,2018.0,chevrolet,camaro ls rwd gas,,,gas,16865.0,clean,manual,rwd,,coupe,black,wa
40917,2017.0,ram,1500,,,gas,47235.0,clean,automatic,4wd,,pickup,,mo
22990,2013.0,ram,3500 tradesman,excellent,8 cylinders,gas,95492.0,clean,automatic,rwd,,truck,,fl
17990,2018.0,ford,c-max hybrid se wagon 4d,good,,hybrid,48666.0,clean,other,fwd,,wagon,,ca
15950,2002.0,ford,thunderbird convertible,like new,8 cylinders,gas,38366.0,clean,automatic,rwd,full-size,convertible,black,or
12997,2007.0,lexus,gs 350,,6 cylinders,gas,162254.0,clean,automatic,4wd,,sedan,,or
21995,2012.0,nissan,titan,,,gas,116818.0,clean,automatic,4wd,,pickup,,id
5500,2010.0,chevrolet,cobalt,,,gas,99.0,clean,automatic,,,,,nm
14590,2012.0,bmw,1 series 128i coupe 2d,good,,other,80465.0,clean,other,,,coupe,black,oh
49628,2019.0,ford,f-150,,,gas,46310.0,clean,automatic,4wd,,pickup,black,ks
7950,2012.0,cadillac,cts,,,gas,115.0,clean,automatic,rwd,,,,fl
4650,2006.0,toyota,corolla,good,4 cylinders,gas,200000.0,clean,automatic,,,,,nv
406,2007.0,ram,2500,,6 cylinders,diesel,77937.0,clean,automatic,4wd,,truck,,ca
45995,2017.0,mercedes-benz,c300 4matic,excellent,4 cylinders,gas,14303.0,clean,automatic,4wd,,convertible,white,or
4000,2010.0,volkswagen,new beetle,,5 cylinders,gas,90000.0,clean,automatic,fwd,,,yellow,ny
42990,2008.0,chevrolet,cc4500,good,8 cylinders,diesel,67159.0,clean,automatic,rwd,mid-size,,red,va
14990,2016.0,,Scion iM Hatchback 4D,good,,gas,65203.0,clean,other,fwd,,hatchback,red,oh
14988,2013.0,subaru,xv crosstrek,,,gas,97220.0,clean,automatic,,,,,ia
16700,2016.0,ford,edge,excellent,4 cylinders,gas,73656.0,clean,automatic,4wd,full-size,SUV,silver,ny
3900,2016.0,dodge,grand caravan,,,gas,1.0,clean,automatic,fwd,,mini-van,red,wi
18950,2012.0,audi,a7 3.0t prestige quattro,,,gas,108953.0,clean,automatic,,,,,mn
24995,2021.0,jeep,compass,good,4 cylinders,gas,15893.0,clean,automatic,4wd,full-size,SUV,red,ky
28997,2017.0,ford,explorer,excellent,,gas,64089.0,clean,automatic,4wd,,SUV,black,ny
11999,2017.0,hyundai,elantra se,excellent,,gas,77803.0,clean,automatic,,,sedan,,wa
25990,2013.0,toyota,tundra crewmax pickup 4d,good,8 cylinders,gas,98879.0,clean,other,,,pickup,white,pa
35590,2020.0,cadillac,ct5 premium luxury,good,,other,13260.0,clean,other,rwd,,sedan,,nc
3000,2007.0,ford,escape,,,gas,207000.0,clean,automatic,,,,,ma
24999,2019.0,acura,tlx technology,good,6 cylinders,gas,120224.0,clean,automatic,,,other,red,mo
17500,2001.0,chevrolet,corvette,excellent,8 cylinders,gas,44820.0,clean,manual,rwd,,coupe,green,tx
29990,2018.0,dodge,charger gt plus sedan 4d,good,6 cylinders,gas,20595.0,clean,other,,,sedan,white,ga
7988,2010.0,toyota,prius,excellent,,hybrid,161428.0,clean,automatic,fwd,,,,wi
74999,2017.0,ford,f350 powerstroke platinum,,,diesel,25106.0,clean,automatic,4wd,,truck,grey,wa
22988,2008.0,jeep,wrangler unlimited rubicon,good,6 cylinders,gas,103119.0,clean,manual,4wd,,other,blue,ca
8999,2011.0,toyota,matrix awd,good,4 cylinders,gas,115817.0,clean,automatic,4wd,compact,hatchback,white,ny
8838,2012.0,mazda,mazda3 i grand touring,good,4 cylinders,gas,125167.0,clean,automatic,fwd,,hatchback,silver,ca
15990,2014.0,,Scion tC Hatchback Coupe 2D,good,,gas,74343.0,clean,other,fwd,,coupe,black,or
20991,2019.0,nissan,kicks,excellent,4 cylinders,gas,18894.0,clean,automatic,fwd,,SUV,orange,ca
17999,2015.0,ford,explorer,,,gas,94000.0,clean,automatic,,,,,ca
6700,2010.0,toyota,corolla,,,gas,109047.0,clean,automatic,,,sedan,,de
15990,2012.0,audi,a4 2.0t quattro premium,good,,gas,87295.0,clean,other,,,sedan,black,ny
10995,2010.0,honda,cr-v ex-l awd,excellent,4 cylinders,gas,141275.0,clean,automatic,4wd,compact,SUV,black,ca
39990,2020.0,buick,enclave premium sport,good,6 cylinders,gas,15490.0,clean,other,,,other,black,oh
25590,2013.0,bmw,x6 xdrive35i sport utility,good,,gas,77907.0,clean,automatic,,,SUV,black,ok
25990,2017.0,toyota,tacoma access cab sr,good,,gas,22820.0,clean,other,,,pickup,,tx
35590,2013.0,chevrolet,corvette coupe 2d,good,,other,24471.0,clean,other,rwd,,coupe,yellow,oh
6995,2014.0,mitsubishi,outlander sport,,4 cylinders,gas,188080.0,clean,automatic,,,SUV,white,id
17950,1989.0,jeep,cherokee,like new,4 cylinders,diesel,115000.0,clean,manual,4wd,mid-size,,black,ca
15590,2016.0,kia,forte koup sx coupe 2d,good,,gas,53066.0,clean,other,fwd,,coupe,red,ny
11428,2009.0,acura,mdx,excellent,6 cylinders,gas,130226.0,clean,automatic,4wd,,,,va
7495,2014.0,,FORD* FIESTA*,,,gas,73956.0,clean,automatic,fwd,sub-compact,other,red,ct
13500,2016.0,dodge,grand caravan sxt,excellent,6 cylinders,gas,95704.0,clean,automatic,fwd,compact,van,white,pa
1850,1999.0,buick,,,,gas,240.0,clean,automatic,,,,,ga
22888,2014.0,jeep,wrangler,,,gas,128408.0,clean,automatic,4wd,,SUV,black,vt
32900,2019.0,dodge,grand caravan sxt,excellent,6 cylinders,gas,40155.0,,automatic,,,van,,fl
5250,2010.0,chevrolet,hhr,good,4 cylinders,gas,123000.0,clean,automatic,fwd,,,black,al
42995,2014.0,ford,f-150,excellent,,gas,130630.0,clean,automatic,4wd,,pickup,,or
26590,2019.0,volkswagen,jetta gli autobahn,good,,other,19696.0,clean,other,fwd,,sedan,black,ny
33885,2013.0,ram,2500,,,diesel,208295.0,clean,automatic,,,,,ia
20500,2013.0,ram,2500,good,8 cylinders,gas,97000.0,lien,automatic,4wd,full-size,truck,grey,me
499,2016.0,dodge,charger,excellent,,gas,57000.0,clean,automatic,,,sedan,,sc
118,2009.0,acura,mdx technology,,6 cylinders,gas,212282.0,clean,automatic,4wd,,SUV,,or
11271,2014.0,chevrolet,impala lt,like new,,gas,124001.0,clean,automatic,fwd,compact,sedan,grey,mi
3500,2000.0,,NISSAN*ALTIMA*GXE,excellent,4 cylinders,gas,118132.0,clean,automatic,fwd,mid-size,sedan,green,ga
25990,2013.0,porsche,cayenne sport utility 4d,good,6 cylinders,other,76640.0,clean,other,,,other,white,az
16590,2011.0,toyota,venza wagon 4d,good,,other,102000.0,clean,other,fwd,,wagon,green,ca
19590,2020.0,kia,soul lx wagon 4d,good,,gas,15655.0,clean,other,fwd,,wagon,black,dc
26990,2018.0,bmw,3 series 330i xdrive sedan,good,,gas,13088.0,clean,automatic,,,sedan,,wi
2500,2003.0,toyota,camry,excellent,,gas,159000.0,clean,automatic,,,,,ca
17590,2016.0,hyundai,sonata sedan 4d,good,,other,13796.0,clean,other,fwd,,sedan,white,az
3300,2008.0,honda,fit,good,4 cylinders,gas,208000.0,clean,manual,fwd,,hatchback,blue,dc
12999,2011.0,hyundai,sonata se,excellent,4 cylinders,gas,79083.0,clean,automatic,fwd,mid-size,sedan,blue,fl
31990,2016.0,chevrolet,silverado 1500 double,good,,other,55795.0,clean,automatic,4wd,,pickup,red,fl
19995,2018.0,toyota,rav4,,,gas,46498.0,clean,automatic,4wd,,SUV,purple,nh
23990,2017.0,mazda,cx-5 touring sport utility,good,,gas,15752.0,clean,other,fwd,,other,blue,ca
12499,2012.0,bmw,5 series,,6 cylinders,gas,124729.0,clean,automatic,rwd,mid-size,sedan,custom,ny
5495,2010.0,,BLUE BIRD BLUE BIRD,,,,86000.0,,automatic,,,,,vt
40990,2019.0,acura,mdx advance pkg sport,good,6 cylinders,gas,12046.0,clean,other,fwd,,other,red,il
15990,2017.0,ford,c-max hybrid se wagon 4d,good,,hybrid,48195.0,clean,other,fwd,,wagon,blue,wi
28900,2016.0,toyota,tacoma,,,gas,87876.0,clean,automatic,4wd,,pickup,silver,ok
1125,1992.0,ford,ranger,fair,6 cylinders,gas,220000.0,clean,automatic,4wd,compact,pickup,black,sc
4900,2005.0,honda,accord,excellent,,gas,186261.0,clean,manual,,,,,ak
16900,2005.0,ford,f450 xl,,,gas,42000.0,clean,automatic,,,,,mi
25000,2014.0,ram,,good,8 cylinders,gas,90000.0,clean,automatic,4wd,,,,nv
8900,2007.0,audi,s8 v10 quattro,good,10 cylinders,gas,150000.0,clean,automatic,4wd,full-size,sedan,grey,oh
9900,2009.0,gmc,savanna extended cargo van,good,8 cylinders,gas,102.0,clean,automatic,4wd,full-size,van,white,dc
9988,2012.0,lincoln,mks,,,gas,98574.0,clean,automatic,fwd,,,,wi
6300,2011.0,mazda,cx-7,excellent,4 cylinders,gas,162000.0,clean,automatic,4wd,mid-size,SUV,silver,id
13488,2008.0,toyota,tundra,excellent,8 cylinders,gas,169782.0,clean,automatic,4wd,,pickup,red,ma
4500,2002.0,jeep,liberty,,,gas,160000.0,clean,automatic,,,,,az
5990,2012.0,honda,civic lx sedan,excellent,4 cylinders,gas,143857.0,clean,automatic,fwd,compact,sedan,white,va
41590,2020.0,buick,enclave avenir sport,good,6 cylinders,gas,29010.0,clean,other,fwd,,SUV,red,in
22980,2016.0,ford,expedition el limited,excellent,6 cylinders,gas,146460.0,clean,automatic,,,SUV,white,tx
15998,2014.0,mercedes-benz,e-class,,6 cylinders,gas,97041.0,clean,automatic,rwd,mid-size,sedan,silver,nc
23500,2019.0,ford,escape sel,like new,4 cylinders,gas,12975.0,clean,automatic,fwd,compact,SUV,white,ok
10999,2012.0,audi,a4,,,gas,128951.0,clean,automatic,,compact,wagon,blue,nh
34990,2020.0,cadillac,xt4 sport suv 4d,good,,diesel,4174.0,clean,other,,,hatchback,white,nh
21990,2015.0,jeep,wrangler sport 4x4,like new,6 cylinders,gas,22000.0,salvage,automatic,4wd,full-size,offroad,silver,ca
3995,2012.0,chevrolet,sonic ls,good,4 cylinders,gas,95000.0,clean,automatic,fwd,compact,sedan,red,tx
7995,2014.0,volkswagen,jetta se,excellent,4 cylinders,gas,125000.0,clean,automatic,fwd,full-size,sedan,silver,fl
3895,2004.0,jeep,grand cherokee,good,6 cylinders,gas,187000.0,clean,automatic,rwd,,SUV,black,mo
26590,2017.0,bmw,3 series 330i xdrive sedan,good,,other,14358.0,clean,other,,,sedan,black,pa
13595,2013.0,gmc,acadia,,6 cylinders,gas,103331.0,clean,automatic,fwd,full-size,SUV,custom,az
241,2015.0,hyundai,santa fe gls,,6 cylinders,other,115270.0,clean,automatic,,,,,or
3900,2006.0,ford,focus,excellent,4 cylinders,gas,164867.0,clean,automatic,fwd,,hatchback,black,ia
26988,2017.0,infiniti,qx70,excellent,6 cylinders,gas,40056.0,,automatic,,,SUV,,ca
2999,1997.0,bmw,7 series,,8 cylinders,gas,1.0,clean,automatic,rwd,,sedan,,wi
10495,2019.0,mitsubishi,mirage g4,good,3 cylinders,gas,13000.0,clean,automatic,fwd,,sedan,grey,ny
6998,2007.0,subaru,forester,,,gas,137723.0,clean,automatic,,,SUV,,ma
28590,2018.0,acura,rdx technology and,good,6 cylinders,gas,22703.0,clean,other,fwd,,other,blue,ca
31968,2017.0,lexus,rx 350,,6 cylinders,gas,50181.0,clean,automatic,fwd,mid-size,SUV,black,tx
25999,2008.0,ford,super duty f-250 srw laria,,8 cylinders,diesel,147625.0,clean,automatic,4wd,,truck,,wa
31888,2015.0,gmc,1500 yukon slt,good,8 cylinders,gas,109947.0,clean,automatic,rwd,full-size,SUV,white,al
15590,2012.0,mini,coupe cooper s 2d,good,,other,65494.0,clean,other,fwd,,coupe,black,co
24990,2020.0,mitsubishi,outlander gt sport,good,,other,28945.0,clean,other,4wd,,SUV,white,ga
14985,2005.0,gmc,sierra 1500,excellent,,gas,,clean,automatic,4wd,,pickup,black,or
3999,2008.0,volkswagen,new beetle,,5 cylinders,gas,205000.0,clean,manual,fwd,,convertible,custom,ca
11500,2017.0,hyundai,elantra,good,4 cylinders,gas,57027.0,clean,automatic,fwd,compact,sedan,black,pa
53877,,,ierra 1500,,8 cylinders,gas,29097.0,,automatic,4wd,,pickup,,az
11000,2010.0,infiniti,ex35 journey,excellent,6 cylinders,gas,90700.0,clean,automatic,4wd,mid-size,SUV,grey,ny
888,2014.0,chevrolet,equinox lt,,,gas,100000.0,clean,automatic,,,,,oh
38000,1929.0,,Graham Paige Sedan,excellent,8 cylinders,gas,40000.0,clean,automatic,rwd,,,,fl
29995,2017.0,chevrolet,silverado,,,gas,110366.0,clean,automatic,4wd,,pickup,silver,ak
35990,2016.0,dodge,challenger r/t scat pack,good,,other,18955.0,clean,other,rwd,,coupe,black,fl
16995,2011.0,bmw,x6,excellent,8 cylinders,gas,107766.0,clean,automatic,4wd,full-size,SUV,silver,fl
25500,2017.0,bmw,330i,,,gas,34399.0,clean,automatic,,compact,sedan,blue,ca
3400,2009.0,nissan,sentra,,,gas,1.0,clean,automatic,,,,,fl
3800,2009.0,hyundai,sonata,,,gas,237581.0,clean,automatic,fwd,,,white,mi
38998,2018.0,mercedes-benz,e-class,,,gas,28422.0,clean,automatic,,sub-compact,coupe,silver,fl
19995,2011.0,chevrolet,silverado,,,other,134857.0,clean,automatic,,,pickup,blue,ia
16500,1988.0,,oldsmobile cutlass,,,gas,2000.0,clean,automatic,,,,,wi
33990,2018.0,bmw,3 series 328d xdrive sport,good,,gas,30570.0,clean,other,,,wagon,white,ca
13250,2014.0,audi,a4 premium plus quattro awd,good,4 cylinders,gas,76200.0,clean,automatic,4wd,mid-size,sedan,white,wi
33990,2019.0,jeep,wrangler sport suv 2d,good,6 cylinders,gas,7359.0,clean,other,4wd,,other,white,or
22248,2019.0,honda,accord,,4 cylinders,gas,42333.0,clean,automatic,fwd,mid-size,sedan,silver,ca
42999,2019.0,gmc,sierra 1500 sle x31 4x4 gas,,,gas,46653.0,clean,automatic,4wd,,truck,white,wa
30999,2015.0,chevrolet,suburban,,,other,123091.0,clean,automatic,rwd,,SUV,silver,nc
16950,2013.0,honda,odyssey,,,gas,103231.0,clean,automatic,,,,,ks
38990,2015.0,chevrolet,ss sedan 4d,good,8 cylinders,gas,48774.0,clean,other,rwd,,sedan,red,fl
29999,2018.0,nissan,pathfinder,,6 cylinders,gas,32047.0,clean,automatic,fwd,,SUV,red,ak
5999,2008.0,toyota,prius,good,4 cylinders,gas,86900.0,rebuilt,automatic,fwd,mid-size,hatchback,grey,ks
22590,2016.0,subaru,crosstrek 2.0i limited,good,,other,28379.0,clean,automatic,,,hatchback,,ga
10500,2001.0,ford,f-150,excellent,8 cylinders,gas,127000.0,clean,automatic,rwd,full-size,pickup,black,fl
1,2016.0,jeep,wrangler unlimited,excellent,6 cylinders,gas,57722.0,clean,other,4wd,compact,wagon,white,fl
36990,2016.0,gmc,sierra 2500 hd double cab,good,8 cylinders,gas,23190.0,clean,other,4wd,,pickup,black,nm
43999,2019.0,gmc,sierra 1500 4x4 half ton gas,,,gas,28775.0,clean,automatic,4wd,,truck,white,wa
24000,2015.0,ford,f350 super duty,excellent,8 cylinders,gas,91742.0,clean,automatic,4wd,full-size,truck,white,ny
1234,2000.0,subaru,forester,,,gas,251000.0,clean,automatic,,,,,ak
8995,2002.0,gmc,sierra 2500hd,,,other,159709.0,clean,automatic,,,,,me
2299,2007.0,pontiac,g5,,,gas,185727.0,clean,automatic,,,,,wi
22999,2019.0,toyota,camry le automatic,,,gas,21480.0,clean,automatic,fwd,,sedan,grey,tn
7500,2014.0,hyundai,sonata,,4 cylinders,gas,70000.0,salvage,automatic,fwd,,,,ca
16400,2007.0,gmc,sierra,good,8 cylinders,diesel,187000.0,clean,automatic,rwd,full-size,truck,white,tx
11900,2007.0,honda,odyssey,good,6 cylinders,gas,77676.0,clean,automatic,fwd,,mini-van,blue,fl
34990,2018.0,jeep,wrangler unlimited all new,good,,other,13992.0,clean,other,4wd,,other,,la
26990,2014.0,chevrolet,silverado 1500 crew,good,6 cylinders,gas,63129.0,clean,automatic,,,pickup,black,nc
18999,2012.0,ram,1500 sport,excellent,8 cylinders,gas,159258.0,clean,automatic,4wd,full-size,pickup,white,wy
20878,2019.0,honda,civic sedan touring,good,4 cylinders,gas,50253.0,clean,automatic,fwd,,sedan,white,ca
19998,2016.0,mercedes-benz,gla-class,,,gas,79675.0,clean,automatic,,,SUV,white,fl
15900,2010.0,toyota,venza,,6 cylinders,gas,72460.0,clean,automatic,,,wagon,red,ak
5750,2006.0,nissan,xterra,like new,6 cylinders,gas,175000.0,clean,automatic,4wd,full-size,SUV,black,tx
3995,2010.0,ford,fusion,excellent,4 cylinders,gas,219428.0,clean,automatic,fwd,,sedan,,ia
26999,2016.0,acura,mdx,,6 cylinders,gas,74482.0,clean,automatic,4wd,,SUV,grey,or
10991,2009.0,cadillac,sts,excellent,6 cylinders,gas,49000.0,clean,manual,rwd,full-size,sedan,,fl
15000,1999.0,toyota,land cruiser,good,8 cylinders,gas,240000.0,clean,automatic,4wd,mid-size,SUV,silver,ca
49788,2020.0,hyundai,palisade limited,good,6 cylinders,gas,5913.0,clean,automatic,fwd,,other,black,ca
16995,2012.0,toyota,highlander,,,gas,140337.0,clean,automatic,4wd,,wagon,white,id
6800,2006.0,chevrolet,impala lt,,,gas,73000.0,clean,automatic,,,,,sc
29900,2014.0,ford,f-150,excellent,8 cylinders,gas,114000.0,clean,automatic,4wd,full-size,truck,white,nc
2450,2011.0,ford,fiesta s,,4 cylinders,gas,205020.0,clean,manual,fwd,,sedan,silver,fl
43988,2017.0,ford,f-250 stx,,,diesel,1.0,clean,automatic,,,,,nc
12500,2012.0,gmc,sierra,,,gas,170000.0,clean,automatic,fwd,,,,oh
10500,1997.0,ford,f700,,,,94836.0,clean,manual,rwd,,other,red,pa
6995,2003.0,lexus,es 300,excellent,6 cylinders,gas,103000.0,clean,automatic,fwd,full-size,sedan,silver,ny
29990,2018.0,audi,a5 premium plus sedan 4d,good,,gas,43511.0,clean,automatic,,,sedan,white,tn
38590,2020.0,alfa-romeo,romeo stelvio sport utility,good,,gas,8674.0,clean,other,rwd,,hatchback,red,ri
11995,2014.0,toyota,prius c,,4 cylinders,gas,79283.0,clean,automatic,fwd,,hatchback,silver,tn
3500,2001.0,jeep,cherokee,fair,6 cylinders,gas,213000.0,clean,automatic,4wd,mid-size,SUV,red,ky
36590,2013.0,chevrolet,corvette grand sport,good,,other,79156.0,clean,other,,,other,,fl
31990,2020.0,toyota,tacoma access cab sr,good,,gas,9261.0,clean,other,4wd,,pickup,silver,ca
35000,1958.0,cadillac,coupe deville 62,,,gas,51320.0,missing,automatic,,,,,ny
7250,2005.0,lexus,rx 330 awd,,,gas,165192.0,clean,automatic,4wd,,SUV,green,ca
13900,2012.0,chevrolet,express 1500,excellent,8 cylinders,gas,133000.0,clean,automatic,rwd,full-size,van,red,fl
18991,2015.0,dodge,charger sxt,,,gas,1.0,clean,automatic,,,,,nc
3500,2006.0,toyota,corolla,,,gas,172000.0,clean,automatic,,,,,il
14998,2015.0,mercedes-benz,b-class,,,electric,26803.0,clean,automatic,fwd,mid-size,SUV,blue,oh
15900,2013.0,ford,expedition el,good,8 cylinders,other,173532.0,clean,automatic,4wd,full-size,SUV,black,ok
25000,2009.0,jeep,unlimited,,,gas,122000.0,clean,manual,,,,,nc
1,2015.0,ford,f-150,excellent,6 cylinders,gas,69701.0,clean,other,4wd,full-size,truck,white,fl
12250,2005.0,gmc,3500,good,8 cylinders,gas,77000.0,clean,automatic,rwd,full-size,truck,white,wi
11950,2005.0,ram,,,,gas,162000.0,clean,automatic,4wd,,pickup,silver,ia
32590,2020.0,,Genesis G70 2.0T Sedan 4D,good,,other,4171.0,clean,other,,,sedan,white,tx
12988,2013.0,bmw,,,6 cylinders,gas,89608.0,clean,automatic,,,,black,fl
27980,2016.0,mercedes-benz,gle,excellent,,gas,61092.0,clean,automatic,rwd,,SUV,black,fl
12550,2018.0,nissan,sentra,,,gas,39361.0,clean,automatic,fwd,,sedan,,fl
6995,2002.0,chevrolet,tahoe,excellent,8 cylinders,gas,263579.0,clean,automatic,4wd,,,,tx
4495,1993.0,chevrolet,blazer,good,6 cylinders,gas,149000.0,missing,automatic,4wd,mid-size,,blue,or
13895,2002.0,chevrolet,silverado 2500,good,8 cylinders,gas,119266.0,clean,automatic,4wd,full-size,pickup,silver,nj
36590,2020.0,volvo,s60 t6 r-design sedan 4d,good,,gas,18506.0,clean,other,,,sedan,blue,ky
4500,2005.0,gmc,yukon denali,fair,,gas,244139.0,clean,manual,4wd,full-size,SUV,black,ia
16990,2017.0,volkswagen,tiguan limited 2.0t,good,,gas,35404.0,clean,other,fwd,,other,silver,tn
4250,2005.0,ford,freestar,like new,6 cylinders,gas,97000.0,clean,automatic,fwd,full-size,mini-van,blue,sd
23995,2011.0,toyota,4runner sr5 4x4,excellent,,gas,156464.0,clean,automatic,4wd,,,,ca
800,2005.0,audi,allroad,fair,6 cylinders,gas,180000.0,clean,automatic,4wd,mid-size,wagon,brown,mt
18500,2019.0,jeep,compass,,,gas,16323.0,clean,automatic,fwd,,SUV,,tn
7995,2012.0,chevrolet,traverse lt fwd,excellent,6 cylinders,gas,140149.0,clean,automatic,fwd,full-size,SUV,black,mn
6995,2010.0,mini,cooper clubman,excellent,4 cylinders,gas,118091.0,clean,automatic,fwd,sub-compact,coupe,silver,or
15999,2012.0,ford,e-series cargo e-150,,8 cylinders,other,66609.0,clean,automatic,,,van,white,wi
8995,2011.0,honda,civic,,,gas,133063.0,clean,automatic,fwd,,sedan,,va
15000,1970.0,volvo,,,,gas,99999.0,clean,manual,,,,,ok
17990,2018.0,ford,focus titanium sedan 4d,good,,gas,15256.0,clean,other,fwd,,sedan,,fl
29900,2019.0,dodge,grand caravan sxt,excellent,6 cylinders,gas,36015.0,,automatic,,,van,,fl
343,2020.0,chevrolet,impala lt,good,6 cylinders,gas,15440.0,clean,automatic,,,sedan,black,nc
11488,2015.0,nissan,altima 2.5 s,good,4 cylinders,gas,106102.0,clean,automatic,fwd,,sedan,,ca
2999,2002.0,ford,f-150 xl 2dr standard,excellent,8 cylinders,gas,212186.0,,automatic,,,truck,,oh
23985,2012.0,audi,a8 l 4dr sdn,good,8 cylinders,other,63336.0,clean,automatic,,,sedan,,ia
7450,2016.0,ford,focus,good,4 cylinders,gas,106000.0,clean,automatic,fwd,compact,sedan,,pa
13995,2017.0,ram,promaster city,excellent,4 cylinders,gas,141000.0,clean,automatic,fwd,mid-size,van,white,wa
4500,2008.0,mercedes-benz,c320 4matic,good,6 cylinders,gas,150000.0,clean,automatic,4wd,,,,ny
5995,2013.0,nissan,versa,good,4 cylinders,gas,105099.0,clean,manual,fwd,,sedan,grey,vt
9988,2014.0,chrysler,town&country - stow 'n go - rear camera - dvd ente,excellent,6 cylinders,gas,,clean,automatic,fwd,,mini-van,black,ca
96000,1967.0,chevrolet,corvette convertible,excellent,8 cylinders,gas,28000.0,clean,manual,rwd,,,,fl
5500,2011.0,,Nissa Versa Hatchback dark grey,good,4 cylinders,gas,145000.0,clean,automatic,fwd,compact,hatchback,grey,ca
11795,2007.0,ford,ranger regular cab,,6 cylinders,gas,107957.0,clean,automatic,4wd,,pickup,white,ny
31590,2016.0,jeep,wrangler unlimited sport,good,6 cylinders,gas,33792.0,clean,other,4wd,,other,,ny
29995,2018.0,chevrolet,silverado 1500,excellent,,gas,133227.0,clean,automatic,4wd,,pickup,,oh
7500,2000.0,toyota,4runner,good,6 cylinders,gas,212000.0,clean,automatic,rwd,mid-size,SUV,silver,al
25990,2016.0,,Isuzu NPR HD GAS REG,good,8 cylinders,gas,172373.0,clean,automatic,rwd,full-size,truck,white,pa
7995,2006.0,toyota,highlander 4x4,excellent,6 cylinders,hybrid,131000.0,clean,automatic,4wd,,SUV,blue,ma
5980,2008.0,cadillac,srx,,,gas,189000.0,clean,automatic,,,,,al
10950,2004.0,ford,fx4 sport f15o,excellent,8 cylinders,gas,91036.0,clean,automatic,4wd,full-size,truck,yellow,il
7650,2014.0,ford,focus titanium hatchback,good,4 cylinders,gas,46900.0,clean,automatic,,,,red,tx
8995,2012.0,honda,civic lx,,4 cylinders,gas,130040.0,clean,automatic,fwd,,sedan,blue,id
22900,2013.0,chevrolet,silverado 1500,,,gas,118461.0,clean,automatic,,,,,ar
29999,2018.0,chrysler,300,,6 cylinders,gas,28748.0,clean,automatic,4wd,,sedan,silver,wa
22500,2015.0,dodge,durango limited,excellent,6 cylinders,gas,89068.0,clean,automatic,4wd,full-size,pickup,silver,fl
22996,2021.0,kia,k5,like new,,gas,1300.0,clean,automatic,fwd,,sedan,black,wi
10900,2014.0,nissan,altima,,4 cylinders,gas,108922.0,clean,automatic,fwd,,sedan,red,ca
3695,2004.0,gmc,envoy slt,,6 cylinders,gas,168692.0,clean,automatic,4wd,,SUV,,wi
9000,1998.0,ram,2500,good,8 cylinders,gas,180000.0,clean,manual,,,,,tn
18988,2018.0,dodge,journey,like new,,gas,73148.0,clean,automatic,,,,,ok
10542,2015.0,nissan,rogue select awd 4dr s,,4 cylinders,,73677.0,clean,automatic,,,SUV,red,nj
8995,2017.0,nissan,versa,,,gas,45190.0,clean,automatic,fwd,compact,sedan,blue,dc
4495,2008.0,ford,fusion,good,4 cylinders,gas,173883.0,clean,automatic,fwd,,sedan,custom,mi
316,2010.0,chevrolet,silverado 1500,,8 cylinders,gas,66258.0,clean,automatic,rwd,,truck,,ca
4400,2009.0,mini,cooper clubman,excellent,4 cylinders,gas,138000.0,clean,automatic,fwd,compact,coupe,blue,tx
53000,2016.0,chevrolet,corvette,excellent,,gas,8600.0,clean,automatic,,,,,az
39990,2018.0,audi,s5 premium plus sedan 4d,good,,other,44054.0,clean,other,,,sedan,black,ct
23990,2019.0,mitsubishi,outlander gt sport,good,6 cylinders,gas,20657.0,clean,other,4wd,,SUV,brown,oh
4995,2010.0,mini,cooper,,,gas,130000.0,clean,automatic,,,,,tx
25345,2019.0,honda,cr-v,,4 cylinders,gas,5204.0,clean,automatic,fwd,mid-size,SUV,silver,nv
7750,1992.0,lexus,sc300,like new,8 cylinders,gas,150000.0,clean,automatic,fwd,full-size,coupe,yellow,ca
39991,2018.0,toyota,tacoma trd sport,good,,gas,20768.0,clean,other,,,pickup,white,id
4000,2015.0,dodge,journey,good,6 cylinders,gas,126000.0,rebuilt,automatic,fwd,mid-size,,red,mi
7950,2012.0,mazda,3i touring,,4 cylinders,gas,82036.0,salvage,automatic,fwd,,sedan,grey,ia
10800,2013.0,honda,civic lx,,,gas,93914.0,clean,automatic,,,,,hi
25990,2019.0,ram,1500 classic regular cab,good,8 cylinders,gas,12302.0,clean,other,,,pickup,white,ca
10998,2017.0,ford,focus,,,gas,72602.0,clean,automatic,,compact,sedan,white,oh
54819,2018.0,gmc,yukon xl,,,gas,67204.0,clean,automatic,4wd,,,,mo
4900,2008.0,saturn,outlook,excellent,6 cylinders,gas,220000.0,clean,automatic,4wd,full-size,SUV,grey,mn
2600,1989.0,,89’ geo tracker,fair,,gas,122705.0,clean,automatic,4wd,compact,offroad,grey,or
24999,2016.0,bmw,535i xdrive,,,gas,45000.0,clean,automatic,4wd,,,,ri
19500,2016.0,chevrolet,colorado 2wd,excellent,,gas,90772.0,clean,automatic,,,,white,ca
13000,1977.0,ford,f-250,,,gas,108000.0,clean,automatic,,,,,fl
7900,2010.0,nissan,murano,good,6 cylinders,gas,215733.0,clean,automatic,fwd,mid-size,SUV,brown,tn
21475,2019.0,buick,encore essence,good,,other,29509.0,clean,automatic,fwd,,other,white,ia
550,2003.0,volvo,s60,fair,4 cylinders,gas,207653.0,clean,automatic,fwd,mid-size,sedan,blue,ga
10995,2014.0,dodge,grand caravan,excellent,6 cylinders,gas,153816.0,clean,automatic,fwd,,mini-van,,ia
650,2001.0,jeep,cherokee,fair,6 cylinders,gas,187255.0,clean,automatic,rwd,full-size,SUV,blue,ca
4350,2007.0,infiniti,m35,excellent,6 cylinders,gas,204000.0,clean,automatic,,,,,dc
40590,2019.0,,Genesis G70 3.3T Dynamic Edition,good,6 cylinders,gas,3205.0,clean,other,rwd,,sedan,red,nc
21000,2016.0,ford,transit cargo van,,6 cylinders,gas,109299.0,clean,automatic,rwd,,van,white,mn
3800,2005.0,ford,escape hybrid,good,4 cylinders,gas,180000.0,clean,automatic,fwd,,SUV,white,nc
11295,2015.0,jeep,patriot,good,4 cylinders,gas,108396.0,clean,automatic,4wd,full-size,SUV,blue,nh
9977,2012.0,ford,f-150,,8 cylinders,other,106279.0,clean,automatic,,,truck,red,il
32995,2013.0,jeep,wrangler,,,gas,73074.0,clean,automatic,4wd,,SUV,black,ca
7900,2015.0,chevrolet,malibu 2lt,,,gas,74068.0,,automatic,fwd,,sedan,,va
8990,2000.0,ford,super duty f-350 srw,,8 cylinders,diesel,285000.0,clean,automatic,,,pickup,black,mn
12000,1973.0,chevrolet,el camino,excellent,8 cylinders,gas,202220.0,clean,automatic,rwd,,pickup,brown,az
18997,2004.0,porsche,boxster,,,gas,74174.0,clean,manual,,,convertible,,ca
8995,2010.0,chevrolet,equinox,,,gas,75441.0,clean,automatic,,,,,mi
5995,2001.0,jeep,grand cherokee,,8 cylinders,gas,161179.0,clean,automatic,,,SUV,blue,co
23998,2015.0,lexus,es 350,,6 cylinders,gas,37103.0,clean,automatic,fwd,mid-size,sedan,white,sc
6995,2009.0,buick,enclave,,,gas,138000.0,clean,automatic,,,SUV,,mo
16590,2014.0,volkswagen,jetta sportwagen 2.0l,good,,gas,40364.0,clean,automatic,fwd,,wagon,red,or
19700,2017.0,kia,sorento lx,good,,gas,83829.0,clean,automatic,,,other,,ca
7900,2012.0,chevrolet,traverse,,,gas,130291.0,clean,automatic,,,,,ar
15000,1988.0,jeep,wrangler,excellent,8 cylinders,gas,2000.0,clean,automatic,4wd,mid-size,SUV,white,va
18900,2013.0,gmc,yukon xl,excellent,8 cylinders,gas,92759.0,clean,automatic,rwd,,,black,fl
32000,1962.0,chevrolet,impala,good,8 cylinders,gas,3500.0,clean,manual,fwd,full-size,coupe,white,ny
29970,2019.0,ford,edge,,,gas,13169.0,clean,automatic,,,SUV,,or
16590,2013.0,honda,civic si coupe 2d,good,,other,81552.0,clean,other,fwd,,coupe,silver,oh
29590,2017.0,rover,range evoque se sport,good,,gas,58243.0,clean,other,4wd,,other,,in
38995,2016.0,gmc,yukon xl,,8 cylinders,gas,105728.0,clean,automatic,4wd,,SUV,black,co
4999,2006.0,bmw,5 series 535i xdrive,excellent,6 cylinders,gas,178078.0,clean,automatic,4wd,full-size,sedan,grey,or
7500,2012.0,ford,escape xlt,good,4 cylinders,gas,160000.0,clean,automatic,,mid-size,SUV,black,ca
500,2008.0,,to 2017,,,gas,10.0,clean,automatic,,,,,tx
7999,2011.0,honda,cr-v,good,4 cylinders,gas,125163.0,clean,automatic,4wd,full-size,SUV,blue,nj
6999,2012.0,mazda,mazda3,like new,,gas,131430.0,clean,automatic,,,,grey,ca
53995,2017.0,ford,super duty f-350 srw,,8 cylinders,diesel,48122.0,clean,automatic,4wd,,truck,silver,id
39990,2019.0,nissan,370z nismo coupe 2d,good,6 cylinders,gas,8373.0,clean,other,rwd,,coupe,white,mn
4900,2004.0,honda,civic,,,gas,228583.0,clean,automatic,,,sedan,blue,ca
39590,2019.0,ram,1500 crew cab big horn,good,6 cylinders,gas,22154.0,clean,other,4wd,,pickup,red,il
11500,2007.0,ford,f150 lariat,good,8 cylinders,gas,149000.0,clean,automatic,4wd,,truck,black,fl
29888,2015.0,jeep,wrangler,,,gas,79873.0,clean,,4wd,,SUV,black,ct
17500,2017.0,cadillac,ats,,,gas,71159.0,clean,automatic,fwd,compact,sedan,,nj
25995,2015.0,chevrolet,silverado 3500hd,excellent,8 cylinders,gas,167117.0,clean,automatic,4wd,,,,wi
31590,2013.0,ford,f150 supercrew cab fx4,good,,other,68089.0,clean,other,4wd,,pickup,red,az
7995,2008.0,honda,crv,,,gas,194385.0,clean,automatic,,,,,or
5500,2010.0,ford,flex,,,other,127260.0,salvage,automatic,4wd,,SUV,,pa
13785,2010.0,gmc,yukon,,8 cylinders,gas,147002.0,clean,automatic,rwd,full-size,SUV,custom,tn
6499,2010.0,volkswagen,jetta s,excellent,5 cylinders,gas,116033.0,clean,automatic,fwd,full-size,sedan,black,ks
11999,1990.0,chevrolet,c1500,like new,8 cylinders,gas,105000.0,clean,automatic,rwd,full-size,truck,white,ma
35999,2015.0,chevrolet,tahoe,,,gas,55000.0,clean,automatic,,,,,ca
8500,2006.0,acura,mdx,like new,6 cylinders,gas,120000.0,clean,automatic,4wd,full-size,SUV,blue,pa
20990,2013.0,hyundai,equus signature sedan 4d,good,8 cylinders,gas,45720.0,clean,other,rwd,,sedan,white,ks
1400,2006.0,ford,e250 econoline,fair,8 cylinders,gas,204000.0,clean,automatic,rwd,full-size,van,yellow,il
9995,2006.0,toyota,tundra,excellent,,gas,201461.0,clean,automatic,rwd,,pickup,,ga
22995,2012.0,toyota,tundra,good,8 cylinders,gas,158032.0,clean,automatic,4wd,full-size,truck,red,nc
4500,2005.0,ford,f-250,fair,8 cylinders,gas,185000.0,clean,automatic,4wd,full-size,,white,co
25990,2016.0,toyota,tacoma access cab sr5,good,,other,79393.0,clean,other,,,pickup,silver,fl
15939,2018.0,hyundai,tucson,good,4 cylinders,gas,71725.0,clean,automatic,4wd,full-size,SUV,silver,tn
2000,2007.0,bmw,x3,good,6 cylinders,gas,245000.0,clean,manual,4wd,mid-size,SUV,green,nh
6000,2009.0,,FREIGHTLINER THOMAS,,6 cylinders,,103653.0,,automatic,,,,yellow,tx
9995,2018.0,chevrolet,equinox ls,,4 cylinders,gas,145587.0,clean,automatic,4wd,,SUV,white,oh
4500,2000.0,toyota,celica gt-s,good,4 cylinders,gas,187556.0,clean,automatic,fwd,compact,coupe,silver,ca
35997,2015.0,ford,f-250sd,excellent,,gas,139115.0,clean,automatic,4wd,,pickup,,wv
3500,2004.0,ford,taurus,good,6 cylinders,gas,170000.0,rebuilt,automatic,fwd,mid-size,sedan,black,mo
35000,2010.0,,international,,,diesel,89716.0,clean,manual,,,,,pa
8800,2016.0,ford,focus,,,,,,,,,,,pa
5695,2014.0,hyundai,accent,,,gas,133000.0,clean,automatic,,,,,me
11300,1982.0,cadillac,eldorado convertible,excellent,8 cylinders,gas,26000.0,clean,automatic,fwd,mid-size,convertible,custom,co
14675,2017.0,kia,soul,,,gas,47518.0,clean,automatic,fwd,,hatchback,,il
21990,2014.0,chevrolet,silverado,,,other,189560.0,clean,automatic,4wd,,pickup,white,tn
74997,2018.0,toyota,"land cruiser 1-owner*full custom build*never off road*new lift*new 33"" yokohama x-ats*new 18"" black rhino wheels*center council cooler*360 camera*chrome delete",,8 cylinders,gas,57269.0,clean,automatic,4wd,,SUV,white,or
31998,2014.0,gmc,sierra sle crew cab short b,,8 cylinders,gas,97778.0,clean,automatic,4wd,,,,mt
5550,2014.0,chevrolet,cruze ls auto 4dr sed,,,gas,136429.0,clean,automatic,,,sedan,,nj
20988,2017.0,kia,sportage,,,gas,24840.0,clean,automatic,fwd,,,black,hi
25590,2017.0,acura,rdx sport utility 4d,good,6 cylinders,gas,19908.0,clean,other,fwd,,other,silver,mo
6995,2013.0,honda,odyssey,,,other,176795.0,clean,automatic,,,,silver,la
20252,2019.0,nissan,altima,excellent,4 cylinders,gas,48048.0,clean,automatic,,,sedan,silver,ia
26995,2018.0,alfa-romeo,romeo stelvio,,,gas,49022.0,clean,automatic,,,,,mi
3475,2005.0,honda,cr-v,good,4 cylinders,gas,232000.0,clean,automatic,,,,,mn
23995,2015.0,chevrolet,silverado ls,,,gas,74145.0,clean,automatic,,,,,ca
10200,2016.0,hyundai,elantra se 4dr sedan,excellent,4 cylinders,gas,107220.0,clean,automatic,fwd,mid-size,sedan,black,ca
6900,2011.0,honda,pilot ex-l,excellent,6 cylinders,gas,212000.0,clean,automatic,fwd,,SUV,,nc
3400,2005.0,nissan,altima,excellent,6 cylinders,gas,160000.0,clean,automatic,fwd,,other,custom,fl
6800,1990.0,chevrolet,silverado 1500,excellent,8 cylinders,gas,155000.0,clean,automatic,rwd,,pickup,,fl
27000,2005.0,ford,f350 lariat,excellent,,diesel,152129.0,clean,automatic,,full-size,pickup,white,tn
24590,2016.0,bmw,x3 xdrive28i sport utility,good,,gas,44705.0,clean,other,,,other,blue,co
10995,2010.0,infiniti,qx56,excellent,,gas,159427.0,clean,automatic,4wd,,SUV,black,ma
19590,2016.0,subaru,crosstrek 2.0i sport,good,,gas,38066.0,clean,other,,,hatchback,red,nv
5495,2006.0,mitsubishi,eclipse,excellent,4 cylinders,gas,132683.0,clean,automatic,fwd,,hatchback,red,in
15990,2012.0,hyundai,genesis 3.8 sedan 4d,good,,other,77718.0,clean,other,rwd,,sedan,black,nm
24590,2013.0,gmc,sierra 1500 extended cab slt,good,8 cylinders,other,80318.0,clean,other,,,pickup,,wi
14900,2013.0,toyota,rav4,excellent,4 cylinders,gas,93000.0,lien,automatic,4wd,mid-size,SUV,green,wi
26990,2016.0,ford,super duty f-750 straight frame,good,8 cylinders,diesel,201035.0,clean,automatic,rwd,full-size,truck,white,tn
5495,2005.0,honda,civic,excellent,4 cylinders,hybrid,132195.0,clean,automatic,fwd,,sedan,grey,md
3300,2009.0,bmw,328i,,,gas,1.0,clean,,,compact,sedan,,il
32990,2011.0,bmw,z4 sdrive35is roadster 2d,good,,other,45858.0,clean,other,rwd,,other,red,va
22995,2014.0,toyota,tacoma,excellent,,gas,64000.0,clean,automatic,4wd,,pickup,silver,nh
22990,2020.0,nissan,rogue s sport utility 4d,good,,gas,3231.0,clean,other,fwd,,hatchback,blue,ca
14500,2014.0,acura,rdx,excellent,6 cylinders,gas,111000.0,clean,manual,fwd,mid-size,SUV,brown,nc
32900,2018.0,jeep,wrangler unlimited,like new,6 cylinders,gas,62000.0,clean,automatic,4wd,full-size,SUV,black,ri
22990,2013.0,bmw,3 series 335i convertible 2d,good,,gas,47398.0,clean,automatic,rwd,,other,,fl
46977,2019.0,volvo,xc60 t6 awd inscription,excellent,,gas,31456.0,clean,automatic,4wd,,SUV,,ca
24995,2012.0,ram,1500,good,,gas,164786.0,clean,automatic,,full-size,truck,white,oh
26495,2014.0,chevrolet,tahoe,,,gas,94815.0,clean,automatic,rwd,,SUV,black,ca
15995,2015.0,toyota,tacoma,,,gas,126295.0,clean,automatic,fwd,,pickup,white,dc
29500,2016.0,chevrolet,silverado 1500,,,gas,49971.0,clean,automatic,,,,black,tx
5999,2005.0,nissan,xterra 4x4,excellent,6 cylinders,gas,184291.0,clean,automatic,4wd,mid-size,SUV,grey,wa
6000,2007.0,gmc,sierra,good,,gas,219000.0,clean,automatic,,,,,al
49990,2015.0,ford,super duty f-550 drw,good,8 cylinders,diesel,152701.0,clean,automatic,4wd,full-size,truck,white,ct
7900,1995.0,jeep,wrangler,good,4 cylinders,gas,58000.0,clean,manual,4wd,compact,SUV,green,wi
12500,1963.0,mercury,monterey￼,good,8 cylinders,gas,96500.0,clean,automatic,rwd,full-size,coupe,red,oh
4800,2009.0,kia,borrego,excellent,6 cylinders,gas,167500.0,clean,automatic,4wd,full-size,SUV,grey,ga
6500,1973.0,,Amc  Hornet,good,,gas,165000.0,clean,automatic,,,,,ma
18500,1992.0,toyota,land cruiser,good,6 cylinders,gas,190000.0,clean,automatic,4wd,full-size,SUV,brown,ak
13990,2016.0,,Scion iM Hatchback 4D,good,,other,75626.0,clean,other,fwd,,hatchback,white,tx
12950,2011.0,ford,ranger super cab,,,other,154142.0,clean,automatic,,,,,ca
26900,2011.0,bmw,m3 coupe,excellent,8 cylinders,gas,103000.0,clean,automatic,rwd,,,,id
345,2020.0,toyota,camry se,,4 cylinders,gas,,clean,automatic,fwd,,sedan,,ma
4985,2011.0,ford,fiesta,excellent,,gas,151466.0,clean,automatic,fwd,,hatchback,silver,ca
13763,2013.0,nissan,maxima s sedan 4d,like new,6 cylinders,gas,36959.0,rebuilt,automatic,fwd,full-size,sedan,white,al
7999,2002.0,toyota,4runner,excellent,6 cylinders,gas,185685.0,clean,automatic,,,,,ca
19999,2004.0,bmw,3 series,,6 cylinders,gas,71796.0,clean,manual,rwd,,convertible,,wa
5000,2009.0,toyota,prius,excellent,,gas,211000.0,clean,automatic,,,,,nv
20688,2014.0,ford,f-150,,,gas,112642.0,clean,automatic,,,other,black,ma
30990,2017.0,toyota,4runner sr5 sport utility,good,6 cylinders,gas,53811.0,clean,other,,,other,silver,fl
34750,2020.0,ford,explorer,,,gas,7981.0,clean,automatic,rwd,,SUV,red,tx
8200,2013.0,ford,c-max hybrid se,excellent,4 cylinders,hybrid,147124.0,clean,automatic,fwd,mid-size,wagon,,ca
28590,2017.0,chevrolet,silverado 1500 regular,good,6 cylinders,gas,102.0,clean,other,,,pickup,red,ct
12590,2012.0,,Scion xD Hatchback 4D,good,,gas,60589.0,clean,other,fwd,,hatchback,white,ca
17998,2015.0,bmw,3 series,,4 cylinders,gas,62063.0,clean,automatic,rwd,mid-size,sedan,white,nc
39995,2019.0,nissan,armada,,,gas,39935.0,clean,automatic,4wd,,wagon,silver,ak
49995,2019.0,jeep,wrangler unlimited,,6 cylinders,gas,18765.0,clean,automatic,4wd,,SUV,white,co
23661,2017.0,mini,cooper countryman,,3 cylinders,gas,5848.0,clean,other,fwd,,sedan,grey,hi
19998,2016.0,mercedes-benz,c-class,,4 cylinders,gas,52776.0,clean,automatic,rwd,compact,sedan,silver,va
13000,2004.0,chevrolet,silverado,good,8 cylinders,diesel,240000.0,clean,automatic,4wd,full-size,truck,custom,co
17999,2017.0,honda,accord sport special fwd,,,gas,99056.0,clean,automatic,fwd,,sedan,white,wa
7995,2009.0,honda,accord lx-p,,,gas,128693.0,clean,automatic,fwd,,sedan,silver,id
1,2017.0,rover,discovery sport,excellent,4 cylinders,gas,31867.0,clean,other,4wd,full-size,SUV,white,fl
14500,2013.0,acura,rdx tech pkg,excellent,6 cylinders,gas,108100.0,clean,automatic,4wd,mid-size,SUV,red,oh
3995,2007.0,subaru,forester,good,4 cylinders,gas,189127.0,clean,manual,4wd,,,silver,ny
19995,2013.0,ford,f-150,,,gas,198512.0,clean,automatic,4wd,,pickup,blue,fl
29590,2017.0,ford,expedition xlt sport,good,6 cylinders,gas,70760.0,clean,other,4wd,,SUV,blue,md
43590,2013.0,mercedes-benz,sl-class sl 550,good,,other,29030.0,clean,automatic,rwd,,convertible,silver,fl
12499,2005.0,gmc,c5500,,,,156504.0,clean,automatic,,,other,white,id
6395,2006.0,honda,odyssey ex,,,gas,185000.0,clean,automatic,,,,,wv
21990,2012.0,cadillac,escalade,,,gas,106000.0,clean,automatic,,,SUV,white,mn
12995,2015.0,dodge,charger,,6 cylinders,gas,146530.0,clean,automatic,rwd,,sedan,custom,mo
32742,2019.0,chevrolet,traverse,,,gas,44134.0,clean,automatic,,,,,nm
40590,2018.0,audi,s5 premium plus coupe 2d,good,,other,21075.0,clean,other,,,coupe,,nc
28590,2018.0,audi,q5 premium sport utility 4d,good,,gas,35036.0,clean,other,,,SUV,black,tn
33995,2018.0,toyota,tacoma trd sport access,like new,6 cylinders,gas,16765.0,clean,automatic,4wd,mid-size,pickup,black,ma
34998,2013.0,ram,2500,,,diesel,200169.0,clean,automatic,,,,,tx
12995,2013.0,honda,cr-v,excellent,,gas,102000.0,clean,automatic,4wd,,SUV,white,nh
19999,2014.0,jeep,wrangler,excellent,,gas,81879.0,clean,automatic,4wd,,SUV,silver,il
15998,2013.0,jeep,grand cherokee,,6 cylinders,gas,92991.0,clean,other,4wd,,SUV,white,or
39590,2020.0,bmw,3 series 330i xdrive sedan,good,,gas,6062.0,clean,other,,,sedan,white,ca
13757,2012.0,lexus,is 250,,6 cylinders,gas,129422.0,clean,automatic,rwd,sub-compact,sedan,white,nv
17995,2013.0,jeep,wrangler sport,,,gas,122194.0,clean,manual,,,,,oh
8950,2005.0,,Isuzu NPR,,,diesel,191283.0,clean,automatic,,,,,ca
5750,2014.0,jeep,patriot sport,,,gas,105062.0,rebuilt,automatic,,,,,al
36590,2019.0,tesla,model 3 standard range,good,,electric,23057.0,clean,other,rwd,,sedan,white,in
4000,2010.0,nissan,altima 2.5 s,,4 cylinders,gas,182000.0,rebuilt,automatic,fwd,,,,nj
18990,2016.0,buick,verano premium group sedan,good,,other,9234.0,clean,other,,,sedan,red,fl
41999,2018.0,mercedes-benz,gle 350,excellent,6 cylinders,gas,19999.0,clean,automatic,,,SUV,,ca
10900,2017.0,jeep,cherokee latitude,excellent,4 cylinders,gas,135148.0,clean,automatic,fwd,,,,fl
10999,2013.0,gmc,terrain,excellent,4 cylinders,gas,92460.0,clean,automatic,fwd,full-size,SUV,custom,ky
4600,2013.0,kia,soul,salvage,4 cylinders,gas,160810.0,salvage,automatic,fwd,,SUV,grey,nc
48999,2019.0,gmc,sierra 1500,,,,21611.0,clean,automatic,4wd,,pickup,blue,sc
27990,2012.0,gmc,sierra 2500 hd extended cab,good,8 cylinders,gas,68696.0,clean,other,4wd,,pickup,black,in
8850,2012.0,hyundai,tucson,excellent,,gas,135670.0,clean,automatic,4wd,,SUV,,va
26337,2017.0,cadillac,xts luxury* black,,,gas,56182.0,clean,automatic,4wd,,sedan,,co
4500,2001.0,nissan,frontier quad 4x4,fair,6 cylinders,gas,203000.0,clean,automatic,4wd,,truck,,ca
16590,2016.0,jeep,renegade sport suv 4d,good,,gas,35835.0,clean,other,4wd,,other,red,al
19998,2008.0,dodge,charger,,8 cylinders,gas,69242.0,clean,automatic,rwd,,sedan,silver,id
8995,2006.0,,hummer h3,,,gas,150435.0,clean,automatic,,,,,mi
71999,2020.0,chevrolet,silverado durmax 2500,,,diesel,21502.0,clean,automatic,4wd,,truck,white,or
39590,2019.0,chevrolet,silverado 1500 crew,good,,gas,21014.0,clean,other,4wd,,pickup,brown,mi
77,1997.0,ford,ranger,,4 cylinders,gas,184319.0,clean,automatic,rwd,,truck,,or
4495,2007.0,dodge,magnum,excellent,6 cylinders,gas,176000.0,clean,automatic,rwd,full-size,wagon,blue,wa
24990,2015.0,acura,mdx sh-awd sport utility,good,,other,61261.0,clean,other,,,SUV,,az
25995,2018.0,chevrolet,equinox,,,gas,13194.0,clean,automatic,4wd,,,black,mi
4990,2016.0,chevrolet,cruze,,,gas,140000.0,clean,automatic,,,,,tx
18995,2014.0,rover,evoque,excellent,4 cylinders,gas,108853.0,clean,automatic,4wd,mid-size,SUV,white,ct
2499,2010.0,chevrolet,malibu,,4 cylinders,gas,200000.0,clean,automatic,fwd,mid-size,sedan,silver,nc
4000,2008.0,nissan,sentra,excellent,,gas,149766.0,clean,manual,fwd,mid-size,sedan,green,la
28999,2011.0,ford,f-250,,,other,182042.0,clean,automatic,4wd,,pickup,white,dc
7550,2017.0,chevrolet,trax turbo,,4 cylinders,gas,27386.0,salvage,automatic,fwd,,SUV,red,id
14999,2017.0,chevrolet,cruze,excellent,,gas,49202.0,clean,automatic,,,,,wa
39990,2018.0,gmc,sierra 1500 double cab slt,good,8 cylinders,gas,45123.0,clean,automatic,4wd,,pickup,white,mn
30500,2013.0,ford,f-150,excellent,6 cylinders,gas,85000.0,clean,automatic,4wd,,truck,white,il
37500,2020.0,jeep,wrangler willys,like new,6 cylinders,gas,1818.0,clean,automatic,4wd,,SUV,red,pa
27000,2017.0,mercedes-benz,c300,excellent,4 cylinders,gas,53000.0,parts only,automatic,rwd,,,white,ca
8887,2007.0,chevrolet,colorado lt,good,,other,127514.0,clean,automatic,rwd,,pickup,,pa
31990,2017.0,bmw,3 series 340i sedan 4d,good,,gas,19366.0,clean,automatic,rwd,,sedan,red,sc
3400,2006.0,,2006 Scion tC,good,4 cylinders,gas,113501.0,clean,manual,fwd,compact,coupe,black,pa
17991,2013.0,mercedes-benz,m-class,,6 cylinders,gas,95756.0,clean,automatic,rwd,mid-size,SUV,silver,tx
8995,2006.0,gmc,canyon regular cab,,5 cylinders,gas,114494.0,clean,automatic,4wd,,pickup,red,pa
29990,2019.0,volkswagen,atlas s 4motion sport,good,6 cylinders,gas,15471.0,clean,other,,,other,red,md
14995,1996.0,gmc,suburban,good,8 cylinders,gas,95140.0,clean,automatic,4wd,full-size,SUV,red,mt
20900,2003.0,chevrolet,corvette,good,8 cylinders,gas,49446.0,clean,manual,fwd,mid-size,convertible,black,il
9500,2003.0,mitsubishi,,,,gas,71000.0,clean,manual,,,,,wa
2500,2002.0,pontiac,grand prix,excellent,6 cylinders,gas,129000.0,clean,automatic,fwd,full-size,sedan,silver,pa
43988,2020.0,chevrolet,tahoe,like new,8 cylinders,gas,55678.0,clean,automatic,,,,,ok
1,2005.0,ford,focus zx5 ses,fair,4 cylinders,gas,142000.0,rebuilt,automatic,fwd,,hatchback,yellow,az
19990,2017.0,nissan,altima 2.5 sl (2017.5),good,,gas,31530.0,clean,other,fwd,,sedan,blue,md
10000,2010.0,toyota,tacoma,good,4 cylinders,gas,176000.0,lien,automatic,rwd,,truck,white,ca
9990,2007.0,chevrolet,tahoe ltz,,8 cylinders,other,235000.0,clean,automatic,4wd,,other,white,wa
33900,2011.0,ram,2500 laramie longhorn,excellent,8 cylinders,diesel,162139.0,clean,automatic,4wd,full-size,pickup,black,fl
9950,2008.0,acura,mdx,excellent,6 cylinders,gas,131488.0,clean,automatic,4wd,mid-size,SUV,white,ca
58988,2016.0,chevrolet,corvette z51,like new,8 cylinders,gas,10476.0,clean,manual,rwd,,,,ok
7900,2010.0,ford,expedition xlt,good,8 cylinders,gas,175000.0,clean,automatic,4wd,,,silver,mi
7999,2010.0,nissan,maxima sv premium,excellent,6 cylinders,gas,134744.0,clean,automatic,fwd,mid-size,sedan,white,oh
8250,2014.0,nissan,maxima,,,gas,82000.0,clean,automatic,,,,,ny
44999,2016.0,ford,lifted f150 lariat sport,,,gas,44266.0,clean,automatic,4wd,,truck,black,id
2950,2007.0,volkswagen,passat turbo,good,,gas,149.0,clean,automatic,,,,,il
24983,2019.0,ford,flex,,,gas,47127.0,clean,automatic,fwd,,,white,ks
7991,2003.0,volkswagen,passat,,4 cylinders,gas,30077.0,clean,automatic,fwd,,wagon,white,la
10500,2011.0,rover,lr4,excellent,8 cylinders,gas,156000.0,clean,automatic,4wd,full-size,SUV,black,tx
39999,2018.0,ford,explorer sport 4x4 gas suv,,,gas,47866.0,clean,automatic,4wd,,SUV,black,mt
14999,2017.0,dodge,journey,,,gas,90737.0,clean,automatic,fwd,,hatchback,black,oh
4950,2006.0,hyundai,elantra,excellent,,gas,100427.0,clean,automatic,fwd,,sedan,silver,pa
36995,2018.0,ford,f-150,,,gas,30768.0,clean,automatic,4wd,,,,wi
55900,2012.0,nissan,gt-r,,,gas,20730.0,,manual,4wd,full-size,coupe,grey,ut
338,2017.0,subaru,wrx sti,,4 cylinders,gas,39551.0,clean,manual,4wd,,sedan,,ca
22999,2020.0,hyundai,"santa fe se awd, w/ lane keeping assist",,4 cylinders,gas,38663.0,clean,automatic,4wd,,SUV,grey,ca
36590,2013.0,chevrolet,corvette grand sport,good,,other,79156.0,clean,other,,,other,,tn
8900,2013.0,honda,ridgeline,good,6 cylinders,gas,221500.0,salvage,automatic,4wd,,,,va
18990,2014.0,ford,focus st hatchback 4d,good,,other,63340.0,clean,other,fwd,,hatchback,silver,nj
5900,2014.0,hyundai,accent gls,,4 cylinders,gas,125202.0,clean,automatic,fwd,,sedan,custom,az
6999,2006.0,ford,e-250,,,gas,104107.0,clean,automatic,fwd,,van,white,ky
5495,2008.0,cadillac,cts,,,gas,161884.0,clean,automatic,,,,,mi
48995,2018.0,porsche,macan,good,4 cylinders,gas,25496.0,clean,automatic,,,SUV,grey,ca
3500,2006.0,volvo,s60,excellent,5 cylinders,gas,169890.0,clean,automatic,4wd,mid-size,sedan,blue,ct
25990,2018.0,gmc,canyon crew cab pickup 4d 5,good,6 cylinders,gas,45354.0,clean,other,,,pickup,silver,il
5400,2007.0,mercedes-benz,benz,like new,6 cylinders,gas,86000.0,clean,automatic,4wd,full-size,SUV,silver,fl
5500,2009.0,chevrolet,colorado,good,4 cylinders,gas,125000.0,clean,automatic,rwd,mid-size,truck,blue,mn
1,2001.0,ford,f550,good,8 cylinders,diesel,112000.0,clean,automatic,rwd,,truck,white,or
8499,2009.0,bmw,128i convertible,like new,,gas,112923.0,clean,automatic,,,convertible,,fl
7499,2011.0,honda,accord,,,gas,167430.0,clean,automatic,,full-size,sedan,red,tn
11099,2015.0,lincoln,mkz,,4 cylinders,hybrid,170677.0,clean,automatic,fwd,,sedan,,nm
15890,2013.0,dodge,challenger,,6 cylinders,gas,83279.0,clean,automatic,rwd,,coupe,white,ca
5995,2011.0,nissan,leaf,new,,electric,52396.0,clean,automatic,fwd,mid-size,hatchback,silver,ca
35990,2020.0,dodge,challenger r/t coupe 2d,good,8 cylinders,gas,1548.0,clean,other,rwd,,coupe,black,va
3300,2004.0,infiniti,g35,excellent,6 cylinders,gas,145000.0,clean,automatic,rwd,compact,,black,tx
7000,2006.0,honda,pilot exl,good,6 cylinders,gas,168047.0,clean,automatic,4wd,full-size,SUV,silver,co
29990,2012.0,toyota,tacoma double cab pickup,good,6 cylinders,gas,43182.0,clean,other,4wd,,pickup,white,ny
5000,2000.0,porsche,boxster convertible,good,6 cylinders,gas,92000.0,clean,other,,,,,ca
32990,2017.0,,Genesis G80 5.0 Sedan 4D,good,,other,30135.0,clean,other,rwd,,sedan,black,ca
28990,2017.0,bmw,4 series 440i xdrive gran,good,,gas,49355.0,clean,automatic,,,coupe,,mi
7700,2010.0,hyundai,genesis,excellent,,gas,147321.0,clean,automatic,,,,,nc
16000,2018.0,volkswagen,atlas se,like new,6 cylinders,gas,98800.0,rebuilt,automatic,,,,,fl
7500,2005.0,ford,f350 super duty,good,8 cylinders,diesel,206000.0,clean,automatic,4wd,,pickup,silver,pa
11290,2014.0,nissan,pathfinder,excellent,6 cylinders,gas,149769.0,clean,automatic,4wd,,,,me
7000,2009.0,buick,enclave,good,6 cylinders,gas,117000.0,clean,automatic,,,,,md
26995,2014.0,ford,f150,,6 cylinders,gas,136797.0,clean,,,,pickup,brown,ks
97,2009.0,ford,focus se,,4 cylinders,gas,115400.0,clean,automatic,fwd,,sedan,,or
17590,2014.0,honda,cr-v ex sport utility 4d,good,,other,40807.0,clean,other,,,SUV,black,ca
17900,2011.0,lexus,es 350 sedan,,,gas,40250.0,clean,automatic,,,,,hi
26990,2016.0,ford,f150 regular cab xl pickup,good,6 cylinders,gas,14230.0,clean,other,,,pickup,black,in
4998,2007.0,honda,odyssey,excellent,6 cylinders,gas,199000.0,clean,automatic,fwd,,mini-van,black,ok
6500,1978.0,chevrolet,corvette,good,8 cylinders,gas,50000.0,clean,automatic,rwd,full-size,coupe,,tx
28590,2017.0,chevrolet,silverado 1500 regular,good,6 cylinders,gas,102.0,clean,other,,,pickup,red,mi
31990,2017.0,ram,1500 slt hemi 4wd lifted on 35 inch mt,,8 cylinders,gas,93524.0,clean,automatic,4wd,,pickup,white,ca
3450,2009.0,mazda,3,,,gas,146000.0,clean,automatic,,,,,oh
6995,2010.0,toyota,camry,,4 cylinders,gas,175297.0,clean,automatic,fwd,,sedan,grey,co
7995,2006.0,volvo,s60,,,gas,119074.0,clean,automatic,,compact,sedan,blue,or
17995,2001.0,gmc,sierra 2500hd,,,diesel,122124.0,clean,automatic,,,,,ny
99,2020.0,nissan,versa,,,gas,21849.0,clean,automatic,fwd,full-size,sedan,blue,me
13500,2004.0,ford,f150 heritage,excellent,,gas,98000.0,clean,automatic,,,,,mi
11950,2011.0,bmw,535i 6-spd sport sedan,,,gas,115522.0,clean,manual,,,,,wi
30980,2013.0,audi,s6,,8 cylinders,gas,38807.0,clean,automatic,4wd,,sedan,black,id
16729,2015.0,hyundai,santa fe sport,,4 cylinders,gas,78710.0,clean,automatic,fwd,mid-size,SUV,custom,tn
18995,2016.0,jeep,renegade trailhawk 4x4,excellent,4 cylinders,gas,43891.0,clean,automatic,4wd,,SUV,grey,id
44990,2012.0,ford,super duty f-550 drw,good,8 cylinders,diesel,52307.0,clean,automatic,4wd,full-size,truck,white,pa
9500,2010.0,mercedes-benz,benz ml350 4matic,,,gas,142095.0,clean,automatic,,,,,ny
299,2014.0,ford,mustang v6,like new,6 cylinders,gas,45591.0,clean,manual,rwd,mid-size,coupe,green,hi
39590,2020.0,infiniti,qx60 luxe sport utility,good,,other,8140.0,clean,other,,,SUV,,md
1,1973.0,chevrolet,c60,good,8 cylinders,gas,50000.0,clean,manual,rwd,,,white,co
15990,2017.0,chevrolet,trax lt,,,other,78975.0,clean,automatic,,,other,white,id
31977,2018.0,dodge,charger,,,other,20386.0,clean,automatic,,full-size,sedan,yellow,ca
27684,2014.0,jeep,wrangler unlimited,,6 cylinders,gas,90131.0,clean,automatic,4wd,mid-size,SUV,grey,tn
13991,2015.0,hyundai,veloster,,,gas,54584.0,clean,automatic,fwd,,,,or
29990,2018.0,volvo,s90 t5 momentum sedan 4d,good,,gas,13859.0,clean,other,,,sedan,,ny
5500,1980.0,chevrolet,3500,excellent,8 cylinders,gas,12345.0,clean,automatic,rwd,full-size,truck,green,az
27500,2016.0,bmw,x-5 40e m packg,excellent,4 cylinders,hybrid,63225.0,clean,automatic,4wd,full-size,SUV,silver,tx
27590,2016.0,lexus,nx 200t sport utility 4d,good,,gas,19064.0,clean,automatic,,,hatchback,brown,va
4250,2005.0,hyundai,elantra,good,4 cylinders,gas,170374.0,clean,automatic,fwd,,sedan,silver,pa
11998,2014.0,kia,soul,,4 cylinders,gas,76692.0,clean,automatic,fwd,,wagon,green,or
4500,2006.0,chevrolet,trailblazer,excellent,6 cylinders,gas,195000.0,clean,automatic,4wd,mid-size,SUV,brown,mi
13995,2008.0,infiniti,qx56,excellent,,gas,134950.0,clean,automatic,4wd,,SUV,,az
500,1964.0,chevrolet,,,,gas,64000.0,clean,automatic,,,,,pa
1,2014.0,ram,1500,excellent,6 cylinders,gas,70995.0,clean,other,4wd,full-size,truck,grey,fl
47747,2020.0,ford,f-150 xlt,,6 cylinders,gas,49.0,clean,automatic,4wd,,,,or
5900,2007.0,toyota,camry le 4 door,,4 cylinders,gas,75180.0,clean,automatic,fwd,,sedan,grey,nj
39590,2020.0,ford,mustang gt coupe 2d,good,8 cylinders,gas,728.0,clean,other,rwd,,coupe,blue,tx
24999,2017.0,jeep,cherokee trailhawk 4x4 gas,,,gas,71725.0,clean,automatic,4wd,,SUV,black,wa
1299,2000.0,buick,lesabre,fair,,gas,200000.0,clean,automatic,,,coupe,,sc
22750,2010.0,nissan,370z,excellent,6 cylinders,gas,17000.0,clean,manual,rwd,compact,convertible,red,oh
2500,2012.0,ford,f-150 xlt,excellent,8 cylinders,gas,100504.0,clean,automatic,rwd,full-size,pickup,black,tx
7995,2010.0,chrysler,town & country,excellent,,gas,182163.0,clean,automatic,fwd,,mini-van,,or
38732,2016.0,gmc,sierra 1500,,,gas,75793.0,clean,automatic,4wd,,pickup,,il
1500,2004.0,hyundai,elantra,good,4 cylinders,gas,97000.0,clean,automatic,fwd,compact,sedan,white,oh
45988,2019.0,ram,1500,,,gas,14440.0,clean,automatic,4wd,,,,mn
23221,2018.0,subaru,forester,,,gas,33310.0,clean,automatic,,,SUV,silver,vt
4500,2003.0,bmw,525ia,excellent,6 cylinders,gas,173719.0,clean,automatic,rwd,mid-size,sedan,green,va
4400,2010.0,toyota,corolla,excellent,4 cylinders,gas,185664.0,clean,automatic,fwd,,sedan,red,ia
25794,2019.0,subaru,outback 2.5i,good,,other,59143.0,clean,automatic,,,SUV,,ca
25995,2005.0,subaru,impreza,,,gas,82875.0,clean,manual,,sub-compact,sedan,black,or
34990,2016.0,gmc,canyon crew cab sle pickup,good,6 cylinders,gas,34425.0,clean,other,4wd,,pickup,red,mo
28990,2012.0,bmw,m3 convertible 2d,good,8 cylinders,gas,70703.0,clean,other,rwd,,other,silver,ny
6800,2005.0,dodge,dakota,good,8 cylinders,gas,98579.0,clean,automatic,4wd,,truck,black,nj
6999,2013.0,kia,soul,excellent,,gas,84628.0,clean,automatic,fwd,,hatchback,white,ca
1100,2007.0,mazda,rx-8,good,,gas,83000.0,lien,automatic,rwd,compact,coupe,white,fl
18590,2013.0,volvo,c70 t5 platinum,good,,gas,79346.0,clean,other,fwd,,other,black,ca
8900,2014.0,hyundai,sonata,excellent,4 cylinders,gas,117300.0,clean,automatic,fwd,mid-size,sedan,black,or
7995,2010.0,chevrolet,impala lt,,6 cylinders,gas,121501.0,clean,automatic,fwd,,sedan,silver,az
3000,1965.0,ford,galaxie,,,gas,1.0,clean,automatic,,,,,ca
9983,2012.0,chevrolet,equinox,excellent,4 cylinders,gas,124466.0,clean,automatic,4wd,,,,oh
14300,2014.0,hyundai,santa fe,,,gas,76482.0,clean,automatic,fwd,,wagon,black,ct
25995,2014.0,chevrolet,silverado 1500,excellent,8 cylinders,gas,117795.0,clean,automatic,rwd,full-size,pickup,black,ca
22990,2013.0,lexus,gs 350 f sport awd,excellent,6 cylinders,gas,82550.0,clean,automatic,4wd,,sedan,,ca
11899,2013.0,chrysler,town country,,6 cylinders,gas,116893.0,clean,automatic,fwd,,van,red,mi
1995,2008.0,dodge,grand caravan,excellent,6 cylinders,gas,122008.0,clean,automatic,,full-size,mini-van,grey,pa
7500,2008.0,cadillac,escalade,,,gas,198253.0,clean,automatic,,,,,al
15995,2018.0,ford,edge,good,5 cylinders,gas,86686.0,clean,automatic,fwd,mid-size,SUV,black,tn
31990,2013.0,ford,super duty f-250 srw,good,8 cylinders,gas,101335.0,clean,automatic,4wd,full-size,truck,white,ky
29500,2011.0,ford,f-150,,,gas,58612.0,clean,automatic,,,,,nv
41723,2020.0,chevrolet,silverado 1500,,,gas,35030.0,clean,automatic,4wd,,pickup,,mo
7500,2007.0,honda,odyssey,excellent,,gas,153.0,clean,automatic,fwd,,,grey,ca
36990,2017.0,ford,f150 supercrew cab xlt,good,6 cylinders,other,15443.0,clean,automatic,4wd,,pickup,red,mn
23990,2015.0,cadillac,srx luxury collection,good,,other,57304.0,clean,other,fwd,,SUV,,wi
15000,2010.0,,kenworth t2000,,,diesel,1000000.0,clean,manual,,,,,nv
10000,2012.0,chevrolet,silverado,,,gas,97000.0,clean,automatic,,,,,ks
16995,2019.0,volkswagen,jetta,excellent,4 cylinders,gas,14705.0,clean,manual,fwd,compact,sedan,white,mi
27900,2011.0,gmc,sierra 2500 hd denali,,8 cylinders,diesel,78149.0,salvage,automatic,4wd,,pickup,white,ia
13800,2015.0,chevrolet,express 2500,like new,8 cylinders,gas,140999.0,clean,automatic,,,,white,fl
25990,2016.0,bmw,3 series 340i sedan 4d,good,,gas,41785.0,clean,automatic,rwd,,sedan,black,oh
1700,2000.0,mazda,protege,,,gas,170000.0,clean,automatic,,,,,fl
8500,2008.0,cadillac,escalade,good,8 cylinders,gas,192.0,clean,automatic,,full-size,SUV,green,nm
13900,2014.0,subaru,outback,like new,4 cylinders,gas,108767.0,clean,automatic,4wd,,wagon,grey,ma
22595,2015.0,ford,f250 supercrew,,8 cylinders,gas,50100.0,clean,automatic,,,,,nc
33000,2017.0,ford,transit xlt,excellent,6 cylinders,gas,45000.0,clean,automatic,fwd,full-size,truck,custom,oh
51900,2018.0,,Isuzu NQR DC,,,diesel,34000.0,clean,automatic,,,,,ct
10800,2010.0,lexus,es 350,good,6 cylinders,gas,107000.0,clean,automatic,fwd,full-size,sedan,white,oh
22995,1932.0,pontiac,coupe,excellent,6 cylinders,gas,35000.0,clean,manual,rwd,,coupe,green,oh
15000,1925.0,ford,,good,8 cylinders,gas,600.0,clean,automatic,rwd,mid-size,pickup,blue,tx
13675,2013.0,nissan,armada,good,8 cylinders,gas,139079.0,clean,automatic,4wd,full-size,SUV,custom,tn
17995,2017.0,kia,optima,excellent,4 cylinders,gas,62937.0,clean,automatic,fwd,mid-size,sedan,,id
48999,2021.0,toyota,4runner trd off road 4x4,,,gas,12665.0,clean,automatic,4wd,,SUV,black,id
3995,2010.0,hyundai,sonata,good,4 cylinders,gas,167000.0,clean,automatic,fwd,full-size,sedan,silver,co
15497,2011.0,bmw,335i,,6 cylinders,gas,87390.0,clean,automatic,rwd,,convertible,white,fl
2200,2003.0,dodge,dakota,good,6 cylinders,gas,190000.0,clean,automatic,rwd,mid-size,pickup,blue,nc
21995,2014.0,ford,f-150,,,other,103010.0,clean,automatic,fwd,,pickup,,ca
32990,2002.0,ford,f-250,,,diesel,66912.0,clean,automatic,4wd,,pickup,blue,or
24590,2018.0,bmw,3 series 330i xdrive sedan,good,,other,38872.0,clean,other,,,sedan,black,md
14000,2012.0,jeep,wrangler sport,excellent,6 cylinders,gas,78000.0,rebuilt,manual,4wd,,,silver,fl
9990,2011.0,chevrolet,equinox lt awd,good,4 cylinders,gas,98697.0,clean,automatic,4wd,mid-size,SUV,grey,il
12195,2005.0,chevrolet,avalanche 1500 ls 4dr 1500 ls crew cab sb,,8 cylinders,other,172007.0,clean,automatic,rwd,,pickup,blue,nv
31000,2015.0,ram,1500,,8 cylinders,gas,44507.0,clean,automatic,4wd,,truck,black,wa
14500,2007.0,infiniti,g35,,,gas,80000.0,rebuilt,manual,,,,,mn
4995,2004.0,mercedes-benz,e-class,,,gas,149000.0,clean,automatic,,compact,sedan,black,mi
15990,2016.0,,Scion iM Hatchback 4D,good,,gas,29652.0,clean,other,fwd,,hatchback,blue,sc
79,1997.0,dodge,caravan,,6 cylinders,gas,53108.0,clean,automatic,4wd,,,,ca
9877,2009.0,ford,edge,,,gas,117708.0,clean,automatic,,,,silver,co
21590,2012.0,jaguar,xf portfolio sedan 4d,good,8 cylinders,gas,27537.0,clean,other,rwd,,sedan,blue,fl
2800,2013.0,ford,focus,,,gas,1.0,clean,,,compact,hatchback,,il
4400,1986.0,chevrolet,suburban,good,8 cylinders,gas,74100.0,clean,automatic,4wd,full-size,SUV,,or
5995,2008.0,pontiac,g/6 gt,like new,6 cylinders,gas,56926.0,clean,automatic,fwd,,coupe,silver,va
38590,2018.0,lincoln,continental reserve,good,,other,21570.0,clean,other,fwd,,sedan,black,ga
43590,2020.0,acura,mdx sh-awd w/technology,good,6 cylinders,gas,12012.0,clean,other,,,other,silver,in
5500,2011.0,buick,regal,good,4 cylinders,gas,166000.0,clean,automatic,fwd,mid-size,sedan,silver,ny
9500,1994.0,honda,civic,excellent,4 cylinders,gas,46785.0,clean,manual,fwd,compact,hatchback,white,dc
31995,2009.0,porsche,cayman,good,6 cylinders,gas,20984.0,clean,manual,,,,,ca
32990,2017.0,nissan,armada sl sport utility,good,,other,60469.0,clean,other,4wd,,other,black,ny
5799,2014.0,kia,soul plus,excellent,,gas,126000.0,clean,automatic,,,,,fl
29590,2020.0,dodge,charger sxt sedan 4d,good,,other,4746.0,clean,other,rwd,,sedan,red,ga
5000,2007.0,volkswagen,jetta,,,gas,143000.0,rebuilt,manual,,,,,mt
8577,2013.0,chevrolet,sonic lt,like new,4 cylinders,gas,57300.0,clean,manual,fwd,,,white,tx
17500,2003.0,nissan,350z,like new,6 cylinders,gas,102000.0,salvage,manual,rwd,full-size,coupe,green,co
13000,2016.0,nissan,altima,like new,4 cylinders,gas,99892.0,clean,automatic,fwd,full-size,sedan,black,sc
35990,2018.0,ford,f150 super cab lariat,good,6 cylinders,other,20596.0,clean,other,4wd,,pickup,blue,wi
16000,1980.0,jeep,cj7,excellent,6 cylinders,gas,98000.0,clean,automatic,4wd,mid-size,truck,red,nc
16590,2014.0,toyota,prius c four hatchback 4d,good,,hybrid,27505.0,clean,other,fwd,,hatchback,black,or
9800,2006.0,lexus,gs 300,,6 cylinders,gas,76977.0,clean,automatic,,,,,hi
4500,2010.0,toyota,prius,excellent,4 cylinders,hybrid,196000.0,clean,automatic,fwd,compact,,red,nm
3500,2002.0,dodge,durango,good,,gas,133000.0,clean,automatic,4wd,,,silver,mi
27499,2012.0,ram,2500,excellent,8 cylinders,gas,66572.0,clean,automatic,4wd,,pickup,,oh
7500,2013.0,chevrolet,malibu,excellent,4 cylinders,gas,120000.0,clean,automatic,,,,blue,ca
21999,2017.0,chrysler,300 series,,,gas,86107.0,clean,automatic,,,,black,mn
11488,2010.0,ford,flex,excellent,,gas,123048.0,clean,automatic,fwd,,,,wa
45999,2013.0,chevrolet,silverado 3500hd,,8 cylinders,diesel,130251.0,clean,automatic,4wd,,truck,,wa
14998,2014.0,bmw,3 series,,6 cylinders,hybrid,102792.0,clean,automatic,rwd,mid-size,sedan,white,nc
8499,2005.0,ford,econoline cargo van,,,gas,142000.0,clean,automatic,,,,,ma
3400,2007.0,saturn,aura,good,6 cylinders,gas,168000.0,clean,automatic,fwd,,,white,mi
11900,2011.0,toyota,sienna,excellent,6 cylinders,gas,115501.0,clean,automatic,4wd,,wagon,grey,ma
14950,2011.0,audi,q5 awd,excellent,4 cylinders,gas,72000.0,clean,automatic,4wd,,SUV,brown,mt
8590,2012.0,honda,civic natural gas sedan 4d,good,,gas,82848.0,clean,other,fwd,,sedan,,tn
29357,2019.0,audi,a5,,,gas,35117.0,clean,automatic,,sub-compact,hatchback,silver,al
670,2018.0,mercedes-benz,gls gls 450,,,gas,51735.0,clean,automatic,4wd,,SUV,,id
9485,2015.0,mitsubishi,outlander gt,like new,,gas,132314.0,clean,automatic,,,,,il
21995,2015.0,ford,transit cargo van,good,6 cylinders,other,76751.0,clean,automatic,rwd,,van,white,ny
1900,2006.0,dodge,dakota,,,gas,107927.0,clean,,fwd,,pickup,,il
1150,1967.0,fiat,600,,,gas,12345.0,parts only,other,,,,,nc
52995,2018.0,toyota,tundra limited crewmax lifted,,8 cylinders,gas,30305.0,clean,automatic,4wd,,pickup,grey,az
35495,,,Series,,4 cylinders,gas,14000.0,clean,automatic,rwd,,sedan,white,al
23590,2019.0,acura,ilx sedan 4d,good,,other,30075.0,clean,other,fwd,,sedan,white,fl
9999,2016.0,jeep,patriot,,4 cylinders,gas,127912.0,clean,manual,fwd,,SUV,blue,ca
11000,2005.0,chevrolet,suburban,excellent,8 cylinders,gas,115823.0,clean,automatic,4wd,,SUV,silver,nm
7300,2013.0,hyundai,sonata gls,excellent,4 cylinders,gas,106799.0,rebuilt,automatic,fwd,,sedan,white,nc
12995,2014.0,toyota,prius three,like new,4 cylinders,hybrid,108490.0,clean,automatic,fwd,,hatchback,red,vt
6500,2012.0,nissan,sentra,like new,4 cylinders,gas,94000.0,clean,automatic,fwd,compact,,black,md
8591,2004.0,ford,mustang,,6 cylinders,gas,88371.0,clean,other,rwd,,convertible,red,hi
35990,2019.0,toyota,4runner sr5 sport utility,good,6 cylinders,gas,49441.0,clean,other,4wd,,other,red,ca
8995,2017.0,nissan,altima,salvage,4 cylinders,gas,53000.0,rebuilt,automatic,fwd,mid-size,sedan,silver,ma
2300,2002.0,saturn,,good,,gas,146000.0,clean,automatic,,,sedan,red,mn
5000,2005.0,subaru,legacy 2.5 gt limited,excellent,,gas,121355.0,clean,automatic,,,,blue,wa
51900,2020.0,ram,2500 diesel,good,6 cylinders,diesel,29625.0,clean,automatic,4wd,full-size,truck,white,ca
14850,2002.0,porsche,boxster,excellent,6 cylinders,gas,38500.0,clean,manual,,,convertible,black,ct
12495,2012.0,dodge,challenger sxt plus,excellent,6 cylinders,gas,119716.0,,automatic,,,coupe,,oh
21495,2008.0,chevrolet,corvette,,,gas,121442.0,clean,manual,,,convertible,yellow,ct
17990,2012.0,honda,civic si sedan 4d,good,,gas,72299.0,clean,other,fwd,,sedan,red,tn
5599,2009.0,toyota,corolla,,,gas,160000.0,clean,automatic,,,,,ri
9988,2010.0,subaru,4s3bmbg60a3217471,,4 cylinders,gas,119502.0,clean,automatic,4wd,,sedan,,mt
6000,2006.0,chevrolet,express 3500 passenger,fair,8 cylinders,gas,131698.0,clean,automatic,fwd,,,white,co
4900,2008.0,saturn,astra,excellent,4 cylinders,gas,84652.0,clean,automatic,fwd,,sedan,white,fl
499,2018.0,acura,tlx,,,gas,64037.0,clean,automatic,fwd,compact,sedan,white,nj
21000,2019.0,honda,accord,like new,4 cylinders,gas,35000.0,clean,automatic,fwd,mid-size,sedan,silver,nh
15500,2015.0,honda,civic lx,,,gas,35340.0,clean,automatic,,,,,hi
4750,2006.0,honda,civic,excellent,4 cylinders,gas,151000.0,clean,automatic,fwd,compact,coupe,red,mi
55000,2012.0,ram,3500 mega cab,excellent,6 cylinders,diesel,55200.0,clean,automatic,4wd,full-size,truck,black,ny
7995,2008.0,honda,accord,,4 cylinders,gas,134221.0,clean,automatic,fwd,,sedan,silver,nj
500,2013.0,nissan,altima,,,gas,130000.0,salvage,automatic,,,,,ca
42998,2019.0,toyota,tundra,,8 cylinders,gas,36298.0,clean,automatic,rwd,,truck,,tx
56563,2021.0,ford,f-150,,8 cylinders,gas,10.0,clean,automatic,4wd,,truck,red,mn
19987,2008.0,ford,super duty f-350 drw,good,8 cylinders,diesel,110849.0,clean,automatic,rwd,full-size,truck,white,wi
1990,1997.0,chevrolet,cavalier,,,gas,234227.0,clean,manual,,,,,wa
500,2013.0,hyundai,sonata,,,gas,36000.0,clean,automatic,,,,,md
4450,2007.0,nissan,sentra,excellent,4 cylinders,gas,141000.0,clean,automatic,fwd,,,,il
8200,2013.0,ford,c-max hybrid se,excellent,4 cylinders,hybrid,147124.0,clean,automatic,fwd,mid-size,wagon,,ca
12000,2013.0,jeep,grand cherokee,,,gas,1000.0,clean,automatic,4wd,,other,custom,mi
30560,2020.0,subaru,outback,,,gas,24565.0,clean,automatic,4wd,,wagon,blue,il
7800,1991.0,chevrolet,corvette,good,8 cylinders,gas,137000.0,clean,automatic,rwd,,,,il
5300,2004.0,dodge,dakota,excellent,6 cylinders,gas,134964.0,clean,automatic,rwd,,pickup,silver,de
13999,2011.0,lexus,es 350,,6 cylinders,gas,68567.0,clean,automatic,fwd,,sedan,,co
5995,2013.0,chrysler,200 limited,good,,gas,122816.0,clean,automatic,fwd,,,grey,mn
8995,2015.0,dodge,journey,,,gas,87212.0,clean,automatic,fwd,,hatchback,,oh
30000,1967.0,chevrolet,c10,excellent,,gas,20000.0,clean,automatic,,,,,tx
36990,2018.0,chevrolet,colorado crew cab z71,good,6 cylinders,gas,17466.0,clean,other,4wd,,pickup,,ks
8998,2013.0,chevrolet,malibu,like new,4 cylinders,gas,102378.0,clean,automatic,,full-size,sedan,white,ca
2200,2004.0,chevrolet,suburban 1500,good,8 cylinders,gas,230000.0,clean,automatic,4wd,full-size,SUV,blue,nc
22999,2016.0,bmw,x5,excellent,6 cylinders,gas,94243.0,clean,automatic,rwd,full-size,,white,ca
22930,2014.0,chevrolet,silverado 1500,,8 cylinders,gas,120968.0,clean,automatic,rwd,full-size,pickup,white,tx
37590,2019.0,,Genesis G70 3.3T Advanced Sedan,good,6 cylinders,gas,12491.0,clean,other,rwd,,sedan,red,ga
4200,2010.0,pontiac,g6,excellent,4 cylinders,gas,170000.0,clean,automatic,fwd,mid-size,sedan,white,mi
4250,2007.0,nissan,versa,excellent,4 cylinders,gas,139115.0,clean,automatic,fwd,compact,hatchback,grey,nj
40000,2016.0,ford,f-150 platinum,excellent,6 cylinders,gas,71000.0,clean,automatic,4wd,,,black,or
17995,2016.0,infiniti,q50,,4 cylinders,gas,60912.0,clean,automatic,rwd,mid-size,sedan,custom,tx
8999,2016.0,nissan,altima,excellent,4 cylinders,gas,108000.0,clean,automatic,fwd,compact,sedan,red,wi
27577,2018.0,chevrolet,colorado,,,gas,22915.0,clean,automatic,fwd,,pickup,white,ca
19900,2015.0,dodge,grand caravan sxt wheelch,,6 cylinders,gas,94599.0,clean,automatic,fwd,,van,,tx
10888,2015.0,toyota,prius two,,4 cylinders,gas,188241.0,clean,automatic,fwd,,hatchback,silver,wa
8495,2005.0,infiniti,g35,excellent,,gas,146561.0,clean,automatic,rwd,,coupe,red,ga
7900,2011.0,ford,f-150,,,gas,199000.0,clean,automatic,,,,,mi
4950,2007.0,chevrolet,cobalt,,,gas,1000.0,clean,automatic,,,,,pa
17000,2009.0,subaru,impreza wrx,good,4 cylinders,gas,44400.0,clean,manual,4wd,,sedan,black,wa
5990,2012.0,toyota,camry,,4 cylinders,gas,149816.0,rebuilt,automatic,fwd,,sedan,silver,nj
8995,2011.0,volkswagen,jetta,,,gas,90000.0,clean,automatic,,,,,id
28990,2014.0,ford,f150 super cab xlt pickup,good,,other,36038.0,clean,other,4wd,,pickup,black,mo
19999,2019.0,honda,odyssey,,,gas,116246.0,clean,automatic,fwd,,mini-van,silver,ct
99,2018.0,jeep,wrangler,,,gas,24464.0,clean,automatic,4wd,full-size,,custom,me
8250,2012.0,hyundai,sonata se,excellent,4 cylinders,gas,153132.0,clean,automatic,fwd,full-size,sedan,blue,ks
6000,2012.0,ford,escape,like new,6 cylinders,gas,161716.0,clean,automatic,4wd,full-size,SUV,grey,ny
6999,2007.0,jeep,commander rocky mountain,,,gas,162046.0,clean,automatic,,,,,wi
29777,2018.0,volvo,certified,excellent,,gas,34040.0,clean,automatic,4wd,,sedan,,co
8495,2008.0,honda,accord,excellent,,gas,177122.0,clean,automatic,fwd,,sedan,black,ga
14500,2008.0,ford,f250 superduty,excellent,8 cylinders,gas,204000.0,clean,automatic,4wd,full-size,pickup,white,nc
9000,2008.0,toyota,4runner,,,gas,141000.0,salvage,automatic,,,,,ca
13900,2014.0,jeep,grand cherokee limited,,6 cylinders,gas,95862.0,clean,automatic,,,pickup,white,ca
30495,2018.0,audi,q3,like new,4 cylinders,gas,30972.0,clean,automatic,fwd,full-size,SUV,red,tx
7300,2010.0,honda,civic,,4 cylinders,gas,116441.0,clean,automatic,fwd,,coupe,grey,va
3550,2004.0,honda,civic lx,excellent,4 cylinders,gas,167655.0,clean,automatic,fwd,,,,ny
29499,2019.0,nissan,frontier,excellent,,gas,21469.0,clean,automatic,4wd,,pickup,,wi
12950,2012.0,toyota,camry,,,gas,63490.0,clean,automatic,fwd,,sedan,white,oh
26950,2016.0,bmw,x5 xdrive50i m-sport 7-pass,,,gas,89296.0,clean,automatic,,,,,wi
4500,1999.0,ford,mustang,,8 cylinders,gas,91000.0,clean,automatic,,,,black,oh
12850,2013.0,volkswagen,jetta,good,5 cylinders,gas,106183.0,clean,manual,,,sedan,black,ma
14400,2017.0,jeep,cherokee latitude 2wd,excellent,4 cylinders,gas,105000.0,clean,automatic,fwd,mid-size,SUV,grey,al
17995,2011.0,ford,mustang gt,,,gas,77654.0,clean,manual,,,,,il
30590,2014.0,lexus,gx 460 sport utility 4d,good,8 cylinders,gas,70376.0,clean,automatic,4wd,,SUV,silver,fl
15590,2010.0,honda,accord ex-l coupe 2d,good,6 cylinders,hybrid,57754.0,clean,other,fwd,,coupe,black,ct
6900,2007.0,mercury,mountaineer premier awd,excellent,8 cylinders,gas,158000.0,clean,automatic,4wd,mid-size,SUV,white,me
5616,2001.0,ram,1500 slt 4wd!,excellent,8 cylinders,gas,145011.0,,automatic,4wd,,truck,,mi
8998,2007.0,toyota,tundra,,,gas,307129.0,clean,automatic,4wd,,pickup,,fl
12499,2014.0,nissan,maxima,excellent,,gas,64513.0,clean,automatic,fwd,,sedan,silver,ca
34900,2017.0,mercedes-benz,e 300,,4 cylinders,gas,32499.0,clean,automatic,rwd,,sedan,grey,fl
29995,2012.0,jeep,wrangler unlimited,excellent,,gas,53220.0,clean,automatic,4wd,,,black,ia
49997,2012.0,ford,f-750,,,,103019.0,clean,automatic,rwd,,,white,fl
16995,2011.0,ram,2500,good,8 cylinders,gas,123550.0,clean,automatic,4wd,full-size,truck,red,mi
2900,2007.0,gmc,sierra,,,gas,171900.0,clean,automatic,,,,,ny
28995,2015.0,gmc,sierra 1500 sltcrew cab,excellent,8 cylinders,gas,105571.0,,automatic,4wd,,truck,,mi
6500,1952.0,,MG TD kit car,,,gas,300.0,rebuilt,automatic,,,,red,il
6950,2009.0,bmw,528i,new,6 cylinders,gas,105000.0,clean,automatic,rwd,full-size,,black,ca
7999,2008.0,chevrolet,trailblazer lt w/1lt,excellent,6 cylinders,gas,167785.0,clean,automatic,,,SUV,,ca
31990,2017.0,jeep,wrangler sport s utility 2d,good,6 cylinders,gas,891.0,clean,other,4wd,,other,white,va
10995,1999.0,ford,super duty f-250,excellent,8 cylinders,diesel,322000.0,clean,automatic,4wd,full-size,,red,nc
18995,2014.0,chevrolet,traverse lt,good,6 cylinders,gas,72701.0,clean,automatic,fwd,,other,white,ca
21590,2017.0,buick,regal premium ii sedan 4d,good,,gas,14934.0,clean,other,fwd,,sedan,white,pa
17000,1939.0,chevrolet,coupe,fair,6 cylinders,gas,1000.0,clean,manual,rwd,full-size,coupe,custom,az
9500,2012.0,lincoln,navigator,like new,8 cylinders,gas,195000.0,clean,automatic,4wd,full-size,SUV,grey,nj
6495,2010.0,dodge,caliber sxt,excellent,4 cylinders,gas,138203.0,clean,automatic,fwd,mid-size,wagon,white,ca
29990,2012.0,toyota,tacoma double cab pickup,good,6 cylinders,gas,43182.0,clean,other,4wd,,pickup,white,nc
18950,2016.0,toyota,camry se,like new,4 cylinders,gas,34000.0,clean,automatic,,,sedan,black,ca
37590,2017.0,infiniti,qx80 limited sport,good,8 cylinders,gas,60560.0,clean,automatic,4wd,,other,white,tn
28450,2008.0,ford,super duty f-250 srw,excellent,8 cylinders,diesel,79725.0,clean,automatic,4wd,full-size,pickup,white,ca
31950,2020.0,,SILVERADO 1500,like new,8 cylinders,gas,2000.0,rebuilt,automatic,rwd,full-size,pickup,white,tx
7995,2015.0,,smart fortwo pure,excellent,3 cylinders,gas,22250.0,clean,automatic,rwd,compact,coupe,black,al
1,1986.0,mercedes-benz,560sl,,,gas,80000.0,clean,automatic,,,,,ma
31988,2020.0,chrysler,300 limited,good,,gas,22899.0,clean,automatic,rwd,,sedan,red,tx
18959,2012.0,ford,f-150,,6 cylinders,gas,131119.0,clean,automatic,4wd,full-size,pickup,black,tn
65900,2017.0,ford,f-350 super duty,,,gas,33584.0,clean,automatic,4wd,,,white,ok
10988,2013.0,nissan,frontier,good,6 cylinders,gas,179000.0,clean,automatic,rwd,full-size,truck,silver,ms
11500,2002.0,toyota,4runner,like new,6 cylinders,gas,94000.0,clean,automatic,4wd,full-size,SUV,custom,ca
5500,2006.0,acura,tl,like new,6 cylinders,gas,160000.0,clean,automatic,fwd,full-size,sedan,black,ca
26590,2018.0,lincoln,mkz reserve sedan 4d,good,,gas,19506.0,clean,automatic,,,sedan,red,mi
15500,2008.0,ford,f250 super duty,like new,8 cylinders,diesel,225000.0,clean,automatic,4wd,,truck,white,ca
37949,2019.0,lincoln,nautilus reserve,good,,gas,28952.0,clean,automatic,,,hatchback,,il
16488,2014.0,ford,e 250,excellent,8 cylinders,gas,121947.0,clean,automatic,rwd,full-size,van,white,co
12999,2016.0,ford,fiesta,,,gas,105826.0,clean,manual,,sub-compact,hatchback,,ca
8900,2009.0,toyota,tacoma,excellent,4 cylinders,gas,124000.0,rebuilt,automatic,rwd,,,white,ks
25795,2015.0,gmc,yukon slt,,,gas,151390.0,clean,automatic,,,,,il
33995,2012.0,ford,f-350 sd,,,gas,73731.0,clean,automatic,4wd,,pickup,,va
10995,2017.0,volkswagen,tiguan,like new,4 cylinders,gas,161000.0,clean,automatic,fwd,mid-size,SUV,white,mi
19990,2020.0,mitsubishi,outlander sport es,good,,other,11103.0,clean,other,,,hatchback,orange,il
32999,2011.0,chevrolet,silverado,,8 cylinders,diesel,204688.0,clean,automatic,4wd,,pickup,black,ak
11995,2009.0,ford,f-150,,,gas,168000.0,clean,automatic,,,,,ia
37990,2019.0,volkswagen,atlas se r-line,good,6 cylinders,gas,10249.0,clean,other,,,SUV,black,fl
11900,2018.0,kia,rio,,,gas,50376.0,clean,automatic,fwd,compact,hatchback,white,fl
14995,1996.0,ford,f250hd,excellent,8 cylinders,gas,153000.0,clean,automatic,,,,,nh
6950,2010.0,volkswagen,tiguan,excellent,4 cylinders,gas,125495.0,clean,automatic,4wd,full-size,SUV,grey,va
56495,2016.0,ram,2500,,6 cylinders,diesel,73181.0,clean,automatic,4wd,,truck,black,or
51999,2019.0,jeep,wrangler moab,,6 cylinders,gas,30000.0,clean,automatic,4wd,,,,nm
17999,2017.0,gmc,terrain,,6 cylinders,gas,75459.0,clean,automatic,fwd,,SUV,red,ne
8995,2010.0,chevrolet,equinox,excellent,4 cylinders,gas,150287.0,clean,automatic,,,SUV,,ia
9200,1999.0,ram,2500 4x4,good,6 cylinders,diesel,287000.0,clean,automatic,4wd,,pickup,white,ca
13988,2016.0,chevrolet,trax ltz,good,4 cylinders,gas,76503.0,clean,automatic,4wd,compact,SUV,red,oh
12000,1970.0,volkswagen,karmann ghia,,,gas,91000.0,clean,automatic,,,,,or
36988,2018.0,toyota,tacoma trd sport 4x4,good,6 cylinders,gas,37233.0,clean,manual,4wd,,pickup,,ca
7400,2013.0,hyundai,elantra,,,,,,,,,,,pa
27990,2017.0,chevrolet,colorado extended cab,good,,gas,22120.0,clean,other,,,pickup,,wi
12997,2014.0,ford,transit connect cargo,,4 cylinders,gas,84848.0,clean,automatic,fwd,compact,van,white,in
8000,2006.0,chevrolet,silverado 1500,,8 cylinders,gas,150885.0,clean,automatic,4wd,,truck,blue,nj
39999,2017.0,ford,f150 xlt,,,gas,9121.0,clean,automatic,,,,,il
30990,2017.0,toyota,tundra double cab sr,good,8 cylinders,gas,41124.0,clean,other,,,pickup,red,nh
11950,2015.0,ford,escape se,excellent,4 cylinders,gas,46000.0,rebuilt,automatic,4wd,,SUV,,ia
24950,2019.0,toyota,tacoma,,4 cylinders,gas,36610.0,clean,automatic,rwd,compact,pickup,white,la
21999,2013.0,ram,1500 laramie longhorn,,,gas,181878.0,clean,automatic,4wd,,pickup,,wa
3900,1962.0,chrysler,imperial,,,gas,1.0,clean,automatic,,,,,id
7995,2004.0,ford,f150 4x4,excellent,8 cylinders,gas,159000.0,clean,automatic,4wd,full-size,pickup,green,ma
4900,2008.0,toyota,yaris,good,4 cylinders,gas,134644.0,clean,automatic,fwd,sub-compact,hatchback,grey,nc
10999,2009.0,mercedes-benz,benz c300,excellent,,gas,103683.0,clean,automatic,,compact,sedan,black,ca
39999,2018.0,dodge,durango,,6 cylinders,gas,34395.0,clean,automatic,4wd,,SUV,black,wa
2950,2007.0,chevrolet,equinox lt,good,6 cylinders,gas,169952.0,clean,automatic,4wd,full-size,SUV,white,pa
24999,2019.0,lincoln,continental,excellent,,gas,62484.0,clean,other,,,sedan,black,fl
12490,2015.0,chevrolet,silverado,,,other,122809.0,clean,automatic,rwd,,pickup,white,fl
29900,2015.0,toyota,highlander xle,,6 cylinders,gas,50120.0,clean,automatic,4wd,,SUV,,wa
7500,2008.0,ford,super duty f-250 srw,,8 cylinders,diesel,68766.0,salvage,automatic,4wd,,truck,white,pa
3900,2005.0,toyota,prius,good,4 cylinders,hybrid,230000.0,clean,automatic,fwd,,hatchback,red,ks
17850,2012.0,gmc,sierra ext cab 4wd,excellent,8 cylinders,gas,120000.0,clean,automatic,4wd,full-size,pickup,black,oh
32990,2014.0,gmc,sierra 1500 crew cab sle,good,,other,18404.0,clean,automatic,,,pickup,blue,tx
99,2018.0,ford,fusion,,,gas,43088.0,clean,automatic,,full-size,sedan,,ma
35990,2011.0,,Freightliner M2 106,excellent,,diesel,257068.0,clean,automatic,,,,white,ca
29990,2008.0,chevrolet,express commercial cutaway,good,6 cylinders,diesel,65073.0,clean,automatic,rwd,,,white,de
10690,2020.0,,Moto Guzzi V9 Bobber Sport 850,,,,1.0,clean,,,,other,orange,ma
28995,2017.0,infiniti,qx60,,,gas,48521.0,clean,automatic,,,,blue,wi
11988,2016.0,kia,rio,,,gas,64393.0,clean,automatic,,compact,sedan,yellow,co
500,2015.0,kia,optima gdi,like new,,gas,128000.0,clean,automatic,,full-size,,blue,tx
28995,2015.0,mercedes-benz,e-class,,,gas,26662.0,clean,automatic,,,sedan,black,ky
29590,2017.0,ford,expedition xlt sport,good,6 cylinders,gas,70760.0,clean,other,4wd,,SUV,blue,ar
515,2016.0,ram,1500,,,gas,53897.0,clean,automatic,4wd,,truck,,id
14999,2019.0,honda,civic ex hatchback,excellent,4 cylinders,gas,53000.0,salvage,automatic,fwd,,,grey,sc
5999,2008.0,chevrolet,colorado,excellent,6 cylinders,gas,141936.0,rebuilt,automatic,rwd,full-size,truck,black,tx
3500,1999.0,subaru,legacy,,,gas,193000.0,clean,manual,,,,,co
6500,2009.0,honda,accord,,,gas,105231.0,clean,automatic,,,,,ri
27995,2015.0,ram,1500 laramie longhorn 4wd!,excellent,8 cylinders,gas,112734.0,,automatic,4wd,,truck,,oh
32998,2017.0,ford,f-150,,,other,80519.0,clean,automatic,4wd,,pickup,black,fl
10000,2007.0,lexus,rx 350,,6 cylinders,gas,135147.0,clean,automatic,fwd,,SUV,blue,va
4300,2009.0,nissan,altima hybrid,good,,gas,189000.0,clean,automatic,,,,,oh
1,2019.0,dodge,charger,excellent,10 cylinders,gas,19734.0,clean,other,4wd,compact,sedan,grey,fl
7900,2006.0,toyota,rav4,,,gas,79065.0,clean,automatic,fwd,,SUV,blue,oh
41999,2011.0,ford,f350 super duty crew cab,,8 cylinders,diesel,169299.0,clean,automatic,4wd,,pickup,white,fl
20995,2014.0,jeep,grand cherokee,,,gas,69693.0,clean,automatic,4wd,,,,oh
6500,2009.0,volkswagen,routan smini van,excellent,6 cylinders,gas,109790.0,,automatic,,,van,,ca
18975,2017.0,dodge,journey crossroad plus automatic,,,gas,32892.0,clean,automatic,fwd,,SUV,red,or
19999,1972.0,chevrolet,corvette,excellent,8 cylinders,gas,95500.0,clean,manual,rwd,full-size,coupe,blue,ma
24590,2014.0,lexus,is 250 sedan 4d,good,6 cylinders,other,35629.0,clean,other,rwd,,sedan,black,ca
6490,2011.0,chevrolet,impala,excellent,6 cylinders,gas,84548.0,clean,automatic,fwd,mid-size,sedan,white,nc
1600,1964.0,cadillac,fleetwood,,,gas,80000.0,clean,automatic,,,,,ct
24995,2011.0,ram,1500 laramie,excellent,8 cylinders,gas,70400.0,clean,automatic,4wd,full-size,pickup,brown,ny
47990,2020.0,bmw,3 series m340i sedan 4d,good,,other,9064.0,clean,other,rwd,,sedan,black,ga
14500,2016.0,toyota,prius three touring,excellent,4 cylinders,gas,96136.0,clean,automatic,fwd,,,,me
16200,2014.0,ford,f350 super duty,good,8 cylinders,gas,152000.0,clean,automatic,4wd,full-size,pickup,white,id
14995,2018.0,chevrolet,malibu,excellent,4 cylinders,gas,120675.0,clean,automatic,fwd,mid-size,sedan,black,mn
4495,2006.0,pontiac,torrent,,6 cylinders,gas,154062.0,clean,automatic,,,other,,oh
3999,2008.0,honda,accord,,,gas,189900.0,clean,automatic,,full-size,sedan,silver,tx
24990,2013.0,bmw,1 series 135i convertible 2d,good,,gas,27287.0,clean,other,rwd,,other,black,in
22999,2019.0,toyota,tacoma sr5,excellent,6 cylinders,gas,10000.0,salvage,automatic,rwd,,,,nc
32590,2015.0,mercedes-benz,gla-class gla 45,good,,gas,34811.0,clean,other,,,other,black,wi
15600,2010.0,ford,f-150,,8 cylinders,gas,127111.0,clean,automatic,,,truck,grey,oh
31990,2006.0,ford,super duty f-550 drw,good,8 cylinders,diesel,59429.0,clean,automatic,4wd,full-size,truck,red,ny
27990,2015.0,toyota,tundra crewmax sr5 pickup,good,8 cylinders,gas,96740.0,clean,other,,,pickup,silver,nj
2500,1951.0,,custom,good,8 cylinders,gas,89000.0,missing,manual,rwd,full-size,sedan,red,fl
27492,2019.0,honda,accord,,4 cylinders,gas,4937.0,clean,automatic,fwd,,sedan,,or
10500,2016.0,toyota,prius v,excellent,4 cylinders,gas,113000.0,salvage,automatic,fwd,mid-size,hatchback,blue,ca
20590,2019.0,mitsubishi,outlander es sport,good,,gas,19576.0,clean,other,,,other,blue,mo
6951,2015.0,hyundai,sonata,,,gas,128234.0,clean,automatic,,,sedan,,pa
2488,2005.0,jeep,liberty,,,gas,203511.0,clean,automatic,4wd,,SUV,blue,ma
699,2018.0,chrysler,300 s awd,like new,6 cylinders,gas,38000.0,clean,automatic,4wd,,,,mi
5995,2008.0,ford,taurus,,,gas,64923.0,clean,automatic,,,,,mi
7995,2013.0,hyundai,veloster,,,gas,89000.0,clean,automatic,,,,,id
35105,2020.0,ford,mustang ecoboost,new,,other,0.0,clean,other,rwd,,,,ca
7950,2008.0,chrysler,town & country touring,like new,6 cylinders,gas,100200.0,clean,automatic,fwd,full-size,mini-van,silver,ri
26590,2020.0,honda,civic si coupe 2d,good,,gas,9954.0,clean,other,fwd,,coupe,silver,mi
15998,2012.0,bmw,750i / alpina b7,,,gas,99135.0,clean,automatic,,full-size,sedan,white,ca
41995,2019.0,gmc,sierra 1500,like new,4 cylinders,gas,34825.0,clean,automatic,4wd,full-size,truck,black,wi
2995,2010.0,chevrolet,aveo,,4 cylinders,gas,110000.0,clean,manual,fwd,,sedan,grey,oh
7998,2014.0,kia,forte,,,gas,117000.0,clean,automatic,,,sedan,blue,md
3400,2008.0,pontiac,g6,good,,gas,195000.0,clean,automatic,,,sedan,white,ca
8700,2013.0,subaru,impreza wagon 2.0i premium,,,gas,132117.0,clean,,4wd,,wagon,white,oh
32590,2016.0,toyota,4runner sr5 sport utility,good,,other,49940.0,clean,other,4wd,,SUV,silver,il
41990,2017.0,ford,f-250,,,other,27366.0,clean,automatic,4wd,,pickup,silver,ma
11000,2011.0,dodge,durango,,,gas,147409.0,clean,automatic,fwd,,SUV,white,fl
6000,2010.0,dodge,journey,like new,6 cylinders,gas,132394.0,clean,automatic,,,SUV,,tx
2500,2008.0,ford,taurus,excellent,6 cylinders,gas,99505.0,clean,automatic,,full-size,sedan,,ca
18990,2018.0,hyundai,sonata sel sedan 4d,good,,gas,16789.0,clean,other,fwd,,sedan,white,ma
167,2011.0,gmc,acadia 4dr sl,,6 cylinders,gas,135210.0,clean,automatic,4wd,,SUV,,or
4500,2001.0,chevrolet,silverado,,,gas,217000.0,clean,automatic,,,,,ky
6500,2002.0,toyota,4runner limited,excellent,6 cylinders,gas,150000.0,salvage,automatic,rwd,full-size,SUV,silver,ca
34590,2019.0,acura,mdx sh-awd sport utility,good,,other,27387.0,clean,other,,,SUV,black,va
14400,2016.0,honda,odyssey,,,gas,181000.0,clean,automatic,,,,,ne
20590,2016.0,ford,f-150,,,gas,174885.0,clean,automatic,4wd,,pickup,black,tn
7500,2016.0,ford,focus,like new,4 cylinders,gas,40000.0,rebuilt,automatic,fwd,mid-size,hatchback,black,wa
11499,2011.0,chevrolet,traverse,,,gas,144825.0,clean,automatic,,,,,ca
6250,2010.0,toyota,corolla s,good,4 cylinders,gas,145000.0,clean,automatic,fwd,,sedan,,mn
7465,2008.0,jeep,liberty,,,gas,131000.0,clean,automatic,4wd,,SUV,,va
8995,2012.0,subaru,outback awd,excellent,4 cylinders,gas,68000.0,rebuilt,automatic,4wd,full-size,wagon,silver,co
163540,2020.0,mercedes-benz,,,8 cylinders,other,6318.0,clean,automatic,fwd,compact,other,,nm
99,2018.0,subaru,impreza,,,gas,24971.0,clean,automatic,4wd,full-size,sedan,blue,vt
29990,2016.0,chevrolet,colorado extended cab,good,6 cylinders,gas,17302.0,clean,other,4wd,,pickup,red,ga
24590,2013.0,gmc,sierra 1500 extended cab slt,good,8 cylinders,other,80318.0,clean,other,,,pickup,,ma
31995,2016.0,gmc,sierra,,,gas,106875.0,clean,automatic,4wd,,pickup,white,ca
29995,2016.0,chevrolet,colorado z71,,6 cylinders,gas,64741.0,clean,automatic,4wd,,pickup,orange,wi
26995,2017.0,nissan,nv,good,6 cylinders,gas,52491.0,clean,automatic,rwd,full-size,van,white,nv
13995,2008.0,lexus,sc430 convertible,excellent,8 cylinders,gas,115200.0,rebuilt,automatic,rwd,mid-size,convertible,white,nh
41990,2017.0,ford,f-250,,,other,27366.0,clean,automatic,4wd,,pickup,silver,nh
48900,2018.0,chevrolet,silverado 2500 hd ltz,like new,8 cylinders,diesel,43034.0,rebuilt,automatic,4wd,full-size,truck,black,pa
26470,2017.0,chevrolet,silverado 1500 custom,excellent,8 cylinders,gas,45409.0,rebuilt,automatic,4wd,full-size,pickup,black,mn
19900,2012.0,ram,1500,good,8 cylinders,gas,123864.0,clean,automatic,4wd,full-size,truck,white,wi
6000,2001.0,,Chevey tahoe Lt,excellent,8 cylinders,gas,222000.0,clean,automatic,fwd,mid-size,SUV,red,ny
297,2017.0,honda,accord,,4 cylinders,other,33162.0,clean,automatic,fwd,,sedan,grey,mi
24995,2017.0,chevrolet,silverado,,8 cylinders,gas,94030.0,clean,automatic,rwd,,,black,ca
42990,2020.0,acura,mdx technology pkg sport,good,,other,3207.0,clean,other,fwd,,other,white,al
6595,2011.0,chevrolet,equinox,good,6 cylinders,gas,131813.0,clean,automatic,fwd,mid-size,,custom,wi
11995,2012.0,ram,1500,,,gas,1.0,clean,automatic,,,,,mi
6500,2005.0,ford,mustang,excellent,8 cylinders,gas,130000.0,clean,automatic,rwd,compact,,blue,ca
27988,2017.0,ford,f150 xlt 4x4,,,gas,148840.0,clean,automatic,,,other,black,nc
14800,2006.0,,H3 Hummer,excellent,5 cylinders,gas,136400.0,clean,automatic,4wd,,,,hi
19500,2011.0,chevrolet,camaro convertible,excellent,6 cylinders,gas,32000.0,clean,automatic,rwd,,convertible,yellow,mn
15800,2006.0,lexus,sc430 conv.,excellent,8 cylinders,gas,135000.0,clean,automatic,rwd,full-size,convertible,silver,fl
9995,2014.0,subaru,legacy,,,gas,127722.0,clean,automatic,,,other,red,me
4800,2010.0,dodge,avenger,good,,gas,145000.0,rebuilt,automatic,,,,,tn
34990,2016.0,gmc,canyon crew cab sle pickup,good,6 cylinders,gas,34425.0,clean,other,4wd,,pickup,red,ca
13988,2018.0,nissan,sentra,,,gas,38000.0,clean,automatic,fwd,,sedan,black,oh
10495,2010.0,lexus,hs 250h,excellent,4 cylinders,gas,119715.0,clean,automatic,,compact,,white,or
11200,2015.0,ford,explorer,good,6 cylinders,gas,110000.0,clean,automatic,4wd,full-size,SUV,white,wi
6950,2005.0,buick,lacrosse,,,gas,143384.0,clean,automatic,,,sedan,brown,nm
25999,2016.0,mazda,cx-5,,4 cylinders,gas,44187.0,clean,automatic,4wd,,SUV,silver,or
23590,2017.0,chrysler,300 limited sedan 4d,good,6 cylinders,gas,27382.0,clean,other,,,sedan,,ny
57995,2016.0,ram,2500 crew cab,,,diesel,54261.0,clean,automatic,,,other,silver,ca
5995,2011.0,chrysler,200 touring,excellent,4 cylinders,gas,105998.0,clean,automatic,fwd,,,silver,wi
19995,2017.0,volkswagen,golf gti,excellent,4 cylinders,gas,54700.0,clean,manual,fwd,compact,sedan,black,oh
8250,2003.0,bmw,e39 540i,new,8 cylinders,gas,98000.0,clean,automatic,rwd,full-size,sedan,black,il
21500,2014.0,ford,f150,excellent,6 cylinders,gas,164000.0,clean,automatic,4wd,full-size,truck,white,al
39990,2018.0,audi,s5 prestige sedan 4d,good,,other,45227.0,clean,other,,,sedan,black,fl
2400,1997.0,ford,f450 super duty,good,8 cylinders,diesel,160000.0,clean,automatic,rwd,full-size,pickup,white,tx
12000,2016.0,dodge,grand caravan,,,gas,106000.0,clean,manual,,,mini-van,,tn
6200,2007.0,toyota,camry,excellent,4 cylinders,gas,196000.0,clean,automatic,fwd,mid-size,sedan,black,wa
3000,2006.0,,saab 9-3,good,4 cylinders,gas,144000.0,clean,manual,fwd,mid-size,wagon,grey,vt
21995,2012.0,ford,f350 crew dually,,8 cylinders,diesel,186100.0,clean,automatic,4wd,,,,nc
6500,2011.0,dodge,caliber,,,gas,160000.0,clean,automatic,,,,,ky
7900,1996.0,ford,f-250 excab,new,8 cylinders,gas,168635.0,clean,automatic,rwd,full-size,truck,white,tx
14311,2015.0,hyundai,sonata 2.0t limited,good,,other,84822.0,clean,automatic,fwd,,sedan,white,tn
13238,2013.0,honda,civic sdn lx,good,4 cylinders,gas,74399.0,clean,automatic,fwd,,sedan,silver,ca
15990,2016.0,jeep,patriot sport suv 4d,good,,gas,40498.0,clean,other,fwd,,other,black,az
5799,2005.0,toyota,camry le,,,gas,94091.0,clean,automatic,,,,,ny
7500,1990.0,ford,mustang 5.0,,,gas,50000.0,rebuilt,manual,,,,,tx
9500,2011.0,honda,odyssey xlt,excellent,6 cylinders,gas,98000.0,clean,automatic,fwd,full-size,mini-van,black,ny
21000,1987.0,mercedes-benz,560 sl,excellent,8 cylinders,gas,129678.0,clean,automatic,,,convertible,grey,ca
3950,2008.0,toyota,corolla,,,gas,195000.0,clean,manual,,,,,ct
27590,2018.0,,Genesis G80 3.8 Sedan 4D,good,6 cylinders,gas,34066.0,clean,other,rwd,,sedan,black,tx
33366,2019.0,ford,transit 250 cargo van,excellent,6 cylinders,gas,16726.0,clean,automatic,rwd,full-size,van,white,va
300,2015.0,,All,,,gas,100000.0,clean,automatic,,,,,tn
45200,2017.0,bmw,640i coupe,like new,6 cylinders,gas,35109.0,clean,automatic,,,convertible,white,fl
5995,2014.0,toyota,yaris sedan le,excellent,4 cylinders,gas,106000.0,salvage,automatic,,,sedan,blue,ca
5300,1984.0,ford,bronco,fair,8 cylinders,gas,121000.0,missing,automatic,4wd,,,,il
32000,1972.0,chevrolet,,excellent,8 cylinders,gas,600.0,clean,automatic,rwd,,,black,ia
7490,2010.0,toyota,rav4 sport,,,gas,147000.0,clean,automatic,,,,,fl
14980,2017.0,chevrolet,cruze,excellent,4 cylinders,gas,36295.0,clean,automatic,fwd,,sedan,black,wi
9995,2008.0,ford,f-150,,,gas,161903.0,clean,automatic,4wd,,pickup,grey,pa
25590,2018.0,mitsubishi,outlander phev sel,good,,other,25384.0,clean,other,4wd,,other,black,nj
2000,2007.0,ford,taurus sel,good,6 cylinders,gas,175000.0,clean,automatic,rwd,,,white,tn
8700,2013.0,nissan,altima s,excellent,4 cylinders,gas,120000.0,clean,automatic,fwd,full-size,sedan,red,tx
17998,2010.0,lexus,es 350,,,gas,67904.0,clean,automatic,fwd,,,black,ok
17999,2007.0,toyota,tundra,good,8 cylinders,gas,151000.0,clean,automatic,rwd,full-size,truck,grey,or
44998,2014.0,mercedes-benz,s-class,,8 cylinders,gas,59222.0,clean,automatic,rwd,full-size,sedan,silver,md
1200,2003.0,ford,focus,,,gas,155000.0,clean,automatic,,,,,ne
10995,2006.0,ford,mustang gt,excellent,8 cylinders,gas,123098.0,clean,automatic,,,coupe,,az
2200,2007.0,,suzuki forenza,good,4 cylinders,gas,114000.0,clean,manual,,,sedan,,or
16500,2011.0,lexus,rx 350 suv,excellent,6 cylinders,gas,137269.0,clean,automatic,fwd,full-size,SUV,red,ca
4800,1994.0,chevrolet,suburban,good,8 cylinders,gas,140000.0,clean,automatic,4wd,,,,ia
27981,2019.0,honda,accord,,4 cylinders,gas,22874.0,clean,automatic,fwd,,sedan,silver,ca
18990,2018.0,hyundai,sonata sel sedan 4d,good,,gas,16789.0,clean,other,fwd,,sedan,white,oh
18995,2004.0,ford,f-350,,,diesel,98696.0,clean,automatic,fwd,,pickup,white,ca
36731,2015.0,ram,5500 tradesman - 12ft box,excellent,6 cylinders,diesel,109769.0,,automatic,,,van,,mn
27495,2015.0,dodge,grand caravan wheelchair,good,6 cylinders,other,56344.0,clean,automatic,fwd,,van,white,ny
18980,2009.0,chevrolet,silverado 1500,excellent,,gas,79009.0,clean,automatic,4wd,,truck,white,wi
799,2005.0,toyota,4runner,,,gas,185082.0,clean,automatic,,,,,oh
28995,2018.0,ram,1500 4x4,like new,8 cylinders,gas,22481.0,clean,automatic,4wd,full-size,pickup,grey,nh
12999,2015.0,chevrolet,equinox,,,gas,107226.0,clean,automatic,fwd,,SUV,white,nv
36998,2019.0,subaru,forester,,4 cylinders,gas,7276.0,clean,automatic,4wd,,SUV,,mt
38990,2017.0,ram,1500,,,other,46924.0,clean,automatic,,,,,la
23995,2012.0,ford,f150 supercrew cab,,6 cylinders,gas,110914.0,clean,automatic,4wd,,pickup,silver,tn
15500,2012.0,bmw,x3,,,gas,78115.0,clean,automatic,,,SUV,,fl
79999,1969.0,chevrolet,camaro pro-street,,,gas,3774.0,clean,other,,,,,ny
7300,2014.0,nissan,juke,excellent,4 cylinders,gas,44300.0,rebuilt,automatic,fwd,,SUV,silver,tx
29990,2014.0,chevrolet,silverado 1500 double,good,8 cylinders,gas,26129.0,clean,other,4wd,,pickup,brown,pa
9597,2014.0,kia,optima,excellent,4 cylinders,gas,145789.0,clean,automatic,fwd,mid-size,sedan,silver,ca
8500,2013.0,,NISSA ROUGE SE,like new,4 cylinders,gas,74271.0,clean,automatic,fwd,full-size,SUV,grey,nv
34999,2016.0,ram,1500,,8 cylinders,gas,31113.0,clean,automatic,4wd,,truck,custom,wa
4990,2006.0,honda,civic,,,gas,194318.0,clean,automatic,,sub-compact,coupe,,va
37888,2018.0,volvo,certified,excellent,,gas,23707.0,clean,automatic,4wd,,sedan,,ca
18995,2018.0,chevrolet,trax,,,gas,22188.0,clean,automatic,fwd,,SUV,white,il
11984,2004.0,ram,2500,,8 cylinders,gas,217298.0,clean,automatic,4wd,,truck,,ky
1700,2002.0,ford,taurus ses,good,6 cylinders,gas,81000.0,clean,automatic,,full-size,sedan,red,fl
36900,2018.0,gmc,acadia,good,6 cylinders,gas,46000.0,clean,other,4wd,full-size,SUV,black,pa
49991,2018.0,ford,f-150,,,gas,51549.0,clean,automatic,4wd,,,white,or
10750,2008.0,ram,1500 slt,,,gas,170638.0,clean,automatic,,,,,la
15763,2016.0,ford,taurus,excellent,6 cylinders,gas,80248.0,clean,automatic,fwd,,sedan,black,tn
20500,2015.0,mini,cooper s convertible,like new,4 cylinders,gas,12200.0,clean,automatic,fwd,sub-compact,convertible,red,id
12995,2003.0,ford,thunderbird convertible,excellent,8 cylinders,gas,64000.0,clean,automatic,rwd,compact,convertible,black,tx
28590,2018.0,audi,q5 premium sport utility 4d,good,,gas,35036.0,clean,other,,,SUV,black,al
16099,2017.0,ford,fusion,,,gas,34071.0,clean,automatic,fwd,,sedan,white,mn
13995,2017.0,toyota,camry xse sedan 4d,excellent,4 cylinders,gas,131000.0,clean,automatic,fwd,,sedan,silver,ky
17995,2018.0,mini,hardtop 2 door,,3 cylinders,gas,6635.0,clean,automatic,fwd,sub-compact,hatchback,black,nv
11999,2011.0,bmw,7-series,excellent,6 cylinders,gas,132984.0,clean,automatic,rwd,full-size,sedan,grey,ca
8500,2001.0,gmc,sierra c3,good,8 cylinders,gas,195000.0,clean,automatic,4wd,full-size,truck,brown,nm
3995,2005.0,chevrolet,,,,gas,282000.0,clean,automatic,,,,,nj
3490,2005.0,jeep,liberty,good,,gas,125000.0,clean,automatic,,,,,oh
6588,2004.0,chevrolet,silverado 1500,excellent,,gas,88241.0,clean,automatic,rwd,,,red,wi
7999,2011.0,honda,cr-v,good,4 cylinders,gas,125163.0,clean,automatic,4wd,full-size,SUV,blue,nj
26985,2013.0,jeep,wrangler unlimited sahara,like new,6 cylinders,gas,84978.0,clean,automatic,4wd,full-size,SUV,black,nc
24999,2013.0,ford,f-150,,,other,133538.0,clean,automatic,4wd,,pickup,silver,ok
21590,2019.0,volkswagen,jetta 1.4t sel,good,,gas,7898.0,clean,other,fwd,,sedan,blue,ar
20990,2016.0,toyota,avalon xle premium sedan,good,6 cylinders,gas,41070.0,clean,other,fwd,,sedan,white,ny
1000,2003.0,buick,lesabre,,,gas,140000.0,clean,automatic,,,,,nc
34990,2019.0,acura,rdx sh-awd sport utility,good,,other,18213.0,clean,other,,,SUV,black,mn
7350,2007.0,ford,explorer,,,gas,114175.0,clean,automatic,fwd,,SUV,green,tn
9995,2010.0,toyota,tundra,,,gas,186691.0,clean,automatic,,,truck,black,tx
28000,2015.0,ford,f-150,good,,gas,100000.0,clean,automatic,,,,,nj
13995,2002.0,chevrolet,corvette,excellent,,gas,117823.0,clean,automatic,rwd,,,,ca
12900,2008.0,chevrolet,suburban,excellent,8 cylinders,gas,139890.0,clean,automatic,4wd,full-size,SUV,white,pa
28500,2019.0,chevrolet,blazer rs,like new,6 cylinders,gas,29400.0,rebuilt,automatic,fwd,mid-size,SUV,red,mo
16990,2017.0,hyundai,santa fe sport utility,good,,gas,68426.0,clean,other,,,other,silver,mi
5500,1997.0,ford,f350 dually,good,,gas,192000.0,clean,automatic,,,,white,wi
25997,2014.0,chevrolet,silverado 1500,excellent,,gas,43252.0,clean,automatic,4wd,,pickup,black,ny
12995,2015.0,subaru,impreza sport,good,4 cylinders,gas,92297.0,clean,automatic,4wd,sub-compact,hatchback,red,mo
8999,2010.0,mitsubishi,outlander,like new,6 cylinders,gas,104000.0,clean,automatic,4wd,full-size,SUV,grey,nj
19990,2020.0,kia,soul lx wagon 4d,good,,other,21351.0,clean,other,fwd,,wagon,red,ri
35590,2018.0,infiniti,q60 3.0t sport coupe 2d,good,6 cylinders,gas,12113.0,clean,other,rwd,,coupe,blue,ga
25990,2014.0,gmc,sierra 1500 regular cab,good,6 cylinders,gas,15575.0,clean,other,,,pickup,brown,ks
29495,2016.0,chevrolet,silverado 2500hd,excellent,8 cylinders,gas,118898.0,clean,automatic,4wd,,,,wi
7999,2002.0,subaru,outback limited,,4 cylinders,gas,115309.0,clean,manual,4wd,,sedan,,co
6695,2014.0,dodge,grand caravan,good,6 cylinders,gas,152000.0,clean,automatic,,,,black,al
5988,2003.0,volvo,xc90 t6,,6 cylinders,gas,133000.0,clean,automatic,4wd,,SUV,,co
55995,2015.0,gmc,sierra 2500hd available wifi,,8 cylinders,diesel,68080.0,clean,automatic,4wd,,,silver,nm
14900,2013.0,ford,f150,good,6 cylinders,gas,189000.0,clean,automatic,4wd,,,black,oh
3842,2005.0,chevrolet,impala,,,gas,116438.0,clean,automatic,fwd,,,blue,in
4950,2003.0,mercedes-benz,benz slk230 kompressor,excellent,4 cylinders,gas,122000.0,clean,automatic,rwd,,,,ca
8850,1959.0,,austin healey sprite,good,4 cylinders,gas,65000.0,clean,manual,rwd,sub-compact,convertible,white,fl
9999,2015.0,nissan,sentra,,4 cylinders,gas,67196.0,clean,automatic,fwd,,sedan,silver,ca
8400,1994.0,mercedes-benz,sl 320,like new,6 cylinders,gas,72600.0,clean,automatic,rwd,mid-size,convertible,white,pa
4495,2009.0,toyota,scion tc,,,gas,191823.0,clean,,fwd,,hatchback,blue,va
6500,1968.0,ford,f100,good,8 cylinders,gas,196854.0,clean,manual,rwd,full-size,truck,grey,ok
18500,2004.0,porsche,boxster s,like new,6 cylinders,gas,65000.0,clean,manual,rwd,,convertible,black,ct
25900,2020.0,dodge,grand caravan,,,gas,18.0,clean,automatic,fwd,,,,ok
18988,2014.0,lexus,gs 350,,6 cylinders,gas,101392.0,clean,automatic,rwd,,sedan,silver,ca
5995,2005.0,ford,escape,excellent,6 cylinders,gas,122764.0,clean,automatic,4wd,mid-size,SUV,black,in
19990,2017.0,fiat,500 abarth hatchback 2d,good,,gas,6054.0,clean,other,fwd,,hatchback,,az
12499,2018.0,ford,focus,,4 cylinders,gas,60407.0,clean,automatic,fwd,,sedan,white,tx
36995,2016.0,chevrolet,silverado 1500 lt z71,like new,8 cylinders,gas,47695.0,clean,automatic,4wd,full-size,truck,red,tn
32706,2019.0,honda,pilot,excellent,6 cylinders,gas,10212.0,clean,automatic,4wd,full-size,SUV,black,oh
9500,2011.0,lexus,es 350,like new,,gas,160000.0,clean,automatic,,,sedan,black,fl
10900,2016.0,nissan,sentra,excellent,4 cylinders,gas,92833.0,clean,automatic,fwd,,sedan,white,ca
91900,,,SUPER DUTY F-350,,8 cylinders,diesel,226.0,clean,automatic,4wd,,pickup,grey,az
29900,2011.0,ford,e450 super duty,good,10 cylinders,gas,113006.0,clean,automatic,rwd,full-size,truck,white,ca
39988,2016.0,cadillac,escalade esv,,,gas,86750.0,clean,automatic,,,,,ia
3500,2008.0,chevrolet,taho lt,excellent,8 cylinders,gas,183879.0,clean,automatic,,mid-size,SUV,blue,tx
1,2010.0,nissan,murano sl,good,6 cylinders,gas,167492.0,clean,automatic,fwd,full-size,SUV,silver,tn
8900,2011.0,bmw,x3,excellent,6 cylinders,gas,110000.0,clean,automatic,4wd,mid-size,SUV,,ny
9999,2012.0,honda,civic,excellent,4 cylinders,gas,213441.0,clean,automatic,fwd,mid-size,sedan,white,sc
7500,2000.0,jeep,cherokee,good,6 cylinders,gas,138500.0,clean,automatic,4wd,mid-size,SUV,black,ny
1750,2003.0,gmc,yukon xl denali,good,,gas,185000.0,clean,automatic,,,SUV,,ca
24950,2008.0,ram,3500,excellent,8 cylinders,diesel,94509.0,clean,automatic,rwd,,truck,,ne
7950,2008.0,ram,1500 slt 4x4,,8 cylinders,gas,232516.0,clean,automatic,,,,grey,fl
5998,2011.0,nissan,versa s,,,gas,112657.0,clean,automatic,fwd,,,,sd
37999,2006.0,chevrolet,corvette,,,gas,21529.0,clean,manual,,,coupe,yellow,ny
17990,2015.0,volkswagen,golf tdi sel,good,,diesel,51482.0,clean,other,fwd,,sedan,white,tx
16500,1999.0,gmc,c7500,good,,other,135800.0,clean,manual,,,truck,white,az
38990,2020.0,infiniti,qx60 luxe sport utility,good,6 cylinders,gas,5279.0,clean,other,fwd,,other,black,ny
1500,2011.0,jeep,patriot,,,gas,100000.0,clean,automatic,,,,,fl
10500,2017.0,volkswagen,passat,excellent,,gas,103000.0,clean,automatic,,,sedan,blue,il
36590,2019.0,cadillac,xt4 premium luxury,good,,gas,9160.0,clean,other,,,hatchback,red,ga
10450,2013.0,,"BMW, 328i",,,gas,100000.0,rebuilt,automatic,,,,,mi
9998,2018.0,nissan,versa,like new,4 cylinders,gas,45072.0,clean,automatic,fwd,compact,sedan,white,id
27990,2015.0,audi,q5 tdi premium plus sport,good,6 cylinders,gas,35035.0,clean,other,,,other,silver,ky
49999,2019.0,toyota,tacoma trd pro 4x4 gas,,,gas,44353.0,clean,automatic,4wd,,truck,black,id
217,2015.0,ford,transit connect,,4 cylinders,gas,86100.0,clean,automatic,fwd,,,,or
38000,2017.0,chevrolet,silverado 1500,excellent,8 cylinders,gas,68500.0,lien,automatic,4wd,full-size,truck,black,sc
8580,2014.0,nissan,sentra,,,gas,113181.0,clean,automatic,,,,,sc
9995,2016.0,dodge,grand caravan wgn,excellent,6 cylinders,gas,121463.0,clean,other,,,van,,ca
4295,2003.0,audi,a4 1.8t quattro,,4 cylinders,gas,111619.0,clean,automatic,4wd,,sedan,,oh
12990,2010.0,toyota,prius ii hatchback 4d,good,,hybrid,61102.0,clean,other,fwd,,hatchback,,tx
21688,2016.0,bmw,x1,,,gas,40859.0,clean,automatic,,full-size,SUV,black,fl
4477,2007.0,nissan,versa s,excellent,4 cylinders,gas,133000.0,clean,automatic,fwd,compact,sedan,red,ga
7400,2011.0,toyota,rav4,excellent,,gas,120000.0,salvage,automatic,fwd,,,blue,ia
24988,2017.0,ford,explorer,like new,,gas,55564.0,clean,automatic,,,,,tx
8999,2004.0,ford,f250 super duty,good,8 cylinders,gas,118402.0,clean,automatic,rwd,full-size,truck,white,ca
36590,2019.0,ram,1500 classic crew cab,good,6 cylinders,diesel,4504.0,clean,other,,,pickup,white,nc
17499,2013.0,ford,f150 crew cab xlt,excellent,8 cylinders,gas,108000.0,rebuilt,automatic,4wd,,,red,sc
21920,2018.0,ford,ecosport,,4 cylinders,gas,2849.0,clean,automatic,4wd,compact,wagon,silver,ga
33990,2018.0,bmw,5 series 540i xdrive sedan,good,,gas,40942.0,clean,other,,,sedan,blue,oh
17495,2016.0,,VOLVO* XC60*,,,gas,113627.0,clean,automatic,,full-size,other,custom,ct
27777,2015.0,gmc,sierra,,,gas,103311.0,clean,automatic,4wd,,pickup,,ct
12900,2012.0,ram,1500 quad cab,like new,8 cylinders,gas,202432.0,clean,automatic,4wd,full-size,pickup,white,az
16270,2019.0,hyundai,accent,excellent,,gas,19864.0,clean,automatic,fwd,,,,wa
22500,2011.0,jeep,wrangler,good,6 cylinders,gas,61811.0,clean,manual,4wd,,SUV,black,ca
18690,2013.0,lexus,rx 450h,,6 cylinders,hybrid,109123.0,clean,automatic,4wd,mid-size,SUV,custom,ga
25500,2013.0,gmc,sierra,,,other,119580.0,clean,automatic,4wd,,pickup,white,ar
5995,2013.0,chevrolet,cruze,like new,,gas,141.0,clean,automatic,,,,,ri
38990,2018.0,bmw,7 series 740i sedan 4d,good,,other,50905.0,clean,other,rwd,,sedan,white,co
26995,2014.0,chevrolet,silverado z71,excellent,8 cylinders,gas,164500.0,clean,automatic,4wd,,,,tx
8995,2015.0,gmc,terrain,,,gas,100634.0,clean,automatic,,,,,mi
29990,2018.0,volvo,s90 t5 momentum sedan 4d,good,,gas,13859.0,clean,other,,,sedan,,ca
20580,2017.0,buick,enclave,excellent,,gas,57122.0,clean,automatic,fwd,,SUV,,oh
20995,2009.0,ford,f-250 sd,,,gas,108519.0,clean,automatic,,,other,white,oh
8900,1964.0,chevrolet,corvair monza,,,gas,1.0,clean,automatic,,,,,il
36999,2019.0,ford,f150 stx 4x4 half ton gas,,,gas,34567.0,clean,automatic,4wd,,truck,white,wa
31990,2019.0,ford,explorer limited sport,good,,other,40258.0,clean,other,fwd,,other,black,ca
9500,2009.0,toyota,highlander,good,6 cylinders,gas,162000.0,clean,automatic,4wd,,,silver,ia
39500,2013.0,ford,f750,excellent,6 cylinders,diesel,99332.0,clean,automatic,rwd,,truck,white,ca
42999,2019.0,jeep,wrangler unlimited sport,,,gas,18355.0,clean,automatic,4wd,,SUV,white,wa
32999,2015.0,ram,3500 slt,excellent,8 cylinders,gas,50000.0,clean,automatic,4wd,full-size,truck,black,ri
14000,2008.0,ford,,like new,8 cylinders,gas,100377.0,clean,automatic,rwd,full-size,van,white,fl
260,2015.0,mercedes-benz,gla gla 250,excellent,4 cylinders,gas,69022.0,,automatic,,,SUV,,fl
15500,2011.0,bmw,328i coupe,excellent,6 cylinders,gas,60460.0,clean,manual,rwd,compact,coupe,red,or
5995,2009.0,pontiac,torrent,excellent,6 cylinders,gas,131286.0,clean,automatic,fwd,mid-size,SUV,blue,mi
5900,2011.0,kia,sorento lx,excellent,4 cylinders,gas,174900.0,clean,automatic,fwd,mid-size,SUV,silver,wi
5900,2009.0,toyota,corolla,excellent,4 cylinders,gas,171966.0,clean,automatic,fwd,mid-size,sedan,white,ny
15999,2014.0,nissan,pathfinder sl,good,6 cylinders,gas,59664.0,clean,other,,,SUV,silver,wa
13752,2015.0,subaru,impreza,excellent,4 cylinders,gas,18487.0,rebuilt,automatic,4wd,mid-size,hatchback,blue,mn
36990,2015.0,chevrolet,tahoe lt sport utility,good,8 cylinders,other,51677.0,clean,other,,,other,black,fl
39995,2016.0,gmc,yukon,,,gas,65357.0,clean,automatic,rwd,,SUV,black,la
35999,2018.0,chevrolet,camaro,excellent,8 cylinders,gas,51699.0,clean,automatic,rwd,mid-size,coupe,grey,fl
4200,2003.0,cadillac,,good,8 cylinders,gas,76000.0,clean,automatic,fwd,full-size,other,black,ca
290,2012.0,honda,cr-v ex,,,other,67828.0,clean,automatic,,,,blue,or
40998,2020.0,toyota,tacoma,,6 cylinders,gas,4208.0,clean,automatic,rwd,,truck,,mt
101,2008.0,mercury,grand marquis,,8 cylinders,gas,29300.0,clean,automatic,rwd,,sedan,,ca
6995,2007.0,mazda,rx-8,,,gas,77356.0,clean,manual,,sub-compact,coupe,white,nc
11590,2014.0,chevrolet,spark ev 2lt hatchback,good,,electric,61852.0,clean,other,fwd,,hatchback,,sc
19590,2019.0,hyundai,sonata se sedan 4d,good,,other,16585.0,clean,other,fwd,,sedan,,fl
8950,2007.0,nissan,xterra se,good,6 cylinders,gas,139605.0,clean,automatic,,,,black,tx
25990,2013.0,toyota,tundra crewmax pickup 4d,good,8 cylinders,gas,98879.0,clean,other,,,pickup,white,md
7900,2017.0,mitsubishi,mirage only 56k,excellent,8 cylinders,gas,56328.0,,automatic,,,hatchback,,ca
8995,2010.0,honda,pilot touring,,,gas,144000.0,clean,automatic,,,,,vt
72981,2019.0,ram,2500,,,diesel,6721.0,clean,automatic,,,pickup,black,tx
8700,2009.0,honda,odyssey,excellent,10 cylinders,gas,104559.0,clean,other,4wd,full-size,van,red,fl
4495,1999.0,honda,civic lx,excellent,4 cylinders,gas,148563.0,clean,automatic,fwd,compact,sedan,white,ca
20500,2013.0,subaru,brz limited,excellent,4 cylinders,gas,48000.0,clean,automatic,rwd,compact,coupe,white,ca
21990,2016.0,,Scion FR-S Release Series 2.0,good,,gas,39647.0,clean,other,rwd,,coupe,,wi
44000,2020.0,buick,enclave,,,gas,3600.0,clean,automatic,,,,,il
5500,1998.0,ram,2500,good,10 cylinders,gas,102000.0,clean,automatic,4wd,,pickup,white,ak
6000,2010.0,volkswagen,cc sport plus,excellent,,gas,132000.0,clean,automatic,4wd,,sedan,grey,ny
37995,2014.0,ram,2500 crew cab,,6 cylinders,diesel,185505.0,clean,automatic,4wd,,pickup,,tx
4800,2010.0,bmw,5 series 528i,excellent,6 cylinders,gas,179000.0,clean,automatic,4wd,full-size,sedan,white,nj
8950,2011.0,chevrolet,equinox lt,,6 cylinders,other,110105.0,clean,automatic,4wd,,SUV,silver,id
8999,2008.0,ram,,,,gas,149000.0,clean,automatic,,,,,ct
18750,2017.0,toyota,prius hybrid,excellent,4 cylinders,hybrid,18806.0,rebuilt,automatic,fwd,mid-size,sedan,white,mi
3499,2001.0,mitsubishi,eclipse,excellent,6 cylinders,gas,136231.0,clean,manual,fwd,sub-compact,convertible,grey,ny
27990,2014.0,gmc,sierra 1500 crew 4x4,excellent,8 cylinders,gas,145257.0,clean,automatic,4wd,full-size,truck,grey,sc
24990,2014.0,mercedes-benz,e-class e 350,good,6 cylinders,gas,34369.0,clean,other,,,sedan,white,nj
2875,2006.0,toyota,matrix,,,gas,153000.0,clean,automatic,,,,,de
29920,2013.0,ford,f-350 super duty,,8 cylinders,other,185163.0,clean,automatic,4wd,full-size,pickup,black,tx
39999,2018.0,toyota,tacoma,,6 cylinders,gas,24430.0,clean,automatic,4wd,,truck,black,wa
20000,2011.0,subaru,impreza wrx sti,excellent,4 cylinders,gas,50000.0,clean,manual,,,,,vt
21995,2010.0,ford,f-350,,,diesel,195147.0,clean,automatic,4wd,,pickup,white,pa
30000,2013.0,chevrolet,tahoe lt,like new,,gas,67300.0,clean,automatic,,,,black,tn
6500,1980.0,ford,mustang,excellent,8 cylinders,gas,85000.0,clean,automatic,rwd,,,,ct
45900,2019.0,toyota,tacoma 4wd sr5,good,6 cylinders,gas,38615.0,clean,other,4wd,,pickup,,ca
22990,2015.0,chevrolet,camaro lt coupe 2d,good,6 cylinders,gas,25865.0,clean,other,rwd,,coupe,red,mi
303,2018.0,toyota,rav4,,4 cylinders,gas,42127.0,clean,automatic,4wd,,SUV,silver,il
31990,2018.0,audi,q5 premium sport utility 4d,good,,gas,19179.0,clean,other,,,other,,oh
47999,2018.0,nissan,titan xd pro-4x 4x4 auto,,,diesel,32437.0,clean,automatic,4wd,,truck,grey,mt
15000,1996.0,ford,f-250,excellent,8 cylinders,diesel,246000.0,clean,automatic,4wd,full-size,truck,green,wa
11500,2013.0,chevrolet,camaro,excellent,6 cylinders,gas,68000.0,rebuilt,manual,rwd,mid-size,coupe,green,ny
9495,2015.0,kia,soul,excellent,4 cylinders,gas,81715.0,clean,automatic,fwd,,,brown,fl
21900,2012.0,chevrolet,silverado 2500,,,gas,104000.0,clean,automatic,,,,,tn
3000,2003.0,honda,pilot ex-l,good,6 cylinders,gas,236000.0,clean,automatic,4wd,mid-size,SUV,blue,ia
16995,2014.0,dodge,charger rt,good,8 cylinders,gas,112744.0,clean,automatic,rwd,,sedan,silver,ca
31990,2020.0,volvo,s60 t5 momentum sedan 4d,good,,gas,16594.0,clean,other,fwd,,sedan,,co
10000,1973.0,,triumph spitfire,excellent,4 cylinders,gas,28500.0,clean,manual,rwd,sub-compact,convertible,red,wa
7995,2008.0,honda,accord,good,6 cylinders,gas,140580.0,clean,automatic,rwd,,sedan,grey,nc
25389,2018.0,dodge,charger,excellent,6 cylinders,gas,24456.0,clean,automatic,4wd,full-size,sedan,black,oh
16999,2013.0,audi,a6 3.0t quattro,,,gas,94000.0,clean,automatic,,,,,me
5995,2009.0,ford,escape xlt,,4 cylinders,gas,140000.0,clean,automatic,fwd,,,,pa
3990,2007.0,hyundai,elantra,excellent,4 cylinders,gas,146000.0,clean,manual,fwd,compact,sedan,grey,ca
3500,2015.0,ford,mustang,like new,4 cylinders,gas,154235.0,clean,automatic,rwd,mid-size,wagon,white,tx
27990,2014.0,toyota,tacoma access cab pickup,good,,other,17805.0,clean,other,,,pickup,red,al
1,1997.0,ford,escort,fair,,gas,115000.0,clean,automatic,,,sedan,,nm
15000,2016.0,kia,optima,,,gas,52446.0,clean,automatic,,full-size,sedan,,dc
31990,2017.0,bmw,3 series 340i sedan 4d,good,,gas,19366.0,clean,automatic,rwd,,sedan,red,fl
52999,2020.0,ford,f-150,,8 cylinders,gas,3249.0,clean,automatic,4wd,,truck,red,ne
19900,2015.0,ford,transit t250 cargo van,excellent,6 cylinders,gas,139000.0,clean,automatic,rwd,full-size,van,white,nj
6995,2012.0,ford,fiesta sel,good,4 cylinders,gas,103160.0,clean,automatic,fwd,compact,sedan,black,wi
36997,2018.0,jeep,wrangler jk unlimited,,,gas,29039.0,clean,manual,4wd,,,red,tx
29590,2019.0,alfa-romeo,romeo stelvio ti sport,good,,other,60984.0,clean,other,,,hatchback,black,al
19000,2012.0,bmw,x6 xdrive50i,like new,8 cylinders,gas,121000.0,clean,automatic,4wd,,SUV,white,ga
9977,2015.0,mitsubishi,outlander sport,,,gas,93715.0,clean,automatic,fwd,,wagon,red,oh
5995,2007.0,hyundai,santa fe,,,gas,158000.0,clean,automatic,,,,,pa
12990,2017.0,ford,c-max,,,hybrid,64315.0,clean,automatic,,full-size,hatchback,,md
33590,2018.0,bmw,x3 xdrive30i sport utility,good,,gas,22625.0,clean,automatic,,,other,,ok
8995,2010.0,ford,f150,,,gas,173500.0,clean,automatic,,,,,mi
1,1970.0,chevrolet,,excellent,8 cylinders,gas,1000.0,clean,automatic,rwd,,pickup,,nc
28900,2018.0,bmw,x2,good,4 cylinders,gas,15600.0,clean,automatic,4wd,,wagon,blue,in
18290,2014.0,chevrolet,camaro,,,gas,90113.0,clean,automatic,rwd,,coupe,red,fl
27990,2014.0,toyota,tacoma access cab pickup,good,,other,17805.0,clean,other,,,pickup,red,nj
10000,2014.0,chevrolet,cruze,excellent,,gas,68024.0,clean,automatic,,,sedan,,ma
7995,2014.0,dodge,avenger,,,gas,95106.0,clean,automatic,fwd,,sedan,,oh
2500,1996.0,honda,prelude si,good,4 cylinders,gas,300000.0,salvage,manual,fwd,compact,coupe,black,ca
15990,2016.0,kia,forte5 ex hatchback 4d,good,,gas,38925.0,clean,other,fwd,,hatchback,black,ga
615,2018.0,jeep,wrangler unlimited,excellent,6 cylinders,gas,37666.0,,automatic,4wd,,SUV,,wa
12499,2016.0,hyundai,sonata hybrid,excellent,,gas,92275.0,clean,automatic,fwd,,sedan,silver,ca
58999,2018.0,mercedes-benz,s-class,,,gas,24340.0,clean,automatic,,,sedan,black,nj
23755,2016.0,jeep,grand cherokee,,,gas,28275.0,clean,automatic,fwd,,SUV,white,tx
12499,2014.0,nissan,xterra,excellent,6 cylinders,gas,150436.0,clean,automatic,4wd,,SUV,grey,ny
16243,2018.0,chevrolet,cruze,,,gas,17073.0,clean,automatic,fwd,,,,il
14995,2013.0,mercedes-benz,c-class,,6 cylinders,gas,88760.0,clean,automatic,,,sedan,black,ny
37797,2016.0,ram,1500 rebel,like new,8 cylinders,gas,68700.0,clean,automatic,4wd,,truck,white,tx
17999,2014.0,dodge,durango limited,excellent,6 cylinders,gas,124872.0,clean,automatic,4wd,mid-size,SUV,white,ne
18000,2010.0,ford,f-150,excellent,8 cylinders,gas,118000.0,clean,automatic,,,truck,black,mn
15991,2017.0,ford,fusion,,4 cylinders,gas,42734.0,clean,automatic,fwd,mid-size,sedan,red,tx
5900,2012.0,kia,forte,excellent,4 cylinders,gas,141570.0,clean,automatic,fwd,,sedan,black,oh
16499,2016.0,jeep,compass sport,excellent,4 cylinders,gas,23498.0,,automatic,,,SUV,,ca
29590,2018.0,toyota,highlander xle sport,good,6 cylinders,gas,38823.0,clean,other,,,SUV,brown,az
8950,2012.0,ford,explorer,like new,6 cylinders,gas,178000.0,clean,automatic,4wd,full-size,SUV,black,ny
3800,2008.0,nissan,altima,good,4 cylinders,gas,178800.0,clean,automatic,fwd,,coupe,red,ca
18995,2015.0,bmw,535i,,,gas,63100.0,clean,automatic,,,sedan,grey,fl
22990,2006.0,ford,f-450 super duty 4x4,excellent,8 cylinders,diesel,63964.0,clean,automatic,4wd,full-size,pickup,blue,nd
31998,2013.0,ram,2500,,,diesel,132402.0,clean,automatic,,,,,tx
20990,2020.0,toyota,corolla le sedan 4d,good,,gas,4905.0,clean,other,fwd,,sedan,white,in
34900,2019.0,jeep,wrangler unlimited,,4 cylinders,gas,24536.0,clean,other,4wd,,SUV,blue,ak
23590,2017.0,infiniti,qx50 sport utility 4d,good,6 cylinders,gas,36995.0,clean,other,,,hatchback,silver,md
15900,2014.0,ford,edge,,,gas,67595.0,clean,automatic,,,SUV,red,ma
999,1996.0,honda,accord ex coupe,,4 cylinders,gas,149609.0,clean,automatic,fwd,mid-size,coupe,green,or
24988,2017.0,jeep,cherokee limited luxury,,4 cylinders,gas,11810.0,clean,automatic,4wd,,SUV,red,ia
4000,2008.0,volvo,xc90,like new,6 cylinders,gas,195000.0,clean,automatic,4wd,,SUV,grey,ri
43500,2006.0,ram,2500,excellent,6 cylinders,diesel,138498.0,clean,other,4wd,full-size,truck,custom,nc
1,2019.0,chevrolet,impala,,,gas,34000.0,clean,automatic,,,,,tx
4000,2005.0,subaru,legacy wagon,excellent,,gas,112000.0,clean,automatic,,,wagon,silver,mn
14995,2009.0,jeep,wrangler,like new,6 cylinders,gas,120000.0,clean,automatic,4wd,,,silver,ri
16995,2011.0,ram,2500,,,gas,164348.0,clean,automatic,4wd,,pickup,,va
10500,1999.0,jeep,wrangler sport,good,6 cylinders,gas,177304.0,clean,manual,4wd,,offroad,black,az
13495,2018.0,honda,fit lx -,excellent,4 cylinders,gas,64903.0,clean,automatic,fwd,compact,sedan,blue,ct
17980,2011.0,chevrolet,1500 silverado 4x4,excellent,8 cylinders,gas,88241.0,clean,automatic,4wd,,truck,blue,wi
4995,2007.0,volvo,xc70 cross country awd,excellent,5 cylinders,gas,145850.0,clean,automatic,4wd,full-size,offroad,silver,ct
23995,2018.0,jeep,compass,,4 cylinders,gas,28332.0,clean,automatic,fwd,compact,SUV,black,al
7495,2014.0,chevrolet,sonic,,,gas,83375.0,clean,automatic,,,,blue,tn
5499,2003.0,honda,accord ex-l,,,gas,121000.0,clean,automatic,,,,,ca
27990,2012.0,gmc,sierra 2500 hd extended cab,good,8 cylinders,gas,68696.0,clean,other,4wd,,pickup,black,fl
12727,2013.0,hyundai,santa fe,,,gas,91578.0,clean,automatic,fwd,,,black,pa
10400,2015.0,ford,flex,excellent,6 cylinders,gas,114000.0,clean,automatic,fwd,,SUV,,mi
2300,1998.0,lexus,es300,good,,gas,247000.0,clean,automatic,,,,black,wa
19590,2012.0,subaru,impreza wrx sedan 4d,good,,gas,79273.0,clean,other,,,sedan,white,il
23999,2013.0,chevrolet,silverado 2500,excellent,,gas,156675.0,clean,automatic,rwd,,pickup,,ca
24990,2018.0,chrysler,300 limited sedan 4d,good,6 cylinders,gas,15608.0,clean,other,rwd,,sedan,,in
18838,2017.0,ford,explorer suv,,,gas,70222.0,clean,automatic,,,,,fl
23995,2015.0,ford,f-150,,,gas,109941.0,clean,automatic,fwd,,pickup,white,fl
46950,2015.0,gmc,sierra,,,gas,68409.0,clean,automatic,4wd,,pickup,black,co
11990,2015.0,ford,focus,,,other,64391.0,clean,automatic,,compact,sedan,,or
9975,2010.0,chevrolet,silverado 1500,good,8 cylinders,gas,180242.0,clean,automatic,4wd,,pickup,silver,va
39990,2019.0,jaguar,e-pace p300 r-dynamic se,good,,other,17961.0,clean,other,,,SUV,silver,oh
13768,2014.0,hyundai,santa fe sport,excellent,,gas,93442.0,clean,automatic,4wd,,SUV,,oh
27411,2018.0,honda,cr-v,,4 cylinders,gas,33352.0,clean,automatic,4wd,mid-size,SUV,white,id
11998,2014.0,honda,accord lx,good,4 cylinders,gas,98920.0,clean,automatic,fwd,mid-size,sedan,silver,vt
19500,2003.0,gmc,sierra,good,,gas,187000.0,clean,automatic,4wd,full-size,truck,grey,ca
10995,2011.0,honda,crv,,,gas,106000.0,clean,automatic,,,,,ma
29999,2013.0,gmc,sierra,,,diesel,229023.0,clean,automatic,4wd,,pickup,,sd
12900,2005.0,ford,f450,good,8 cylinders,diesel,152000.0,clean,automatic,rwd,,,white,mi
10900,2013.0,ford,taurus,,6 cylinders,gas,138611.0,clean,automatic,,,sedan,black,ak
9997,2011.0,honda,odyssey,,,gas,142050.0,clean,automatic,,,,,ny
12988,2016.0,toyota,corolla,excellent,4 cylinders,gas,60549.0,clean,automatic,fwd,,sedan,,ma
39900,2015.0,toyota,sienna,,6 cylinders,gas,45875.0,clean,other,fwd,,van,red,co
4100,2006.0,ford,f250 lariat,like new,8 cylinders,diesel,75000.0,clean,automatic,4wd,,,,co
57900,2019.0,ram,2500 slt 4x4 cummins,excellent,6 cylinders,diesel,31681.0,clean,automatic,4wd,full-size,pickup,white,in
29995,2018.0,infiniti,qx60,,6 cylinders,gas,39466.0,clean,automatic,4wd,full-size,SUV,grey,fl
9495,2014.0,jeep,patriot,,,gas,129030.0,clean,automatic,fwd,,SUV,white,oh
27990,2014.0,ram,1500 crew cab laramie pickup,good,8 cylinders,gas,83987.0,clean,other,,,pickup,white,fl
6995,2008.0,nissan,altima 2.5 s,,,gas,115000.0,clean,automatic,,,,,ar
24944,2015.0,ford,f-150,,,gas,137537.0,clean,automatic,4wd,,pickup,silver,nh
17495,2011.0,chevrolet,avalanche ltz,,,gas,161313.0,clean,automatic,,,,,il
2250,2006.0,chevrolet,impala ltz,good,6 cylinders,gas,160000.0,clean,automatic,fwd,full-size,sedan,white,mn
18990,2016.0,acura,ilx sedan 4d,good,,gas,28252.0,clean,automatic,fwd,,sedan,blue,ky
26500,1972.0,chevrolet,c10 pickup,like new,8 cylinders,gas,46000.0,clean,automatic,rwd,full-size,pickup,red,tx
23995,2011.0,ford,f-150,good,,gas,133055.0,clean,automatic,4wd,full-size,truck,red,in
18590,2012.0,lexus,is 250c convertible 2d,good,,other,93728.0,clean,other,rwd,,convertible,,ca
27899,2014.0,jeep,wrangler unlimi,,,gas,116053.0,clean,automatic,,,other,white,tx
56999,2020.0,toyota,tundra sr5 trd off road,,,gas,1551.0,clean,automatic,4wd,,truck,white,id
39950,2016.0,ford,f-150 platinum crew cab 4x4,,,gas,52319.0,clean,automatic,,,,,wi
20990,2018.0,jeep,compass latitude sport,good,,electric,22224.0,clean,other,4wd,,other,white,ga
3850,2008.0,mazda,3,good,4 cylinders,gas,132400.0,clean,automatic,fwd,compact,sedan,silver,nj
563,2017.0,ram,2500 tradesman,,6 cylinders,diesel,32619.0,clean,automatic,4wd,,,,ca
28590,2017.0,ram,1500 quad cab express pickup,good,,other,41816.0,clean,other,4wd,,pickup,,mi
38590,2020.0,jaguar,e-pace p250 sport utility,good,,other,1372.0,clean,other,,,SUV,black,nc
42990,2019.0,kia,k900 luxury sedan 4d,good,6 cylinders,gas,8270.0,clean,other,,,sedan,black,oh
28700,2013.0,chevrolet,silverado 2500hd,good,8 cylinders,diesel,194785.0,clean,automatic,4wd,full-size,pickup,black,ca
1111,1992.0,jaguar,xjs convertible,,,gas,100000.0,clean,automatic,,mid-size,convertible,blue,ma
42590,2020.0,buick,enclave premium sport,good,6 cylinders,gas,1134.0,clean,other,,,SUV,black,sc
21988,2017.0,chevrolet,traverse,,,gas,62015.0,clean,automatic,,,,,ia
1,2012.0,toyota,camry,good,4 cylinders,gas,122000.0,clean,automatic,fwd,,sedan,,or
44995,2017.0,nissan,titan xd pro-4x,,8 cylinders,diesel,70316.0,clean,automatic,4wd,,pickup,black,co
1,2005.0,infiniti,g35,excellent,6 cylinders,gas,67000.0,clean,automatic,rwd,compact,coupe,,nj
41590,2018.0,infiniti,qx80 sport utility 4d,good,8 cylinders,gas,45339.0,clean,other,rwd,,SUV,black,co
8500,2008.0,bmw,335i,excellent,6 cylinders,gas,92000.0,clean,automatic,rwd,full-size,convertible,silver,fl
4000,2007.0,honda,odyssey,like new,6 cylinders,gas,204000.0,clean,automatic,fwd,mid-size,SUV,white,tx
4999,2008.0,ford,escape,fair,4 cylinders,gas,190190.0,clean,automatic,fwd,mid-size,SUV,blue,fl
36500,2017.0,chevrolet,silverado 1500,,,other,137130.0,clean,automatic,,,pickup,,tx
11900,2014.0,toyota,prius v wagon,excellent,4 cylinders,hybrid,86804.0,salvage,automatic,,,,silver,ca
2300,1988.0,ford,thunderbird coupe,,8 cylinders,gas,105000.0,clean,automatic,,,,,ri
3900,2002.0,ford,focus,,4 cylinders,gas,113700.0,clean,automatic,,,,silver,ca
9500,2005.0,lincoln,navigator,excellent,,gas,104000.0,clean,automatic,4wd,full-size,SUV,black,or
22990,2016.0,audi,a6 2.0t premium sedan 4d,good,,gas,40720.0,clean,other,fwd,,sedan,black,mi
52000,2019.0,ram,2500,,,diesel,64730.0,clean,automatic,,,pickup,white,wa
31999,2016.0,ford,f150 supercrew cab,,8 cylinders,other,150525.0,clean,automatic,4wd,,pickup,black,tn
27488,2019.0,ford,edge,,,other,24278.0,clean,automatic,,,,,co
9950,2012.0,honda,accord,good,4 cylinders,gas,123378.0,clean,automatic,fwd,,sedan,silver,nc
15997,2012.0,chevrolet,silverado 1500,excellent,,gas,159174.0,clean,automatic,4wd,,pickup,silver,ny
1500,2012.0,lexus,is 250,excellent,,gas,160000.0,clean,automatic,rwd,,sedan,white,tx
12000,2014.0,toyota,sienna,good,,gas,105000.0,salvage,automatic,fwd,,mini-van,grey,or
5500,2009.0,buick,lucerne,excellent,,gas,134500.0,clean,automatic,,,sedan,,az
18372,2015.0,bmw,x1 xdrive28i,,4 cylinders,gas,22321.0,clean,automatic,4wd,,SUV,grey,mt
18450,2014.0,honda,civic,excellent,4 cylinders,gas,45000.0,rebuilt,automatic,fwd,mid-size,sedan,blue,oh
18990,2019.0,mitsubishi,eclipse cross es,good,,gas,37757.0,clean,other,4wd,,hatchback,silver,ca
11895,2013.0,chevrolet,cruze,,,gas,69265.0,clean,automatic,,,,white,tn
25990,2013.0,bmw,x6 xdrive35i sport utility,good,,gas,52145.0,clean,automatic,,,SUV,black,sc
20950,2014.0,mercedes-benz,e350 sport 4matic,,,gas,59828.0,clean,automatic,,,,,wi
29950,2017.0,bmw,440xi xdrive gran coupe,,,gas,70541.0,clean,automatic,,,,,ia
20590,2017.0,toyota,camry xse sedan 4d,good,,other,7486.0,clean,other,fwd,,sedan,white,md
30590,2019.0,mini,countryman cooper se all4,good,,gas,21246.0,clean,automatic,,,hatchback,,fl
49999,2018.0,bmw,x6,excellent,6 cylinders,gas,49933.0,clean,other,,,sedan,black,fl
31595,2017.0,cadillac,xt5,,,gas,25998.0,clean,automatic,,,,black,in
15833,2019.0,hyundai,elantra,excellent,4 cylinders,gas,57283.0,clean,automatic,fwd,,sedan,blue,tn
7500,1991.0,ford,bronco,fair,8 cylinders,gas,163000.0,clean,automatic,4wd,full-size,SUV,red,nv
39990,2019.0,acura,mdx sh-awd w/technology,good,,other,24495.0,clean,other,,,SUV,,md
24950,2011.0,jeep,wrangler sahara,like new,6 cylinders,gas,57000.0,clean,automatic,4wd,,,black,ma
8900,2009.0,jeep,compass,excellent,4 cylinders,gas,0.0,clean,automatic,fwd,,wagon,blue,ca
3500,2002.0,chevrolet,s10 zr5,fair,6 cylinders,gas,173314.0,clean,automatic,4wd,,,,fl
28990,2017.0,bmw,4 series 440i xdrive gran,good,,gas,49355.0,clean,automatic,,,coupe,,in
29995,2015.0,ford,f-150,,6 cylinders,gas,69527.0,clean,automatic,4wd,,truck,black,co
3399,2012.0,honda,fit,excellent,4 cylinders,gas,222700.0,clean,automatic,fwd,sub-compact,hatchback,red,oh
23590,2016.0,mini,hardtop 2 door john cooper,good,,gas,33000.0,clean,other,fwd,,hatchback,red,nc
28900,2003.0,ford,f-550,,,diesel,86000.0,clean,automatic,,,,,ar
4800,2003.0,toyota,camry le,good,4 cylinders,gas,161000.0,clean,automatic,fwd,,sedan,silver,pa
8995,2005.0,gmc,envoy,good,6 cylinders,gas,104865.0,clean,automatic,4wd,full-size,SUV,grey,mn
4999,2011.0,mitsubishi,lancer,,,gas,119717.0,clean,automatic,fwd,compact,sedan,black,tx
8800,2012.0,kia,sportage,excellent,4 cylinders,gas,121000.0,clean,automatic,fwd,full-size,SUV,blue,md
8499,2011.0,subaru,tribeca,,6 cylinders,gas,176710.0,clean,automatic,4wd,mid-size,SUV,grey,co
8900,2012.0,honda,civic lx sedan 5-speed,excellent,4 cylinders,gas,121284.0,,automatic,,,sedan,,ca
36700,2019.0,chevrolet,colorado,,6 cylinders,gas,34571.0,clean,automatic,4wd,,truck,white,ak
5900,2011.0,nissan,altima,,,gas,150000.0,clean,automatic,,,,,tx
5900,2009.0,dodge,grand caravan,excellent,6 cylinders,gas,130221.0,clean,automatic,fwd,full-size,mini-van,white,ca
18950,2007.0,porsche,boxster,excellent,6 cylinders,gas,112799.0,clean,other,,,convertible,,ca
22590,2016.0,volvo,s60 t5 cross country,good,,gas,42755.0,clean,other,,,sedan,,nc
8900,2010.0,,2010 MURANO SL,excellent,,gas,57200.0,clean,automatic,4wd,,,silver,ct
8995,2012.0,kia,optima,,,gas,135471.0,clean,automatic,,,sedan,blue,pa
2300,2004.0,honda,civic,,,gas,190000.0,clean,automatic,,,,,ca
14200,2010.0,bmw,x5,excellent,8 cylinders,gas,72000.0,clean,automatic,4wd,,SUV,black,il
20590,2013.0,audi,allroad prestige wagon 4d,good,,gas,75573.0,clean,automatic,,,wagon,silver,fl
58995,2017.0,gmc,sierra 2500hd,,8 cylinders,diesel,99470.0,clean,automatic,4wd,,,black,mt
27990,2018.0,acura,rdx technology pkg sport,good,6 cylinders,gas,30791.0,clean,other,,,other,,mi
2700,2004.0,honda,accord,excellent,4 cylinders,gas,147000.0,clean,automatic,,mid-size,sedan,green,fl
15500,2016.0,toyota,camry,excellent,,gas,51167.0,clean,automatic,fwd,,sedan,grey,wi
16943,2013.0,infiniti,g37,,,gas,48889.0,clean,automatic,4wd,,sedan,black,oh
900,2003.0,honda,cr-v,,,gas,212000.0,clean,automatic,,,,black,oh
4499,2003.0,jeep,liberty limited,excellent,6 cylinders,gas,169000.0,clean,automatic,rwd,mid-size,SUV,white,fl
4000,2007.0,toyota,rav4,,,gas,182000.0,clean,automatic,,,,,co
26995,2019.0,ford,transit,good,6 cylinders,gas,30703.0,clean,automatic,rwd,full-size,van,white,az
3950,2008.0,chevrolet,cobalt lt,excellent,4 cylinders,gas,109877.0,clean,automatic,fwd,full-size,coupe,silver,oh
15995,2013.0,jeep,grand cherokee,,,gas,92616.0,clean,automatic,,,,,ny
6699,2012.0,kia,optima sx,,4 cylinders,gas,131052.0,clean,automatic,,,,,ga
38500,2018.0,chevrolet,silverado 1500 4wd,excellent,,gas,70928.0,clean,automatic,4wd,,,silver,ca
5900,2005.0,honda,civic,,,gas,59000.0,clean,automatic,,,,,tx
14950,2017.0,nissan,altima,good,4 cylinders,gas,94815.0,clean,automatic,fwd,,sedan,grey,fl
4500,2003.0,jeep,liberty,,6 cylinders,gas,102561.0,clean,automatic,4wd,,SUV,green,nj
28186,2015.0,chevrolet,silverado high country,,,gas,108113.0,clean,automatic,,,,,fl
29100,2017.0,chevrolet,colorado,,6 cylinders,gas,43152.0,clean,other,4wd,,truck,black,ak
35885,2013.0,ford,f250,,,diesel,186605.0,clean,automatic,,,,,tx
9988,2008.0,ford,f250 super duty regular cab,,8 cylinders,gas,133572.0,clean,automatic,,,pickup,white,az
3000,2002.0,,PT Cruiser,excellent,4 cylinders,gas,149590.0,clean,manual,fwd,full-size,coupe,red,ri
26590,2019.0,chevrolet,camaro ls coupe 2d,good,,gas,2301.0,clean,other,rwd,,coupe,red,il
39780,2017.0,toyota,tundra crewmax sr5,,8 cylinders,gas,53541.0,clean,automatic,4wd,,pickup,black,wi
13494,2015.0,ford,explorer,excellent,6 cylinders,gas,157500.0,clean,automatic,4wd,,wagon,white,ks
15500,2019.0,nissan,sentra,excellent,,gas,29700.0,clean,automatic,fwd,,sedan,black,tn
500,2017.0,honda,civic,,4 cylinders,other,13804.0,clean,automatic,fwd,,sedan,white,mi
10990,2013.0,subaru,legacy 2.5i 4dr sedan 6,,,gas,93573.0,clean,manual,4wd,,sedan,,wa
17795,2013.0,ram,1500,excellent,8 cylinders,gas,152000.0,clean,automatic,4wd,full-size,truck,red,mo
11500,1986.0,,Oldsmobile 442,,,gas,137000.0,clean,automatic,,,,,az
4495,2010.0,chevrolet,traverse,good,6 cylinders,gas,197000.0,clean,automatic,,mid-size,,red,ia
19900,2011.0,jeep,wrangler,good,6 cylinders,gas,132000.0,clean,automatic,4wd,sub-compact,truck,black,az
17500,2016.0,subaru,wrx,good,4 cylinders,gas,112000.0,clean,manual,4wd,mid-size,sedan,black,pa
13995,2005.0,toyota,tundra,excellent,8 cylinders,gas,184744.0,clean,automatic,rwd,full-size,pickup,white,tx
6000,2007.0,lexus,is250 awd,excellent,4 cylinders,gas,148000.0,clean,automatic,,,,red,dc
5900,2008.0,mini,cooper s clubman,,4 cylinders,gas,127191.0,clean,automatic,rwd,,coupe,grey,dc
24629,2020.0,subaru,legacy,new,,gas,5.0,clean,automatic,,,sedan,silver,vt
9000,1989.0,chevrolet,silverado 1500,,8 cylinders,gas,123456.0,clean,automatic,rwd,,truck,orange,fl
8000,2004.0,ram,3500,good,6 cylinders,diesel,300000.0,clean,manual,4wd,full-size,truck,silver,ny
11395,2019.0,nissan,versa sedan sv cvt,,,,33771.0,clean,automatic,fwd,,sedan,black,nj
9500,2012.0,cadillac,srx,good,6 cylinders,gas,130468.0,clean,automatic,fwd,mid-size,SUV,silver,tx
600,2006.0,honda,accord 2-door coupe,fair,4 cylinders,gas,300000.0,clean,manual,fwd,,coupe,,pa
6950,2010.0,infiniti,qx56,,,gas,186331.0,clean,automatic,,,,,ny
44995,2019.0,ford,super duty f-250,,8 cylinders,diesel,99178.0,clean,automatic,4wd,,truck,white,pa
17200,2016.0,honda,accord,excellent,4 cylinders,gas,62600.0,clean,automatic,fwd,compact,sedan,black,wa
63995,1955.0,cadillac,series 62,good,8 cylinders,gas,78000.0,clean,automatic,rwd,full-size,convertible,red,ga
24990,2018.0,volkswagen,golf alltrack tsi s,good,,other,19099.0,clean,other,,,wagon,red,or
11500,1995.0,chevrolet,silverado,,,gas,170000.0,clean,automatic,,,,,ia
23500,2014.0,ford,f-150 stx,excellent,6 cylinders,gas,63600.0,clean,automatic,rwd,,,grey,tx
14996,2017.0,kia,optima,,,gas,63870.0,clean,automatic,,full-size,sedan,white,fl
3500,2005.0,audi,a4 quattro,excellent,6 cylinders,gas,156018.0,clean,manual,4wd,mid-size,sedan,silver,nj
31990,2020.0,toyota,tacoma access cab sr,good,,gas,9261.0,clean,other,4wd,,pickup,silver,ca
17940,2015.0,chevrolet,camaro,,6 cylinders,gas,38787.0,clean,automatic,rwd,compact,coupe,white,al
28399,2017.0,infiniti,qx60,,6 cylinders,gas,57083.0,clean,automatic,4wd,,SUV,,or
9288,2007.0,toyota,4runner,good,6 cylinders,gas,180940.0,clean,automatic,4wd,mid-size,SUV,silver,nm
26000,1966.0,chevrolet,ii,excellent,8 cylinders,gas,14418.0,clean,manual,rwd,mid-size,coupe,black,wi
2950,2003.0,nissan,sentra,,,gas,83000.0,clean,automatic,,,,,ny
3000,2001.0,bmw,325ci,fair,6 cylinders,gas,170000.0,clean,manual,rwd,mid-size,coupe,black,ca
4995,2007.0,,mercedez benz e-class,good,6 cylinders,gas,112500.0,clean,automatic,4wd,full-size,sedan,custom,ca
9881,2007.0,chevrolet,tahoe,excellent,8 cylinders,gas,165484.0,salvage,automatic,rwd,,,,nc
37590,2019.0,,Genesis G70 3.3T Advanced Sedan,good,6 cylinders,gas,12491.0,clean,other,rwd,,sedan,red,nc
24995,1997.0,gmc,sierra 1500,,8 cylinders,gas,68000.0,clean,automatic,4wd,,truck,red,nv
14911,2018.0,chevrolet,cruze,,4 cylinders,gas,11186.0,clean,automatic,fwd,compact,sedan,grey,ny
29990,2006.0,,Freightliner M Line Walk-in Van,good,4 cylinders,diesel,100509.0,clean,automatic,rwd,full-size,truck,white,va
17990,2020.0,mitsubishi,outlander sport es,good,,other,16631.0,clean,other,,,hatchback,,va
1,1999.0,,"1999 ply,prowler",good,8 cylinders,gas,1000.0,salvage,automatic,rwd,compact,convertible,black,al
7995,2013.0,chevrolet,spark,,4 cylinders,gas,56952.0,clean,automatic,fwd,sub-compact,hatchback,red,tn
18590,2018.0,chevrolet,volt lt sedan 4d,good,,gas,30842.0,clean,other,fwd,,sedan,red,ca
6999,2005.0,jeep,grand cherokee laredo 4x4,good,6 cylinders,gas,118000.0,clean,automatic,4wd,full-size,SUV,green,ca
34526,2018.0,cadillac,cts,,6 cylinders,gas,11367.0,clean,automatic,rwd,,sedan,black,hi
9800,2000.0,gmc,sierra,,,gas,170000.0,clean,automatic,,,,,fl
6799,2006.0,toyota,corolla xrs,excellent,4 cylinders,gas,160768.0,clean,manual,fwd,compact,sedan,grey,or
935,2021.0,cadillac,xt5 premium luxury,excellent,6 cylinders,gas,0.0,,automatic,,,SUV,,mi
28590,2017.0,chevrolet,silverado 1500 regular,good,6 cylinders,gas,102.0,clean,other,,,pickup,red,tx
3650,2008.0,kia,rio,,4 cylinders,gas,115124.0,clean,automatic,fwd,,sedan,silver,al
4000,2005.0,nissan,titan crew cab,fair,,gas,219122.0,clean,automatic,rwd,,pickup,black,id
28988,2017.0,chevrolet,silverado 1500 2wd,good,6 cylinders,other,61600.0,clean,automatic,rwd,,pickup,white,ca
9300,2012.0,buick,enclave,,,gas,152000.0,clean,automatic,,,,,il
21995,2015.0,dodge,challenger r/t 2dr coupe,excellent,8 cylinders,gas,67367.0,,manual,,,coupe,,oh
6300,2006.0,cadillac,dts,excellent,8 cylinders,gas,97000.0,clean,automatic,fwd,full-size,sedan,silver,il
22900,2011.0,porsche,boxster,,6 cylinders,gas,97781.0,clean,automatic,rwd,,convertible,blue,pa
12000,2013.0,toyota,highlander,good,4 cylinders,gas,68000.0,salvage,automatic,fwd,,,,ca
28900,2017.0,ford,f-150 only 84k miles,excellent,6 cylinders,gas,84315.0,,automatic,,,truck,,ca
14999,2017.0,dodge,journey,excellent,4 cylinders,gas,75524.0,clean,automatic,fwd,mid-size,SUV,grey,ia
16990,2011.0,gmc,sierra 1500 regular cab work,good,6 cylinders,gas,39219.0,clean,other,,,pickup,black,ny
7400,2012.0,chevrolet,cruze ltz,excellent,4 cylinders,gas,121000.0,clean,automatic,,,,white,pa
18000,2014.0,,2014,excellent,,gas,61750.0,clean,automatic,,,mini-van,white,nj
9000,2001.0,chevrolet,silverado 1500,excellent,6 cylinders,gas,116795.0,clean,automatic,4wd,full-size,truck,black,pa
628,2018.0,ford,f-150,,6 cylinders,diesel,33391.0,clean,automatic,4wd,,truck,,or
5959,2007.0,toyota,corolla le,excellent,,gas,144254.0,clean,automatic,,,,,ok
44850,2018.0,bmw,6 series,good,6 cylinders,gas,15623.0,clean,automatic,,,hatchback,,wa
25990,2011.0,ford,econoline commercial cutaway,good,8 cylinders,gas,105371.0,clean,automatic,rwd,,,blue,de
11990,2011.0,mini,cooper countryman,like new,4 cylinders,gas,84438.0,clean,automatic,4wd,compact,,black,ct
2880,1999.0,mitsubishi,galant es,good,4 cylinders,gas,170373.0,clean,automatic,,,sedan,black,fl
4500,2005.0,,Volvo. All makes,like new,6 cylinders,gas,1.0,clean,automatic,fwd,,sedan,,ri
5999,2000.0,bmw,5 series 528i,good,6 cylinders,gas,109657.0,clean,automatic,rwd,mid-size,sedan,silver,or
12000,2013.0,,Mazda3,,,gas,86000.0,clean,automatic,,,,,fl
17500,2002.0,mercedes-benz,500sl,new,8 cylinders,gas,68000.0,clean,automatic,4wd,mid-size,convertible,black,nj
15235,2008.0,cadillac,escalade,excellent,,gas,109844.0,clean,automatic,4wd,,SUV,,wi
35590,2019.0,gmc,sierra 1500 double cab,good,6 cylinders,gas,8218.0,clean,other,,,pickup,white,ny
3400,2009.0,pontiac,vibe,,,gas,204000.0,clean,automatic,,,,,wi
22500,2011.0,chevrolet,silverado 2500hd lt,good,8 cylinders,gas,95838.0,clean,automatic,4wd,full-size,pickup,black,mi
76995,2019.0,rover,sport,,,gas,16824.0,clean,automatic,4wd,,SUV,black,ca
17995,2008.0,ford,f450 super duty,,,gas,233198.0,clean,automatic,,,,,mi
32500,2018.0,chevrolet,colorado,like new,6 cylinders,gas,12000.0,clean,automatic,4wd,,truck,white,tn
6500,2008.0,,saab 9-3,excellent,4 cylinders,gas,70760.0,clean,manual,fwd,mid-size,sedan,black,pa
39590,2019.0,ford,ranger,,,gas,14146.0,clean,automatic,4wd,,pickup,black,tx
6965,2009.0,toyota,corolla s,good,,gas,116585.0,clean,automatic,,,,blue,tx
3000,2011.0,bmw,5 series,excellent,,gas,108000.0,clean,automatic,rwd,,sedan,black,ca
3995,2007.0,ford,focus,excellent,,gas,112800.0,clean,automatic,fwd,,sedan,silver,mi
25800,2016.0,dodge,charger r/t,,8 cylinders,gas,52277.0,clean,automatic,rwd,,sedan,,ca
29500,2015.0,,ISUZU NPR 2015,good,,other,87000.0,clean,automatic,,,truck,white,ca
3995,2007.0,mazda,cx-7,excellent,4 cylinders,gas,149443.0,clean,automatic,fwd,,SUV,black,fl
5990,2013.0,fiat,500,,,gas,89357.0,clean,manual,fwd,,hatchback,,az
29995,2018.0,dodge,challenger,,6 cylinders,gas,8947.0,clean,automatic,rwd,,other,custom,id
9900,2015.0,chrysler,200,excellent,4 cylinders,gas,0.0,clean,automatic,fwd,,sedan,grey,ca
30590,2019.0,alfa-romeo,romeo giulia sedan 4d,good,,gas,18067.0,clean,other,,,sedan,,pa
2200,2003.0,chevrolet,suburban,good,,gas,246000.0,salvage,automatic,,,,,nc
7650,2007.0,honda,crv ex,new,4 cylinders,gas,169000.0,clean,automatic,4wd,full-size,SUV,blue,ri
35000,2015.0,,freightliner m2,fair,5 cylinders,diesel,298704.0,clean,automatic,rwd,full-size,truck,white,nj
28900,2017.0,ford,f450 box truck,good,10 cylinders,gas,182529.0,clean,automatic,rwd,full-size,truck,white,nc
45590,2018.0,mercedes-benz,mercedes-amg cla,good,,gas,5277.0,clean,automatic,,,coupe,white,mo
20995,2009.0,toyota,tacoma prerunner v6,excellent,6 cylinders,gas,143661.0,clean,automatic,rwd,mid-size,truck,silver,ca
24990,2018.0,chrysler,300 limited sedan 4d,good,6 cylinders,gas,15608.0,clean,other,rwd,,sedan,,nc
30590,2019.0,,Genesis G70 2.0T Advanced Sedan,good,,other,26367.0,clean,other,,,sedan,white,ma
44995,2019.0,ford,edge st,like new,6 cylinders,gas,4167.0,clean,automatic,4wd,full-size,SUV,yellow,wi
21590,2017.0,buick,regal premium ii sedan 4d,good,,gas,14934.0,clean,other,fwd,,sedan,white,tx
12900,2010.0,honda,pilot ex-l 4x4,,,gas,128554.0,clean,automatic,4wd,,,,wy
26990,2019.0,volkswagen,jetta gli 35th,good,,gas,13663.0,clean,other,fwd,,sedan,,mi
21590,2019.0,volkswagen,jetta 1.4t sel,good,,gas,7898.0,clean,other,fwd,,sedan,blue,oh
18000,2000.0,bmw,m5,good,8 cylinders,gas,191000.0,clean,manual,rwd,full-size,sedan,black,ca
700,1996.0,buick,lesabre,fair,6 cylinders,gas,170100.0,clean,automatic,fwd,full-size,sedan,black,oh
29990,2018.0,nissan,murano platinum sport,good,6 cylinders,gas,19943.0,clean,other,fwd,,SUV,,co
229,2019.0,toyota,corolla le,,4 cylinders,gas,34427.0,clean,automatic,fwd,,sedan,,or
20590,2018.0,chrysler,300 limited sedan 4d,good,6 cylinders,gas,71021.0,clean,other,rwd,,sedan,black,fl
16995,2014.0,bmw,328i,,,gas,64103.0,clean,automatic,,compact,sedan,,me
18990,2017.0,jeep,renegade sport 4x4,excellent,4 cylinders,gas,43650.0,clean,automatic,4wd,compact,SUV,black,mt
6924,2011.0,hyundai,sonata,,4 cylinders,gas,125655.0,clean,automatic,fwd,,sedan,silver,oh
10000,1950.0,gmc,,,6 cylinders,gas,20000.0,clean,manual,rwd,,pickup,,nc
18000,1985.0,chevrolet,c10,excellent,8 cylinders,gas,99000.0,clean,automatic,rwd,full-size,pickup,red,il
57700,2018.0,gmc,sierra,,,diesel,75584.0,clean,automatic,4wd,,pickup,white,ca
7990,2005.0,lexus,rx 330,excellent,6 cylinders,gas,191000.0,clean,automatic,fwd,,SUV,,nc
10995,2011.0,dodge,grand caravan 4dr wgn express,,6 cylinders,,77471.0,clean,automatic,fwd,,mini-van,custom,co
18000,1973.0,chevrolet,corvette,,,gas,47000.0,clean,manual,,,,,nc
28990,2012.0,bmw,m3 convertible 2d,good,8 cylinders,gas,70703.0,clean,other,rwd,,convertible,silver,fl
13997,2004.0,mercedes-benz,sl-class,,,gas,152788.0,clean,automatic,,,convertible,black,ca
7995,2010.0,subaru,impreza 2.5i awd,excellent,4 cylinders,gas,156293.0,clean,automatic,,compact,sedan,blue,ca
36990,2019.0,,Genesis G70 3.3T Design Edition,good,,other,28003.0,clean,other,rwd,,sedan,green,fl
8000,2004.0,,Workhorse p42,like new,4 cylinders,diesel,227000.0,clean,automatic,rwd,,,,ny
38990,2015.0,chevrolet,ss sedan 4d,good,8 cylinders,gas,48774.0,clean,other,rwd,,sedan,red,nh
35990,2018.0,mercedes-benz,gle 350 4matic,good,,other,49638.0,clean,other,,,other,silver,pa
7500,2006.0,cadillac,escalade,,,gas,174000.0,clean,automatic,,,,,ms
1500,2000.0,,saab 9-5,good,4 cylinders,gas,176000.0,clean,manual,fwd,mid-size,sedan,white,ia
7999,2017.0,volkswagen,passat,,,other,56064.0,salvage,automatic,fwd,,sedan,,oh
1800,2013.0,chrysler,200,,,gas,107728.0,clean,automatic,,,,,tx
13500,2016.0,ford,fusion se,,,gas,88793.0,clean,automatic,,,,,ca
5995,2011.0,toyota,prius,,,gas,206996.0,clean,automatic,fwd,,sedan,silver,pa
37988,2017.0,mercedes-benz,gls gls 450,excellent,6 cylinders,gas,62501.0,,automatic,4wd,,SUV,,ca
27590,2011.0,mercedes-benz,cl-class cl 550,good,8 cylinders,gas,61445.0,clean,automatic,,,coupe,silver,ca
41950,2020.0,acura,rdx,excellent,4 cylinders,gas,10022.0,clean,automatic,,,other,grey,ct
5250,2006.0,toyota,camry xle sedan 4d,excellent,4 cylinders,gas,160000.0,clean,automatic,fwd,full-size,sedan,white,ca
24750,2017.0,ford,explorer,,4 cylinders,gas,52256.0,clean,automatic,fwd,full-size,SUV,blue,il
7480,2006.0,toyota,highlander hybrid limited,excellent,6 cylinders,gas,173480.0,clean,automatic,fwd,mid-size,SUV,silver,nc
9495,2012.0,gmc,terrain sle-1,,4 cylinders,other,147620.0,clean,automatic,4wd,,SUV,custom,or
42991,2016.0,chevrolet,silverado 1500,,,gas,61025.0,clean,automatic,4wd,,,white,or
11299,2007.0,gmc,sierra,good,8 cylinders,gas,160363.0,clean,automatic,4wd,full-size,truck,black,wi
40990,2019.0,chevrolet,camaro ss coupe 2d,good,8 cylinders,gas,14139.0,clean,other,rwd,,coupe,black,fl
15900,2017.0,ford,edge se,,,gas,80000.0,clean,automatic,,,,,nm
24590,2018.0,alfa-romeo,romeo giulia sedan 4d,good,,gas,19197.0,clean,other,rwd,,sedan,,ca
36990,2020.0,bmw,5 series 530i sedan 4d,good,,gas,35938.0,clean,other,rwd,,sedan,white,nc
2995,2004.0,toyota,martrix,excellent,4 cylinders,gas,160000.0,clean,automatic,fwd,full-size,hatchback,black,fl
9000,2011.0,gmc,acadia denali,excellent,6 cylinders,gas,140000.0,clean,automatic,4wd,mid-size,SUV,white,mi
22995,2015.0,chevrolet,silverado lt,,,gas,156036.0,clean,automatic,,,,,nc
2950,2002.0,honda,civic lx,good,4 cylinders,gas,167501.0,clean,automatic,fwd,mid-size,sedan,brown,fl
40500,2016.0,gmc,sierra 1500 crew denali,,8 cylinders,gas,60000.0,clean,automatic,4wd,,truck,white,me
35590,2013.0,chevrolet,corvette coupe 2d,good,,other,24471.0,clean,other,rwd,,coupe,yellow,ca
1900,2006.0,toyota,corolla,fair,4 cylinders,gas,290000.0,clean,automatic,fwd,compact,sedan,silver,wi
34999,2015.0,ford,f-250,excellent,8 cylinders,diesel,110671.0,clean,automatic,4wd,full-size,pickup,white,oh
5900,1985.0,chevrolet,camaro,good,8 cylinders,gas,119000.0,clean,automatic,rwd,mid-size,coupe,red,vt
27990,2016.0,bmw,3 series 340i sedan 4d,good,,gas,46057.0,clean,other,rwd,,sedan,blue,wi
32950,2015.0,,Freightliner Cascadia Daycab,,,diesel,602000.0,clean,manual,,,,,il
37990,2019.0,ford,mustang gt coupe 2d,good,8 cylinders,gas,337.0,clean,other,rwd,,coupe,black,tx
11900,1994.0,chevrolet,corvette,like new,,gas,91000.0,clean,manual,,,,red,ne
14950,2013.0,bmw,328i,like new,4 cylinders,gas,75000.0,clean,manual,rwd,,,,nm
30990,2016.0,chevrolet,colorado crew cab z71,good,,other,34940.0,clean,other,4wd,,pickup,blue,ks
2791,1998.0,buick,century custom,excellent,6 cylinders,gas,124000.0,,automatic,,,sedan,,mi
32998,2018.0,kia,stinger premium,,4 cylinders,gas,22716.0,clean,automatic,rwd,,sedan,,mt
2400,2006.0,ford,taurus sesedan,excellent,6 cylinders,gas,184660.0,,automatic,,,sedan,,pa
39990,2018.0,audi,s5 premium plus sedan 4d,good,,other,44054.0,clean,other,,,sedan,black,ks
29900,2018.0,chevrolet,suburban,like new,8 cylinders,gas,68000.0,rebuilt,automatic,rwd,,SUV,,fl
4500,2006.0,volkswagen,beetles,good,,diesel,123000.0,clean,automatic,,compact,coupe,silver,mi
21500,1971.0,,Chevelle,,,gas,12345.0,clean,automatic,,,,,ky
11300,2011.0,acura,mdx sh-awd,good,6 cylinders,gas,179000.0,clean,automatic,,,SUV,grey,tn
7000,1994.0,jeep,cherokee,good,6 cylinders,gas,163763.0,clean,automatic,4wd,,offroad,,az
374,2020.0,chevrolet,equinox premier,,4 cylinders,gas,,clean,automatic,4wd,,SUV,,or
2300,1999.0,saturn,sl1,,,gas,144000.0,salvage,automatic,,,,,nm
8500,2007.0,ford,explorer sport trac limited,,,gas,130000.0,clean,automatic,,,,,il
12499,2016.0,mazda,6,,,gas,125250.0,clean,automatic,,,,,ca
28590,2018.0,jeep,grand cherokee laredo sport,good,6 cylinders,gas,22898.0,clean,other,4wd,,other,black,nc
32995,2016.0,lincoln,navigator,,,other,65368.0,clean,automatic,fwd,,SUV,,fl
14495,2018.0,jeep,cherokee,,4 cylinders,gas,83911.0,clean,automatic,fwd,,SUV,black,fl
10995,2012.0,ford,transit connect cargo van xl,,4 cylinders,other,42334.0,clean,automatic,fwd,,van,white,ca
25590,2018.0,gmc,acadia sle-1 sport utility,good,,gas,24806.0,clean,other,fwd,,SUV,,ar
3495,1999.0,volkswagen,new beetle,,,gas,0.0,clean,manual,fwd,,,yellow,co
2299,2006.0,,SAAB 9-3,like new,4 cylinders,gas,150453.0,clean,automatic,fwd,,sedan,,wi
2499,2007.0,bmw,328xi,good,6 cylinders,gas,205000.0,clean,automatic,4wd,full-size,coupe,black,ia
21990,2013.0,toyota,tacoma access cab,good,,other,77018.0,clean,other,,,pickup,red,ks
43988,2017.0,gmc,sierra 1500 slt,good,8 cylinders,gas,59055.0,clean,automatic,4wd,,pickup,silver,ca
24898,2017.0,ford,f-150,,8 cylinders,gas,122606.0,clean,automatic,rwd,,pickup,white,ga
11900,2011.0,lexus,is 250 awd,excellent,6 cylinders,gas,85000.0,clean,automatic,4wd,mid-size,sedan,silver,fl
4750,2009.0,volkswagen,passat,like new,,gas,86000.0,clean,automatic,,,sedan,white,ks
8999,1995.0,chevrolet,silverado 1500,good,8 cylinders,gas,208000.0,clean,automatic,4wd,,,,sd
14950,2004.0,chevrolet,corvette,excellent,8 cylinders,gas,135000.0,clean,automatic,rwd,mid-size,convertible,yellow,oh
2900,1996.0,mini,van,good,6 cylinders,gas,272500.0,clean,automatic,fwd,full-size,mini-van,green,va
25590,2018.0,chrysler,300 300s sedan 4d,good,,other,35303.0,clean,other,,,sedan,white,ok
1800,2006.0,nissan,altima,,4 cylinders,gas,165000.0,clean,manual,,,,,ca
14997,2010.0,ford,e-350,,8 cylinders,,153120.0,clean,manual,rwd,,van,white,fl
500,2015.0,ford,fusion,like new,4 cylinders,gas,20000.0,clean,automatic,fwd,full-size,sedan,silver,il
7399,2008.0,honda,accord,excellent,,gas,161857.0,clean,automatic,fwd,,sedan,silver,wa
19998,2016.0,mercedes-benz,c-class,,4 cylinders,gas,52776.0,clean,automatic,rwd,compact,sedan,silver,va
13995,2008.0,infiniti,qx56,excellent,,gas,134950.0,clean,automatic,4wd,,SUV,,az
49141,2020.0,jeep,gladiator,,,gas,565.0,clean,automatic,4wd,,pickup,,tx
24998,2017.0,chrysler,pacifica,,6 cylinders,gas,68936.0,clean,other,fwd,,van,grey,or
9495,2011.0,honda,cr-v lx,excellent,4 cylinders,gas,123867.0,clean,automatic,,,SUV,,az
9995,2015.0,ford,explorer 4x4,good,6 cylinders,gas,148000.0,clean,automatic,4wd,full-size,SUV,custom,ma
14800,2004.0,ford,f-150,good,8 cylinders,gas,153000.0,clean,automatic,4wd,,truck,black,nc
40990,2018.0,mercedes-benz,gls 450 4matic,good,6 cylinders,gas,54431.0,clean,automatic,,,SUV,silver,mn
3650,2009.0,saturn,aura,like new,6 cylinders,gas,127658.0,clean,automatic,fwd,full-size,sedan,brown,al
14000,1989.0,toyota,liteace,excellent,4 cylinders,diesel,102000.0,clean,automatic,4wd,compact,van,brown,nm
5800,2009.0,volkswagen,routan,good,6 cylinders,gas,167000.0,clean,automatic,fwd,full-size,mini-van,white,mo
460,2014.0,rover,sport,,6 cylinders,gas,40877.0,clean,automatic,4wd,,SUV,,wa
1650,1989.0,volvo,740,excellent,4 cylinders,gas,170000.0,clean,automatic,rwd,sub-compact,sedan,silver,ca
26995,2013.0,chevrolet,silverado 1500,,8 cylinders,,35840.0,clean,automatic,4wd,,pickup,,ak
8500,2003.0,toyota,tacoma,good,4 cylinders,gas,275.0,clean,automatic,rwd,mid-size,pickup,grey,ca
4900,2009.0,ford,focus,,,gas,84582.0,rebuilt,automatic,,,,,ia
37990,2016.0,chevrolet,camaro ss coupe 2d,good,8 cylinders,gas,9704.0,clean,other,rwd,,coupe,red,nc
30928,2014.0,chevrolet,silverado 1500,,8 cylinders,gas,109480.0,clean,automatic,4wd,full-size,truck,black,nc
3950,2007.0,honda,pilot,,,gas,224500.0,clean,automatic,,,,,ca
32990,2019.0,volkswagen,atlas se 4motion,good,6 cylinders,gas,3896.0,clean,other,,,other,silver,co
3500,2000.0,ford,ranger xlt,good,,gas,108000.0,clean,automatic,rwd,,,red,ma
11900,2015.0,honda,civic,like new,4 cylinders,gas,88477.0,clean,automatic,fwd,compact,sedan,silver,ca
37990,2016.0,toyota,tundra double cab sr,good,8 cylinders,gas,22870.0,clean,other,4wd,,pickup,black,il
17590,2015.0,kia,soul ! wagon 4d,good,,gas,25491.0,clean,other,fwd,,wagon,green,sc
888,2012.0,ram,1500 express,,,gas,100000.0,clean,manual,,,,,oh
55950,2017.0,ford,f-150 raptor,,6 cylinders,gas,85000.0,clean,automatic,4wd,full-size,truck,grey,ny
7300,2010.0,toyota,corolla,like new,4 cylinders,gas,109000.0,clean,automatic,fwd,full-size,sedan,blue,ca
31499,2017.0,gmc,terrain,,6 cylinders,gas,22788.0,clean,automatic,4wd,,SUV,black,hi
3500,1971.0,gmc,,,8 cylinders,gas,45160.0,clean,automatic,rwd,full-size,truck,white,ks
6450,2008.0,gmc,envoy,,6 cylinders,gas,167885.0,clean,automatic,4wd,,SUV,black,oh
5500,2008.0,honda,pilot ex-l,excellent,6 cylinders,gas,197000.0,clean,automatic,4wd,,SUV,black,tx
46995,2014.0,ford,f250 platinum 4x4,,,diesel,125743.0,clean,automatic,,,,,nm
32609,2017.0,bmw,5 series,,,gas,38339.0,clean,automatic,,,,silver,il
1500,1997.0,ford,ranger,fair,4 cylinders,gas,194036.0,clean,manual,rwd,,pickup,white,mt
34995,2017.0,ford,f-150,,6 cylinders,gas,45470.0,clean,automatic,4wd,,truck,,fl
9995,2010.0,ford,f150 super cab,excellent,8 cylinders,gas,106362.0,clean,automatic,4wd,full-size,truck,black,oh
8500,2001.0,chevrolet,astro awd,excellent,6 cylinders,gas,119650.0,clean,automatic,4wd,,van,green,or
26590,2017.0,toyota,avalon hybrid limited,good,,hybrid,28711.0,clean,automatic,fwd,,sedan,silver,nv
16000,2018.0,ford,fusion se 1.5l ecoboost,excellent,4 cylinders,gas,27000.0,clean,automatic,fwd,full-size,sedan,custom,ca
14900,2008.0,chevrolet,colorado,,,gas,130468.0,clean,automatic,4wd,,pickup,,ia
29999,2007.0,chevrolet,silverado,,,diesel,225473.0,clean,automatic,4wd,,pickup,white,wy
24393,2013.0,ford,f-150,good,6 cylinders,gas,99251.0,clean,automatic,4wd,full-size,truck,custom,dc
20895,2013.0,ford,f-150,,8 cylinders,gas,112125.0,clean,automatic,4wd,,,yellow,id
4500,2011.0,mini,cooper s,excellent,4 cylinders,gas,90000.0,rebuilt,automatic,fwd,compact,coupe,blue,tx
14997,2006.0,subaru,baja sport arizona rust free* all service records since new*new timing belt*new brakes&rotors*new tune up*new tires*new struts*smoke free*zero oil leaks*rare find,,4 cylinders,gas,124261.0,clean,automatic,4wd,,pickup,silver,ca
1000,2013.0,toyota,avalon,,6 cylinders,gas,151579.0,clean,automatic,fwd,,,,ma
23805,2018.0,chevrolet,equinox lt,,,gas,8892.0,clean,automatic,,,,,fl
9650,2015.0,hyundai,sonata se,excellent,4 cylinders,gas,94447.0,clean,automatic,fwd,,sedan,red,il
12500,2005.0,ram,1500 crew cab,excellent,8 cylinders,gas,69000.0,clean,automatic,4wd,full-size,pickup,blue,oh
5700,2008.0,mazda,3,excellent,4 cylinders,gas,103000.0,clean,manual,fwd,mid-size,hatchback,silver,ca
2500,1990.0,volvo,740,,,gas,240000.0,clean,automatic,,,wagon,,ca
3995,2007.0,honda,fit,good,,gas,154120.0,clean,manual,fwd,,hatchback,blue,il
1500,2000.0,saturn,,excellent,6 cylinders,gas,143000.0,clean,automatic,4wd,,wagon,red,ca
34590,2020.0,bmw,2 series 228i xdrive gran,good,,gas,4914.0,clean,other,,,coupe,black,ca
6995,2015.0,nissan,versa note,,,gas,110127.0,clean,automatic,fwd,compact,hatchback,,oh
20995,2010.0,ford,f150 fx4,,,gas,91027.0,clean,automatic,,,other,blue,va
15995,2009.0,chevrolet,silverado 3500hd,excellent,8 cylinders,gas,163768.0,clean,automatic,4wd,,,white,ne
26990,2014.0,chevrolet,silverado 1500 crew,good,6 cylinders,gas,63129.0,clean,automatic,,,pickup,black,ny
21000,2018.0,chevrolet,colorado,excellent,4 cylinders,gas,100000.0,clean,automatic,fwd,mid-size,truck,white,ca
99,1987.0,mercedes-benz,500-class,,,gas,56649.0,clean,automatic,rwd,full-size,convertible,silver,nh
950,2003.0,chevrolet,impala,fair,6 cylinders,gas,140000.0,clean,automatic,fwd,full-size,sedan,brown,in
29590,2019.0,volvo,s60 t6 momentum sedan 4d,good,,other,14535.0,clean,other,,,sedan,,az
5988,2010.0,,Suzuki SX4,,4 cylinders,gas,83025.0,clean,manual,fwd,,sedan,grey,ak
4000,2010.0,dodge,caliber sxt,,4 cylinders,gas,145000.0,clean,automatic,,,,silver,il
5950,2005.0,chrysler,pt cruiser convertible,good,4 cylinders,gas,90800.0,clean,automatic,fwd,mid-size,convertible,red,fl
10995,1991.0,jeep,cherokee sport 2 door,,,gas,119000.0,clean,manual,,,,,ca
22990,2018.0,acura,ilx technology plus and,good,,other,17845.0,clean,automatic,fwd,,sedan,,mo
4950,2013.0,kia,forte,excellent,4 cylinders,gas,80628.0,clean,automatic,fwd,mid-size,sedan,silver,ma
3300,2005.0,honda,accord v6,like new,6 cylinders,gas,190114.0,clean,automatic,fwd,mid-size,sedan,grey,ny
15900,2007.0,chevrolet,k3500hd utility,excellent,6 cylinders,diesel,265000.0,clean,automatic,rwd,full-size,truck,white,wa
12500,2008.0,subaru,impreza wrx premium,excellent,,gas,117000.0,clean,manual,4wd,mid-size,sedan,silver,co
37990,2020.0,jeep,grand cherokee limited x,good,6 cylinders,gas,15143.0,clean,other,4wd,,other,black,tx
25999,2016.0,lexus,is 200fsport,like new,4 cylinders,gas,56000.0,clean,automatic,fwd,mid-size,sedan,white,or
28590,2019.0,volkswagen,beetle 2.0t s,good,,gas,29912.0,clean,other,fwd,,convertible,red,az
13999,2018.0,kia,rio 5-door,,4 cylinders,gas,18321.0,clean,automatic,fwd,,sedan,black,ak
7500,2016.0,nissan,altima,,,gas,134000.0,clean,automatic,,,,,nc
36800,2020.0,chevrolet,express 2500,like new,,gas,20500.0,clean,automatic,,,,white,mi
24998,2017.0,chevrolet,traverse,,6 cylinders,gas,81871.0,clean,automatic,4wd,,SUV,,mt
595,2014.0,ford,taurus,excellent,6 cylinders,gas,128268.0,clean,automatic,fwd,,,,mi
7500,2012.0,dodge,grand caravan,excellent,6 cylinders,gas,180000.0,clean,automatic,fwd,full-size,mini-van,white,il
3200,2001.0,volvo,xc70 awd,good,5 cylinders,gas,180000.0,clean,automatic,4wd,full-size,wagon,blue,id
13888,2016.0,chevrolet,equinox lt awd,,,,100627.0,,automatic,4wd,,SUV,,wa
25199,2016.0,bmw,x5,,,gas,73000.0,clean,automatic,,,,black,mn
4950,2008.0,honda,accord,fair,4 cylinders,gas,121500.0,clean,automatic,fwd,,sedan,black,tx
2500,2003.0,acura,mdx,,6 cylinders,gas,222645.0,clean,other,,,SUV,blue,md
1800,1993.0,jeep,grand cherokee,fair,8 cylinders,gas,202000.0,clean,automatic,4wd,full-size,SUV,green,mt
912,2020.0,ram,2500 laramie cummins,excellent,6 cylinders,diesel,12751.0,,automatic,4wd,,truck,,wa
2600,2006.0,nissan,altima,good,4 cylinders,gas,150000.0,rebuilt,automatic,fwd,mid-size,sedan,blue,fl
16995,2014.0,ford,f-150,excellent,6 cylinders,gas,137278.0,clean,automatic,4wd,,truck,,ia
3995,2007.0,saturn,aura,,,gas,112473.0,clean,automatic,,,,,mi
8441,2012.0,volkswagen,cc,,,gas,113570.0,clean,automatic,,compact,sedan,silver,wa
16495,2010.0,ford,ranger,,,gas,75062.0,clean,automatic,fwd,,pickup,red,ky
24990,2017.0,lexus,es 350 sedan 4d,good,6 cylinders,gas,40338.0,clean,automatic,fwd,,sedan,,nc
60950,2017.0,cadillac,escalade,,,gas,57341.0,clean,automatic,4wd,,SUV,black,co
33995,2018.0,chevrolet,silverado 1500,,,gas,26982.0,clean,automatic,4wd,,,red,wi
18990,2020.0,chevrolet,spark activ hatchback,good,,gas,6395.0,clean,other,fwd,,hatchback,black,ri
10997,2005.0,lexus,ls 430,excellent,8 cylinders,gas,147860.0,clean,automatic,rwd,,sedan,,nv
15590,2016.0,,Scion iM Hatchback 4D,good,,other,41036.0,clean,other,,,hatchback,blue,ca
225,2012.0,mercedes-benz,c 300 4matic keyl,,6 cylinders,gas,55768.0,clean,automatic,,,sedan,,or
35775,2015.0,chevrolet,silverado 1500,excellent,,gas,47322.0,clean,automatic,4wd,,sedan,white,id
33900,2015.0,jeep,wrangler unlimited,excellent,,gas,38481.0,clean,automatic,4wd,,SUV,,ny
29971,2018.0,toyota,rav4,,4 cylinders,gas,17184.0,clean,automatic,4wd,,SUV,white,id
30995,2017.0,gmc,yukon slt,excellent,8 cylinders,gas,129754.0,clean,automatic,4wd,full-size,SUV,black,mi
20999,2017.0,nissan,rogue,excellent,,gas,34014.0,clean,automatic,,,SUV,,ma
54654,2019.0,toyota,lifted tundra platinum,,,gas,26067.0,clean,automatic,4wd,,truck,white,mt
7995,2011.0,nissan,sentra,,,gas,111088.0,clean,automatic,fwd,,sedan,,or
25800,2007.0,bmw,m6 6-series,excellent,10 cylinders,gas,50700.0,clean,automatic,rwd,mid-size,coupe,blue,fl
4975,2006.0,honda,civic,good,4 cylinders,gas,197222.0,clean,automatic,fwd,mid-size,sedan,black,mo
36990,2020.0,mercedes-benz,glc 300 sport,good,,gas,15110.0,clean,other,rwd,,other,,ca
43500,2021.0,ford,f250 super duty,new,8 cylinders,gas,450.0,clean,automatic,4wd,full-size,pickup,grey,il
5295,2004.0,dodge,durango,,,gas,111487.0,clean,automatic,4wd,,,,mn
3900,2004.0,chevrolet,trailblazer,good,6 cylinders,gas,111369.0,clean,automatic,rwd,,SUV,silver,ok
5500,2006.0,cadillac,dts,excellent,8 cylinders,gas,93354.0,clean,automatic,fwd,full-size,sedan,red,mi
6599,2008.0,jeep,liberty sport,excellent,6 cylinders,gas,113034.0,clean,automatic,rwd,,SUV,blue,nv
37590,2019.0,acura,mdx advance pkg sport,good,,other,30356.0,clean,other,,,other,silver,tx
37700,2020.0,chevrolet,silverado,like new,8 cylinders,gas,13838.0,clean,automatic,4wd,full-size,truck,blue,va
12977,2013.0,ford,econoline e150 cargo van,good,8 cylinders,gas,152109.0,clean,automatic,rwd,full-size,van,white,fl
5000,2012.0,ford,ranger,good,4 cylinders,gas,218000.0,clean,manual,,,truck,grey,ga
32999,2019.0,hyundai,kona ev,,,electric,4632.0,clean,automatic,fwd,,SUV,grey,or
33900,2020.0,ram,1500 classic,good,8 cylinders,gas,4658.0,clean,automatic,4wd,full-size,truck,black,ia
5000,2006.0,jeep,liberty sport 4x4,excellent,6 cylinders,gas,104000.0,clean,automatic,4wd,mid-size,SUV,green,ma
27590,2018.0,bmw,3 series 330i xdrive sedan,good,,other,20845.0,clean,other,,,sedan,blue,oh
15000,1979.0,jeep,cj7,excellent,6 cylinders,gas,14000.0,clean,manual,4wd,full-size,SUV,green,il
2000,2004.0,ford,explorer,fair,6 cylinders,gas,1234.0,clean,automatic,4wd,,,,mi
10700,2008.0,nissan,titan,excellent,8 cylinders,gas,140160.0,clean,automatic,rwd,,pickup,grey,tx
6400,2008.0,subaru,outback,good,4 cylinders,gas,164116.0,clean,manual,4wd,mid-size,wagon,blue,ca
8375,2013.0,dodge,dart limited/gt,excellent,4 cylinders,gas,118425.0,,other,,,sedan,,oh
25995,2017.0,cadillac,xt5,,,gas,58180.0,clean,automatic,,,,silver,tx
9985,2011.0,chrysler,town & country touring,like new,6 cylinders,gas,110624.0,clean,automatic,fwd,full-size,mini-van,silver,nj
1500,2002.0,honda,civic,fair,4 cylinders,gas,285360.0,clean,manual,fwd,compact,coupe,custom,ca
33999,2018.0,dodge,durango gt awd gas suv,,,gas,51543.0,clean,automatic,4wd,,SUV,grey,wa
10800,2006.0,mazda,miata,excellent,4 cylinders,gas,101822.0,clean,manual,rwd,,,,wa
5500,2005.0,toyota,prius hybrid 5,excellent,4 cylinders,hybrid,217744.0,clean,automatic,fwd,,hatchback,silver,fl
31995,2017.0,ford,f250 crew cab 4x4,new,8 cylinders,gas,125601.0,clean,automatic,4wd,full-size,truck,white,tx
13991,2010.0,ford,expedition,excellent,8 cylinders,gas,109000.0,clean,automatic,4wd,full-size,SUV,black,fl
10750,2010.0,mazda,mazdaspeed3,good,4 cylinders,gas,92000.0,clean,manual,fwd,mid-size,hatchback,grey,dc
33000,2002.0,,F350 SPDTY,like new,8 cylinders,diesel,115713.0,clean,automatic,4wd,full-size,pickup,black,ny
15713,2015.0,subaru,outback 2.5i,good,,other,123249.0,clean,automatic,,,SUV,black,oh
3995,2010.0,ford,focus,good,4 cylinders,gas,113960.0,clean,automatic,fwd,,sedan,black,mi
38995,2014.0,chevrolet,silverado 1500,excellent,8 cylinders,gas,39971.0,clean,automatic,4wd,,,,mt
21995,2013.0,chevrolet,silverado 1500 ltz,good,8 cylinders,gas,147683.0,clean,automatic,4wd,full-size,truck,grey,ca
8900,2015.0,subaru,legacy premium 2.5i awd,excellent,4 cylinders,gas,83035.0,rebuilt,automatic,4wd,full-size,sedan,white,pa
18910,2014.0,ford,expedition,,,gas,131344.0,clean,automatic,4wd,,,,ar
4490,2006.0,hyundai,azera limited,excellent,6 cylinders,gas,157015.0,clean,automatic,fwd,mid-size,sedan,,va
24900,2013.0,ram,1500 big horn,,8 cylinders,gas,84844.0,clean,automatic,4wd,,,,wa
15999,2012.0,mercedes-benz,ml 350,excellent,6 cylinders,gas,109002.0,clean,automatic,,,SUV,silver,or
31990,2020.0,lincoln,mkz sedan 4d,good,,other,622.0,clean,other,,,sedan,,ma
1900,1997.0,ford,explorer,like new,6 cylinders,gas,135000.0,clean,automatic,4wd,mid-size,,white,nh
36590,2018.0,ram,1500 crew cab slt pickup 4d,good,,other,21015.0,clean,other,4wd,,pickup,,il
4995,2008.0,volvo,s80,good,6 cylinders,gas,91008.0,clean,automatic,4wd,,sedan,silver,nj
6000,2004.0,rover,hse,fair,8 cylinders,gas,119800.0,clean,automatic,4wd,full-size,SUV,black,co
32990,2011.0,bmw,z4 sdrive35is roadster 2d,good,,other,45858.0,clean,other,rwd,,other,red,tn
6200,2003.0,gmc,sonoma,,,gas,102253.0,clean,automatic,fwd,,pickup,white,fl
39995,2018.0,chevrolet,silverado 1500,,8 cylinders,gas,24967.0,clean,automatic,rwd,full-size,pickup,custom,tx
23248,2020.0,chevrolet,trax lt,good,,gas,5105.0,clean,automatic,,,other,,az
14700,2014.0,chevrolet,impala lt,excellent,6 cylinders,gas,132627.0,clean,automatic,fwd,full-size,sedan,red,ca
16995,2015.0,jeep,grand cherokee,,6 cylinders,other,142554.0,clean,automatic,,,SUV,black,or
4500,2008.0,toyota,prius standard,excellent,4 cylinders,hybrid,229000.0,clean,automatic,fwd,,,red,ar
8995,2012.0,gmc,terrain,excellent,6 cylinders,gas,150630.0,rebuilt,automatic,4wd,,SUV,,wa
21995,2018.0,chevrolet,equinox,,,gas,32904.0,clean,automatic,fwd,,,,mi
15995,2018.0,volkswagen,passat,,,gas,17527.0,clean,automatic,,,,,nj
2695,2007.0,volkswagen,rabbit,,,gas,169499.0,clean,manual,,compact,hatchback,silver,nj
21990,2009.0,saturn,sky roadster 2d,good,,gas,11327.0,clean,other,rwd,,other,red,ca
12889,2017.0,hyundai,santa fe,excellent,4 cylinders,gas,131900.0,clean,automatic,4wd,mid-size,SUV,grey,mn
15750,2015.0,toyota,tacoma,,4 cylinders,gas,141225.0,clean,automatic,rwd,,pickup,black,nj
7999,2010.0,ford,edge,excellent,6 cylinders,gas,111460.0,clean,automatic,fwd,,sedan,black,nj
3795,2007.0,ford,focus,,,gas,141000.0,clean,automatic,,,,,md
12750,2014.0,ford,edge,,,gas,115887.0,clean,automatic,fwd,,SUV,,ok
31990,2016.0,chevrolet,express,,,other,69987.0,clean,automatic,,,other,white,vt
9995,2016.0,nissan,altima,excellent,4 cylinders,gas,106260.0,clean,automatic,fwd,mid-size,sedan,white,or
32500,1995.0,,PIERCE SABER FIRE TRUCK,excellent,6 cylinders,diesel,14240.0,clean,automatic,rwd,full-size,other,red,ny
10900,2013.0,,Scion tC,excellent,4 cylinders,gas,74687.0,clean,automatic,fwd,,coupe,grey,fl
16995,2010.0,ford,mustang,good,,gas,90070.0,clean,automatic,rwd,mid-size,coupe,black,wv
1500,2010.0,mazda,5,,,gas,100000.0,clean,automatic,,,,,fl
36590,2019.0,tesla,model 3 standard range,good,,electric,23057.0,clean,other,rwd,,sedan,white,mi
7490,2007.0,honda,accord ex-l,excellent,6 cylinders,gas,107877.0,clean,automatic,fwd,mid-size,sedan,blue,mi
20400,2011.0,ford,f-150,,6 cylinders,gas,145197.0,clean,automatic,4wd,,truck,blue,co
43990,2020.0,jaguar,e-pace p250 se sport,good,,gas,8157.0,clean,other,,,other,,ks
7900,2015.0,jeep,patriot latitude 4x4,excellent,4 cylinders,gas,179986.0,clean,automatic,4wd,mid-size,SUV,white,ks
8499,2005.0,ram,"1500 4dr quad cab 140.5"" wb slt",,8 cylinders,,192750.0,clean,automatic,rwd,,pickup,red,co
2000,1990.0,volvo,740/gl,good,4 cylinders,gas,209218.0,clean,automatic,fwd,,,white,mt
12500,2016.0,jeep,patriot sport 4x4,good,4 cylinders,gas,53190.0,clean,automatic,4wd,mid-size,SUV,black,in
5900,2005.0,bmw,z4,good,6 cylinders,gas,128000.0,clean,automatic,rwd,sub-compact,convertible,black,ca
21900,2015.0,chevrolet,g4500,excellent,8 cylinders,gas,110938.0,clean,automatic,rwd,,bus,white,il
5500,2006.0,dodge,grand caravan,excellent,,gas,85000.0,clean,automatic,,,van,white,nj
15990,2016.0,,Scion iM Hatchback 4D,good,,gas,29652.0,clean,other,fwd,,hatchback,blue,tn
7550,2017.0,chevrolet,trax turbo,,4 cylinders,gas,27386.0,salvage,automatic,fwd,,SUV,red,ut
15000,2009.0,toyota,tacoma,good,6 cylinders,gas,160000.0,clean,manual,4wd,mid-size,truck,green,ar
16590,2013.0,toyota,venza xle wagon 4d,good,,other,104227.0,clean,other,,,wagon,green,oh
24590,2013.0,gmc,sierra 1500 extended cab slt,good,8 cylinders,other,80318.0,clean,other,,,pickup,,fl
36590,2018.0,ram,1500 crew cab tradesman,good,8 cylinders,gas,1900.0,clean,other,,,pickup,white,tx
14000,1999.0,chevrolet,corvette,excellent,8 cylinders,gas,108000.0,clean,manual,rwd,,,red,mn
6500,2005.0,nissan,titan le,,,gas,227273.0,rebuilt,automatic,,,,,fl
1900,2006.0,gmc,sierra,good,,gas,98000.0,clean,automatic,,,truck,black,ca
32590,2016.0,bmw,4 series 435i xdrive coupe,good,,other,17546.0,clean,other,,,coupe,,ca
7295,2014.0,ford,focus se,excellent,,gas,101651.0,clean,automatic,,,,red,de
13500,2006.0,,FRHT BUSINESS CLASS M-2,new,6 cylinders,diesel,174418.0,clean,manual,rwd,full-size,truck,white,sc
34590,2015.0,gmc,sierra 1500 crew cab sle,good,8 cylinders,gas,35423.0,clean,automatic,4wd,,pickup,,fl
24590,2016.0,chevrolet,colorado extended cab,good,6 cylinders,gas,100851.0,clean,other,4wd,,pickup,red,fl
1,2012.0,buick,enclave,,,gas,5555555.0,clean,automatic,,,,,mi
8100,2009.0,subaru,forester,good,,gas,131000.0,clean,automatic,,,,red,in
15000,2007.0,gmc,yukon denali,,,gas,180000.0,clean,automatic,,,,,ca
19999,2015.0,mercedes-benz,ml 350,good,6 cylinders,gas,70369.0,clean,automatic,,,SUV,,ca
1200,1968.0,,1968 Rolls Royce￼,,8 cylinders,gas,200000.0,parts only,automatic,rwd,full-size,sedan,silver,tx
4000,2004.0,nissan,maxima,good,,gas,150000.0,clean,automatic,,,,,in
15990,2018.0,kia,soul wagon 4d,good,,gas,26506.0,clean,other,fwd,,wagon,silver,az
3100,2000.0,chevrolet,silverado,fair,8 cylinders,gas,198777.0,clean,automatic,rwd,,,,ks
4700,2011.0,mazda,3,,,gas,150000.0,clean,manual,,,,,fl
2250,1972.0,mercury,comet,,,gas,99546.0,clean,automatic,,,,,ca
8495,2008.0,buick,lucerne,,,gas,63900.0,rebuilt,automatic,,,,,mn
4000,2007.0,honda,odyssey,,,gas,150000.0,clean,automatic,,,,,ca
25990,2015.0,lexus,nx 300h sport utility 4d,good,,other,55783.0,clean,other,,,hatchback,white,fl
10500,2010.0,mercedes-benz,ml 350,,6 cylinders,gas,119690.0,clean,automatic,4wd,,SUV,black,nj
6999,2012.0,lincoln,mkz,,6 cylinders,gas,110164.0,clean,automatic,,,sedan,green,oh
21995,2019.0,toyota,camry,like new,4 cylinders,gas,17000.0,clean,automatic,fwd,compact,sedan,silver,mt
14997,2008.0,ford,e-350 econoline,excellent,8 cylinders,gas,100174.0,clean,automatic,rwd,,sedan,white,va
38990,2020.0,toyota,highlander hybrid le,good,,hybrid,6751.0,clean,other,,,other,red,ga
31989,2017.0,toyota,tacoma,like new,6 cylinders,gas,52251.0,clean,automatic,4wd,mid-size,truck,white,wi
48977,2018.0,porsche,macan,excellent,6 cylinders,gas,49259.0,clean,automatic,,,,,wa
33990,2007.0,,Hino 268,good,6 cylinders,diesel,161693.0,clean,automatic,rwd,full-size,truck,red,ny
20995,2011.0,jeep,wrangler,,,gas,112744.0,clean,automatic,4wd,,SUV,orange,fl
2499,1999.0,buick,park avenue,like new,6 cylinders,gas,137057.0,clean,automatic,fwd,,sedan,,wi
26990,2018.0,acura,rdx technology and,good,6 cylinders,gas,30386.0,clean,other,fwd,,other,silver,oh
15995,2011.0,cadillac,escalade premium,,,gas,159260.0,clean,automatic,,,,,il
8300,2006.0,honda,element ex,excellent,4 cylinders,gas,169431.0,,automatic,4wd,,SUV,,co
18995,2016.0,infiniti,q50,,,gas,48076.0,clean,automatic,4wd,,sedan,white,ny
52999,2019.0,ford,f150 lariat fx4 4x4 1/2 ton,,,gas,24406.0,clean,automatic,4wd,,truck,black,wa
3995,2000.0,ford,explorer xlt 4dr xlt,,,gas,129307.0,clean,automatic,4wd,,SUV,,id
22000,2011.0,chevrolet,1500 silverado,excellent,8 cylinders,gas,150000.0,clean,automatic,4wd,,truck,grey,ok
4299,2003.0,lincoln,aviator luxury awd,excellent,8 cylinders,gas,134855.0,clean,automatic,4wd,full-size,SUV,brown,dc
23990,2016.0,chevrolet,silverado 1500 regular,good,6 cylinders,gas,41568.0,clean,other,,,pickup,white,ks
4900,2007.0,honda,accord lx,good,6 cylinders,gas,189392.0,clean,automatic,fwd,mid-size,sedan,blue,nc
21900,2020.0,nissan,rogue s,like new,4 cylinders,gas,10369.0,clean,automatic,fwd,mid-size,SUV,white,tn
30000,2018.0,audi,a4,like new,,gas,42667.0,clean,automatic,,full-size,sedan,red,ca
17995,2007.0,ram,chassis cab,,,diesel,162893.0,clean,automatic,4wd,,other,white,pa
7500,2010.0,chevrolet,equinox ls,excellent,4 cylinders,gas,86000.0,clean,automatic,fwd,,SUV,silver,ks
4495,2009.0,pontiac,vibe,,,gas,156015.0,clean,automatic,,,,,mi
13495,2018.0,toyota,corolla,like new,4 cylinders,gas,47472.0,clean,automatic,fwd,compact,sedan,red,nj
138,2010.0,ford,escape,,6 cylinders,gas,92359.0,clean,automatic,fwd,,SUV,,or
2900,2009.0,hyundai,elantra,good,4 cylinders,gas,173399.0,clean,automatic,fwd,compact,sedan,grey,nj
15000,2004.0,ford,super duty f-250,,8 cylinders,gas,52834.0,clean,automatic,4wd,,truck,red,oh
6900,2012.0,toyota,prius hybrid,good,,gas,91000.0,salvage,automatic,,,,,ca
15495,2010.0,toyota,tacoma,excellent,,gas,174000.0,clean,automatic,4wd,,pickup,black,me
21590,2017.0,infiniti,qx30 luxury sport,good,,gas,39188.0,clean,other,,,hatchback,brown,sc
30990,2018.0,mercedes-benz,metris passenger,good,,gas,7896.0,clean,other,rwd,,van,black,ks
2850,2004.0,jeep,liberty,good,,gas,167000.0,rebuilt,automatic,,,SUV,white,tn
28925,2016.0,bmw,2 series,,,gas,38029.0,clean,automatic,rwd,,convertible,,ks
4900,1999.0,ford,ranger,excellent,,gas,129000.0,clean,automatic,,,,,ma
20195,2012.0,ford,mustang,,8 cylinders,gas,78399.0,clean,manual,rwd,,other,silver,ca
16888,2008.0,toyota,fj cruiser 4x4,good,6 cylinders,gas,188096.0,clean,automatic,4wd,mid-size,SUV,yellow,al
29590,2017.0,ford,expedition xlt sport,good,6 cylinders,gas,70760.0,clean,other,4wd,,SUV,blue,va
21000,1980.0,chevrolet,silverado,excellent,8 cylinders,gas,600.0,clean,automatic,fwd,,truck,,sc
5995,2007.0,gmc,sierra,,,gas,195000.0,clean,automatic,,,,,tx
5800,2011.0,chevrolet,aveo aveo lt,excellent,4 cylinders,gas,90703.0,clean,automatic,fwd,full-size,hatchback,black,ny
19999,2017.0,nissan,rogue,,other,gas,57330.0,clean,manual,4wd,,SUV,silver,wa
5900,2009.0,honda,civic,good,4 cylinders,gas,112000.0,clean,automatic,fwd,full-size,sedan,blue,pa
14599,2017.0,chevrolet,cruze,,4 cylinders,gas,17130.0,clean,other,fwd,,sedan,red,ak
14850,2009.0,dodge,dokota,excellent,8 cylinders,gas,127177.0,clean,automatic,4wd,mid-size,pickup,black,id
12780,2012.0,cadillac,cts sedan,excellent,,gas,77612.0,clean,automatic,rwd,,sedan,,fl
5995,2005.0,dodge,grand caravan,,,gas,77000.0,clean,automatic,,,,,ca
39990,2018.0,chevrolet,colorado crew cab zr2,good,6 cylinders,gas,12941.0,clean,other,4wd,,pickup,black,ny
3995,2002.0,audi,a4,good,6 cylinders,gas,156203.0,clean,automatic,,,,blue,nc
8900,2013.0,subaru,impreza sport,good,4 cylinders,gas,126500.0,clean,automatic,4wd,,wagon,silver,co
5995,2009.0,toyota,corolla,excellent,4 cylinders,gas,239754.0,clean,automatic,fwd,mid-size,sedan,white,or
8931,2009.0,lincoln,town car,,8 cylinders,gas,89871.0,clean,automatic,rwd,full-size,sedan,white,nc
14995,2013.0,mercedes-benz,c-class,,6 cylinders,gas,88760.0,clean,automatic,,,sedan,black,ny
26990,2018.0,alfa-romeo,romeo giulia ti sedan 4d,good,,gas,14017.0,clean,other,rwd,,sedan,white,mi
15000,1910.0,,maxwell Aa,excellent,other,gas,100.0,clean,manual,,,convertible,red,wa
1500,1999.0,honda,accord ex v6,fair,6 cylinders,gas,251500.0,clean,automatic,fwd,,coupe,white,pa
54988,2018.0,gmc,yukon denali,like new,8 cylinders,gas,48171.0,clean,automatic,4wd,,,,tx
7997,2003.0,ford,ranger,,6 cylinders,gas,190216.0,clean,automatic,4wd,,truck,red,ak
16522,2014.0,honda,cr-v,excellent,,gas,116000.0,clean,automatic,,,,,mt
16995,2012.0,chevrolet,colorado,excellent,5 cylinders,gas,61000.0,clean,automatic,rwd,full-size,,white,az
13500,2010.0,chrysler,town and country,good,6 cylinders,gas,41000.0,clean,automatic,fwd,full-size,mini-van,silver,pa
27990,2018.0,mazda,mx-5 miata grand touring,good,,gas,6745.0,clean,other,rwd,,convertible,black,nc
13985,2014.0,kia,optima,,4 cylinders,gas,92831.0,clean,automatic,fwd,,sedan,red,oh
18900,2011.0,cadillac,cts 3.6l,like new,6 cylinders,gas,13816.0,clean,automatic,rwd,full-size,sedan,grey,vt
6290,2012.0,ford,escape,excellent,6 cylinders,gas,169000.0,clean,automatic,4wd,full-size,SUV,silver,nc
3100,2004.0,chevrolet,impala,good,6 cylinders,gas,146903.0,clean,automatic,rwd,,sedan,brown,il
5990,2001.0,dodge,dakota,,,gas,121183.0,clean,automatic,,,,,wa
49990,2020.0,cadillac,xt5 sport suv 4d,good,6 cylinders,gas,4322.0,clean,other,,,other,white,sc
11995,2013.0,chevrolet,silverado 1500,excellent,8 cylinders,gas,186125.0,clean,automatic,4wd,full-size,,black,ma
13500,2018.0,chevrolet,express van,good,8 cylinders,gas,78000.0,rebuilt,automatic,rwd,,,silver,pa
9995,2010.0,gmc,yukon,good,8 cylinders,gas,182397.0,clean,automatic,,full-size,SUV,silver,ks
21990,2019.0,jeep,renegade sport suv 4d,good,,gas,13869.0,clean,other,4wd,,other,silver,il
34500,2018.0,ram,1500,,,gas,35870.0,clean,automatic,,,,,hi
8500,1993.0,volvo,940 turbo,like new,4 cylinders,gas,134000.0,clean,automatic,rwd,,,,wi
20500,2012.0,ford,f150 xlt 4x4,,,gas,97178.0,clean,automatic,,,,,or
39990,2019.0,,Genesis G70 3.3T Advanced Sedan,good,,other,11717.0,clean,other,rwd,,sedan,red,nc
7500,2012.0,subaru,outback 2.5i,excellent,4 cylinders,gas,146000.0,clean,automatic,4wd,mid-size,hatchback,,me
54555,2020.0,chevrolet,silverado 1500,,,diesel,10693.0,clean,automatic,4wd,,,white,mi
11995,2013.0,ford,transit connect,,,gas,58969.0,clean,automatic,,,van,white,va
5995,2008.0,honda,civic,,4 cylinders,gas,66089.0,rebuilt,manual,fwd,,sedan,silver,oh
2000,2020.0,mitsubishi,eclipse cross es,like new,4 cylinders,gas,27444.0,clean,automatic,4wd,mid-size,SUV,white,oh
48000,1968.0,,Plymouth Roadrunner,excellent,8 cylinders,gas,51425.0,clean,manual,rwd,full-size,coupe,blue,me
16991,2011.0,bmw,335i,,,gas,90635.0,clean,automatic,,compact,convertible,white,nv
19000,2011.0,bmw,750l,like new,8 cylinders,gas,62000.0,clean,automatic,4wd,full-size,sedan,grey,fl
23900,2018.0,honda,accord sedan,,,gas,29844.0,clean,automatic,fwd,,sedan,,ky
28590,2018.0,gmc,acadia sle-2 sport utility,good,6 cylinders,gas,27973.0,clean,other,,,SUV,silver,ny
45590,2017.0,infiniti,qx80 sport utility 4d,good,,other,28558.0,clean,other,,,SUV,,mi
29171,2017.0,lexus,is 200t,,4 cylinders,gas,23482.0,clean,automatic,rwd,compact,sedan,black,tx
5300,1964.0,ford,thunderbird,,8 cylinders,gas,64000.0,clean,automatic,,,,,ky
18999,2012.0,ford,f-150 xlt supercrew 6.5-ft. bed 4wd,,,gas,127727.0,,automatic,4wd,,pickup,,wa
7999,2012.0,nissan,rogue,good,4 cylinders,gas,130344.0,clean,automatic,,,other,grey,ct
41995,2018.0,toyota,tundra crewmax 4x4,like new,8 cylinders,gas,61093.0,clean,automatic,4wd,full-size,truck,grey,ca
10500,1999.0,chevrolet,silverado 2500,excellent,8 cylinders,gas,98422.0,clean,automatic,,,pickup,,ct
7900,2013.0,dodge,charger sxt,,,gas,91402.0,clean,automatic,,,,,oh
30990,2019.0,honda,ridgeline sport pickup 4d,good,6 cylinders,gas,13652.0,clean,other,,,pickup,black,ks
12991,2013.0,subaru,legacy,excellent,6 cylinders,gas,99098.0,clean,automatic,4wd,full-size,sedan,blue,fl
52988,2020.0,jeep,wrangler rubicon,like new,,gas,13293.0,clean,automatic,4wd,,,,tx
6995,2015.0,ford,focus,like new,4 cylinders,gas,129766.0,clean,automatic,fwd,full-size,sedan,red,tx
4499,2002.0,chrysler,sebring lx,excellent,6 cylinders,gas,134896.0,clean,automatic,,,sedan,,ca
37990,2020.0,acura,rdx sh-awd a-spec pkg,good,,gas,43097.0,clean,other,,,other,black,wi
13995,2014.0,nissan,pathfinder,excellent,,gas,112000.0,clean,automatic,4wd,,SUV,red,nh
23239,2017.0,ford,mustang,excellent,,gas,55030.0,clean,automatic,rwd,,coupe,white,fl
27345,2019.0,honda,crv touring suv,,,gas,23005.0,clean,automatic,,,,,al
27888,2017.0,subaru,outback,,,gas,38093.0,clean,automatic,4wd,,,,ca
8988,2008.0,infiniti,fx35,good,6 cylinders,gas,168503.0,clean,automatic,4wd,compact,wagon,black,id
11995,2013.0,hyundai,elantra,,4 cylinders,gas,67668.0,clean,automatic,fwd,,sedan,grey,wa
10995,2010.0,chevrolet,tahoe,,,gas,165035.0,clean,automatic,,,,,ct
3250,1968.0,ford,galaxie 500,,8 cylinders,gas,2809.0,clean,automatic,rwd,,,,ny
13999,2015.0,chevrolet,silverado 1500 ls,,,gas,138978.0,clean,automatic,rwd,,pickup,white,ca
15995,2012.0,chrysler,300s,excellent,6 cylinders,gas,67403.0,clean,automatic,rwd,full-size,sedan,silver,ca
11500,2012.0,ford,e-series van e-150,excellent,8 cylinders,gas,132328.0,,automatic,,,van,,ma
14000,2011.0,toyota,4runner 4x4 4dr. suv,excellent,6 cylinders,gas,210000.0,clean,automatic,4wd,full-size,SUV,silver,pa
33590,2019.0,ford,ranger supercrew xl pickup,good,,gas,33424.0,clean,other,4wd,,pickup,white,tx
59256,2020.0,toyota,sequoia trd sport,,,gas,11771.0,clean,automatic,,,,,fl
18995,2012.0,ford,f-150 fx4,,8 cylinders,other,148484.0,clean,automatic,4wd,,pickup,black,or
10995,2015.0,dodge,grand caravan,excellent,6 cylinders,gas,99921.0,clean,automatic,fwd,,mini-van,white,mo
24995,2013.0,toyota,tundra,,,gas,70552.0,clean,automatic,fwd,,pickup,black,ca
7995,2013.0,honda,civic,,4 cylinders,gas,122705.0,clean,automatic,fwd,,sedan,,nj
3695,2004.0,volkswagen,jetta gl,excellent,4 cylinders,gas,104717.0,clean,automatic,fwd,sub-compact,sedan,silver,oh
7400,2007.0,ram,1500,good,8 cylinders,gas,203000.0,clean,automatic,4wd,,,red,id
17399,2017.0,mazda,mazda6,,4 cylinders,gas,44911.0,clean,automatic,fwd,,sedan,white,ak
11250,1982.0,pontiac,firebird se,excellent,6 cylinders,gas,21617.0,clean,automatic,rwd,mid-size,coupe,blue,pa
7995,2011.0,chevrolet,traverse,excellent,,gas,182065.0,clean,automatic,4wd,,,black,ca
10400,2013.0,hyundai,,excellent,,gas,95000.0,clean,manual,,,hatchback,,tn
1999,1996.0,toyota,camry,good,4 cylinders,gas,198223.0,clean,automatic,fwd,,sedan,white,mn
15335,2015.0,ford,,excellent,4 cylinders,gas,75630.0,clean,automatic,,,,,tx
6895,2011.0,honda,civic,,,gas,126342.0,clean,automatic,,sub-compact,sedan,silver,ma
10988,2013.0,bmw,3-series,excellent,4 cylinders,gas,122578.0,clean,automatic,rwd,compact,sedan,blue,ca
17875,1995.0,chevrolet,corvette,,,gas,85970.0,clean,automatic,,,convertible,green,ga
25590,2015.0,gmc,sierra 1500 regular cab,good,6 cylinders,other,35290.0,clean,other,,,pickup,white,tn
14980,2015.0,,Scion tC,,4 cylinders,gas,83771.0,clean,automatic,fwd,,coupe,grey,wa
5900,2010.0,mazda,mazda3 i touringsedan 5a,good,4 cylinders,gas,170735.0,,automatic,,,sedan,,pa
48999,2012.0,ram,3500,,6 cylinders,diesel,68484.0,clean,automatic,4wd,,truck,,or
19988,2014.0,nissan,armada platinum,,,gas,1.0,clean,automatic,,,,,nc
82000,2016.0,chevrolet,,like new,8 cylinders,gas,15171.0,clean,automatic,rwd,compact,coupe,white,ny
24544,2016.0,mazda,mx-5 miata,,,gas,12525.0,clean,automatic,rwd,,convertible,,ar
2999,2004.0,jeep,grand cherokee,like new,6 cylinders,gas,120678.0,clean,automatic,4wd,,SUV,,wi
17300,2014.0,lexus,is 250 awd,good,6 cylinders,gas,78500.0,rebuilt,automatic,4wd,full-size,sedan,red,nc
2000,1998.0,gmc,c3500hd 6.5 diesel,,8 cylinders,diesel,161000.0,clean,automatic,rwd,,truck,,wi
7299,2005.0,toyota,avalon limited,excellent,6 cylinders,gas,99696.0,clean,automatic,fwd,full-size,sedan,brown,nc
3995,2005.0,honda,pilot,excellent,6 cylinders,gas,196312.0,clean,automatic,4wd,,SUV,grey,ca
26998,2014.0,ford,f-150,excellent,,gas,,clean,automatic,4wd,,pickup,,oh
17740,2019.0,kia,forte lxs,good,,gas,9533.0,clean,other,,,sedan,white,nc
9990,2008.0,nissan,titan,good,8 cylinders,gas,161736.0,clean,automatic,4wd,,,,pa
6200,2005.0,,Gillig Low Floor Bus,,,diesel,1234567.0,clean,other,,,,,co
24980,2013.0,ford,super duty f-250,,8 cylinders,gas,152902.0,clean,automatic,4wd,,truck,black,id
12995,2014.0,toyota,camry,excellent,4 cylinders,gas,64830.0,clean,automatic,fwd,mid-size,sedan,grey,ny
11500,2014.0,kia,forte,excellent,4 cylinders,gas,69251.0,clean,automatic,fwd,compact,sedan,grey,tn
39857,2012.0,chevrolet,silverado 2500hd,excellent,8 cylinders,diesel,61334.0,clean,automatic,rwd,full-size,truck,blue,ca
10100,2017.0,ford,focus,like new,4 cylinders,gas,76500.0,clean,automatic,fwd,mid-size,sedan,white,nv
33590,2018.0,bmw,5 series 540i xdrive sedan,good,,other,45003.0,clean,other,,,sedan,blue,pa
5000,2014.0,ford,fiesta se,good,4 cylinders,gas,117760.0,clean,automatic,,compact,sedan,black,ca
42194,2020.0,jeep,wrangler unlimited,,6 cylinders,gas,21037.0,clean,manual,4wd,,SUV,blue,ak
23980,2010.0,ram,2500,good,6 cylinders,diesel,203479.0,clean,manual,4wd,full-size,truck,silver,il
26000,2020.0,jeep,compass altitude fwd w/ low miles automatic,,,gas,7702.0,clean,automatic,fwd,,SUV,red,sc
500,2012.0,,PROGRAMS as little as $500 DOWN!,,,gas,50000.0,clean,automatic,,,,,nh
16990,2014.0,subaru,xv crosstrek premium,good,,gas,73813.0,clean,automatic,,,hatchback,orange,fl
11700,2007.0,toyota,fj cruiser,good,6 cylinders,gas,251000.0,clean,automatic,4wd,,SUV,silver,ky
9995,2010.0,chevrolet,equinox,,6 cylinders,gas,105809.0,clean,automatic,fwd,,SUV,grey,fl
5500,2007.0,chevrolet,silverado z71,,8 cylinders,gas,241000.0,clean,automatic,4wd,,,,mi
19995,2015.0,chevrolet,express,,,gas,64420.0,clean,automatic,fwd,,van,white,ct
99,2015.0,volkswagen,jetta,,,gas,116424.0,clean,automatic,fwd,full-size,sedan,white,me
4400,2006.0,chevrolet,hhr pt sport equinox,excellent,4 cylinders,gas,97000.0,clean,automatic,fwd,,,blue,oh
11985,2012.0,dodge,charger,excellent,,gas,167796.0,clean,automatic,rwd,,sedan,grey,ca
34995,2019.0,honda,ridgeline sport awd,,,,13389.0,clean,automatic,,,,black,nc
8500,1999.0,,Isuzu NPR HD,excellent,4 cylinders,diesel,173000.0,clean,automatic,rwd,full-size,truck,white,nm
34590,2019.0,chevrolet,silverado 1500 ld,good,8 cylinders,gas,22722.0,clean,other,4wd,,pickup,brown,dc
6995,2007.0,honda,crv ex-l awd,,,gas,201689.0,clean,automatic,,,,,oh
1450,1996.0,toyota,corolla,good,4 cylinders,gas,146000.0,clean,automatic,fwd,compact,sedan,green,ca
17500,2013.0,,kenworth t660,excellent,6 cylinders,diesel,559000.0,clean,manual,4wd,full-size,truck,orange,az
29800,2014.0,mercedes-benz,gl-class,excellent,8 cylinders,gas,105000.0,clean,automatic,4wd,,SUV,black,nj
39990,2018.0,audi,s5 premium plus sedan 4d,good,,other,44054.0,clean,other,,,sedan,black,ca
5000,2005.0,infiniti,g35,fair,6 cylinders,gas,128000.0,clean,automatic,rwd,compact,coupe,,nv
8500,2004.0,mercedes-benz,benz e500 awd sedan,excellent,8 cylinders,gas,102605.0,clean,automatic,4wd,full-size,sedan,grey,ny
14995,2009.0,honda,cr-v,excellent,4 cylinders,gas,43123.0,clean,automatic,4wd,,SUV,silver,or
4250,2007.0,ford,focus,,,gas,146533.0,clean,automatic,fwd,,,silver,co
39990,2017.0,infiniti,qx80 sport utility 4d,good,8 cylinders,gas,41664.0,clean,automatic,4wd,,other,black,co
26997,2017.0,bmw,3 series,,4 cylinders,gas,32374.0,clean,automatic,rwd,compact,sedan,blue,nv
23972,2020.0,kia,sorento lx,like new,4 cylinders,gas,13850.0,clean,automatic,fwd,,SUV,white,ca
7995,1995.0,chevrolet,,excellent,8 cylinders,gas,80257.0,clean,automatic,rwd,full-size,van,white,in
20998,2017.0,subaru,impreza sport,,4 cylinders,gas,35839.0,clean,automatic,4wd,,sedan,,mt
21595,2016.0,nissan,frontier,excellent,6 cylinders,gas,71653.0,clean,automatic,4wd,mid-size,truck,white,vt
4500,1928.0,ford,truck,good,,gas,888888.0,missing,other,,,,,nm
17590,2020.0,kia,soul s wagon 4d,good,,gas,40166.0,clean,other,fwd,,wagon,red,il
3900,2006.0,,MMAZDA 6 SEDAN,excellent,4 cylinders,gas,163000.0,clean,automatic,,,sedan,silver,pa
30772,2018.0,jeep,grand cherokee,,6 cylinders,gas,13320.0,clean,other,rwd,,SUV,,ca
24590,2017.0,bmw,3 series 330i gran turismo,good,,other,37016.0,clean,automatic,,,sedan,black,mn
15275,2016.0,mazda,mazda6,good,4 cylinders,gas,104526.0,clean,automatic,fwd,,sedan,blue,tn
33900,2016.0,toyota,tundra 4wd truck,excellent,8 cylinders,gas,111000.0,clean,automatic,4wd,full-size,truck,blue,tn
9995,2012.0,toyota,prius,excellent,,hybrid,108541.0,clean,automatic,fwd,,hatchback,blue,ca
22100,2018.0,bmw,320i,,,gas,35741.0,clean,automatic,,compact,sedan,silver,ca
10500,2018.0,ford,focus se,excellent,4 cylinders,gas,64325.0,clean,automatic,fwd,compact,sedan,white,tn
5800,2006.0,saturn,ion redline,excellent,4 cylinders,gas,75350.0,clean,manual,fwd,compact,coupe,silver,fl
8999,1975.0,ford,ranchero gt,good,8 cylinders,gas,75217.0,clean,automatic,rwd,full-size,,red,or
59000,2017.0,,freightliner cascadia,,,diesel,465000.0,clean,manual,,,,,mi
10950,2012.0,ford,e-350,excellent,8 cylinders,gas,180000.0,clean,automatic,rwd,,,white,oh
13900,2011.0,chevrolet,silverado,good,8 cylinders,gas,179169.0,clean,automatic,,,truck,blue,mn
9300,2013.0,jeep,compass latitude,excellent,4 cylinders,gas,107000.0,clean,automatic,4wd,,,black,nh
11988,2012.0,buick,enclave,,,gas,103558.0,clean,automatic,,,,,ia
22499,2014.0,audi,a7,,,gas,105995.0,clean,automatic,,,sedan,silver,ca
24990,2019.0,ram,1500 classic regular cab,good,6 cylinders,other,29732.0,clean,other,,,pickup,black,nv
11795,2015.0,jeep,renegade latitude,,,gas,78801.0,clean,automatic,,,,,il
29990,2019.0,subaru,forester touring sport,good,,gas,30244.0,clean,other,,,hatchback,,ca
20590,2013.0,lexus,gs 350 sedan 4d,good,6 cylinders,gas,71987.0,clean,other,rwd,,sedan,black,mn
17900,2011.0,chevrolet,silverado 1500 lt,like new,8 cylinders,gas,111000.0,clean,automatic,4wd,full-size,pickup,blue,ma
7985,2012.0,volkswagen,jetta,,,gas,93000.0,clean,automatic,,,,,fl
25000,2014.0,dodge,challenger r/t,excellent,8 cylinders,gas,31000.0,lien,manual,rwd,,,orange,oh
1800,1989.0,,saab 900,good,4 cylinders,gas,242000.0,clean,manual,fwd,mid-size,sedan,red,wa
27590,2016.0,audi,s3 premium plus sedan 4d,good,,other,47147.0,clean,other,,,sedan,,tn
30990,2019.0,,Genesis G70 2.0T Advanced Sedan,good,,gas,21098.0,clean,other,rwd,,sedan,,fl
30590,2017.0,audi,a6 3.0t premium plus sedan,good,6 cylinders,gas,24238.0,clean,automatic,,,sedan,white,in
4000,2003.0,honda,,,,gas,128000.0,clean,automatic,,full-size,sedan,silver,nj
10995,2014.0,subaru,impreza,,4 cylinders,gas,54136.0,clean,automatic,,,sedan,green,ct
18000,2012.0,jeep,wrangler unlimited sport,excellent,6 cylinders,gas,143869.0,clean,automatic,4wd,mid-size,SUV,yellow,co
22000,2017.0,cadillac,xt5,excellent,,gas,49185.0,clean,automatic,fwd,,SUV,,il
54999,2020.0,nissan,titan platinum reserve,,,gas,12870.0,clean,automatic,4wd,,truck,red,wa
32590,2018.0,jeep,wrangler all new sport suv,good,6 cylinders,gas,13576.0,clean,other,4wd,,SUV,red,in
6495,2008.0,subaru,outback,,4 cylinders,gas,169427.0,clean,automatic,4wd,,wagon,silver,co
32995,2013.0,ford,f-350 super duty 4x2 2dr re,,,gas,51000.0,clean,automatic,,,,,ca
2900,2006.0,gmc,envoy,good,6 cylinders,gas,253000.0,clean,automatic,4wd,,,green,mi
18998,2010.0,nissan,titan se,,8 cylinders,gas,99852.0,clean,automatic,4wd,,,,mt
35990,2020.0,dodge,challenger r/t coupe 2d,good,8 cylinders,gas,1548.0,clean,other,rwd,,coupe,black,tn
27995,2012.0,chevrolet,silverado,,,gas,94759.0,clean,automatic,4wd,,pickup,,ny
31700,2014.0,ram,1500 longhorn limited,excellent,6 cylinders,diesel,113128.0,clean,automatic,4wd,full-size,pickup,white,fl
12900,2012.0,mercedes-benz,c 250 sport,excellent,4 cylinders,gas,0.0,clean,automatic,,,sedan,,ca
49590,2019.0,audi,s5 premium plus sedan 4d,good,6 cylinders,gas,16793.0,clean,other,,,sedan,black,ok
24990,2018.0,gmc,canyon extended cab pickup,good,,other,32329.0,clean,other,,,pickup,,oh
21500,2011.0,chevrolet,silverado 2500hd lt,excellent,8 cylinders,diesel,215259.0,clean,automatic,4wd,,truck,black,wi
6500,1978.0,alfa-romeo,romeo spider,good,,gas,56310.0,clean,manual,fwd,compact,convertible,silver,tn
17990,2011.0,audi,q7 3.0t quattro premium,good,6 cylinders,gas,81633.0,clean,other,,,other,silver,co
21194,2017.0,mini,cooper clubman,,4 cylinders,gas,45082.0,clean,manual,4wd,,sedan,silver,ak
9419,2012.0,chevrolet,equinox,,4 cylinders,gas,111440.0,clean,automatic,fwd,,SUV,red,oh
7995,2004.0,ram,1500,good,8 cylinders,gas,161000.0,clean,automatic,4wd,full-size,pickup,,va
27995,2012.0,chevrolet,silverado,,,diesel,78015.0,clean,automatic,4wd,,pickup,white,ak
6900,2000.0,ram,2500,good,8 cylinders,gas,149000.0,clean,automatic,4wd,,,white,mi
6988,2012.0,kia,sedona lx,excellent,6 cylinders,gas,142813.0,clean,automatic,fwd,mid-size,mini-van,grey,mn
32590,2017.0,jeep,wrangler unlimited sport s,good,6 cylinders,other,38471.0,clean,other,4wd,,other,black,ca
6495,2009.0,ford,f-150,,,gas,200878.0,clean,automatic,,,,,mi
31590,2020.0,mazda,mx-5 miata club,good,,gas,2195.0,clean,other,rwd,,other,,tx
28590,2020.0,buick,encore gx essence sport,good,,gas,3077.0,clean,other,,,SUV,blue,ny
3600,2007.0,ford,fusion se,excellent,4 cylinders,gas,165000.0,clean,automatic,,,,,il
15500,2011.0,gmc,yukon denali suv 3rd row,,,gas,163000.0,clean,automatic,,,,,ar
32900,2019.0,ford,transit,like new,6 cylinders,gas,6735.0,clean,automatic,rwd,full-size,van,white,ky
17495,2013.0,jeep,grand cherokee,,6 cylinders,gas,119275.0,clean,,,,SUV,black,ks
10991,2012.0,toyota,prius v,excellent,4 cylinders,hybrid,117512.0,clean,automatic,fwd,,wagon,silver,ca
119995,2020.0,ford,super duty f-450 pickup,,8 cylinders,diesel,11780.0,clean,automatic,4wd,,truck,white,tx
10990,2013.0,nissan,sentra s sedan 4d,good,,gas,81557.0,clean,other,fwd,,sedan,red,ga
35200,2020.0,jeep,wrangler unlimited,,,gas,18890.0,clean,automatic,4wd,,convertible,,ky
7490,2014.0,ford,focus se hatchback,excellent,4 cylinders,gas,74000.0,rebuilt,automatic,fwd,,hatchback,blue,ia
33999,2017.0,chevrolet,silverado 1500 lt 4x4,,,gas,34309.0,clean,automatic,4wd,,truck,white,wa
32499,2013.0,rover,2013,excellent,other,gas,121166.0,,automatic,4wd,,SUV,,fl
36853,2019.0,toyota,highlander,,,gas,23508.0,clean,automatic,fwd,,,white,ar
9500,1981.0,mercedes-benz,,good,4 cylinders,gas,3240.0,clean,automatic,rwd,compact,convertible,red,ia
22590,2017.0,fiat,124 spider classica,good,,other,5050.0,clean,other,rwd,,other,,ct
19900,2005.0,chevrolet,c4500,,,diesel,120000.0,clean,automatic,,,,,fl
2300,2011.0,chevrolet,impala,,,gas,1.0,clean,automatic,,full-size,sedan,silver,il
18990,2019.0,dodge,journey se sport utility,good,,other,5378.0,clean,other,fwd,,SUV,white,il
15999,2012.0,audi,q5,good,4 cylinders,gas,61624.0,clean,other,,,SUV,,wa
16999,2016.0,buick,encore w/ backup camera,,4 cylinders,gas,33500.0,clean,automatic,fwd,,SUV,white,ca
12995,2019.0,nissan,sentra,,,gas,38346.0,clean,other,fwd,,sedan,,az
10000,1937.0,cadillac,lasalle,good,8 cylinders,gas,80000.0,clean,manual,rwd,full-size,sedan,custom,ny
15000,2016.0,mazda,cx-5,,,gas,98764.0,clean,automatic,,,,red,md
6900,2008.0,acura,tl,excellent,6 cylinders,gas,119500.0,clean,automatic,fwd,full-size,sedan,grey,ny
2100,2005.0,ford,taurus se,excellent,6 cylinders,gas,210719.0,clean,automatic,fwd,mid-size,sedan,red,va
3500,2007.0,honda,pilot,good,6 cylinders,gas,200000.0,clean,automatic,fwd,full-size,SUV,grey,fl
33990,2018.0,bmw,3 series 328d xdrive sport,good,,gas,30570.0,clean,other,,,wagon,white,mi
34495,2016.0,chevrolet,silverado 1500 lt,good,8 cylinders,gas,84838.0,clean,automatic,,,pickup,,az
6565,2006.0,lexus,es 330,excellent,,gas,157850.0,clean,automatic,,,,,ok
13595,2013.0,honda,cr-v,,,gas,129922.0,clean,automatic,4wd,,,white,in
4999,2006.0,nissan,xterra,excellent,6 cylinders,gas,161000.0,clean,automatic,4wd,full-size,SUV,black,ca
38590,2017.0,nissan,titan xd crew cab sv,good,8 cylinders,gas,26539.0,clean,other,,,pickup,black,nm
16977,2018.0,mitsubishi,outlander,excellent,,gas,63621.0,clean,automatic,4wd,,,,or
14990,2016.0,,Scion iM Hatchback 4D,good,,gas,65203.0,clean,other,fwd,,hatchback,red,ny
15500,2015.0,ford,explorer,like new,,gas,77000.0,clean,automatic,4wd,full-size,SUV,white,ok
6995,2011.0,honda,accord,,4 cylinders,gas,107500.0,clean,automatic,fwd,,coupe,red,ct
21000,2012.0,ram,1500 sport,excellent,8 cylinders,gas,148902.0,clean,automatic,4wd,,truck,,or
25995,2019.0,jeep,cherokee,,6 cylinders,gas,25690.0,clean,automatic,4wd,compact,SUV,blue,oh
4499,2006.0,volkswagen,passat 2.0t,,,gas,84000.0,clean,automatic,,,,,wa
13000,1994.0,ram,2500,fair,6 cylinders,diesel,235000.0,clean,manual,4wd,,truck,red,tx
8488,2011.0,chrysler,town and country,,6 cylinders,gas,129300.0,clean,automatic,fwd,full-size,,white,id
14999,2002.0,ford,f-250 super duty,excellent,8 cylinders,diesel,256000.0,clean,automatic,4wd,,truck,silver,mt
3650,2011.0,hyundai,elantra,good,4 cylinders,gas,197543.0,clean,automatic,fwd,compact,wagon,red,mn
33990,2018.0,ford,explorer limited sport,good,,gas,14336.0,clean,other,fwd,,other,black,ny
5950,2013.0,hyundai,elantra,,,gas,140000.0,clean,automatic,,,,,il
27995,2017.0,dodge,grand caravan sxt wheelchair van vmi verge ii - manual fold out ramp rear loading conversion,,6 cylinders,other,40737.0,clean,automatic,fwd,,van,white,tx
14000,1977.0,chevrolet,corvette,,,gas,29815.0,clean,automatic,,,,,fl
13495,2011.0,ford,mustang,,6 cylinders,gas,96201.0,clean,manual,rwd,,other,blue,il
5900,2011.0,gmc,terrain,good,4 cylinders,gas,174000.0,clean,automatic,,,,black,mi
32495,2016.0,bmw,x6,,,gas,51700.0,clean,automatic,,,,,ny
24990,2013.0,gmc,sierra 1500 extended cab sle,good,8 cylinders,gas,70559.0,clean,other,4wd,,pickup,black,ny
48500,1934.0,dodge,sedan,good,8 cylinders,gas,10000.0,clean,automatic,rwd,mid-size,sedan,blue,ks
64988,2019.0,ram,2500,,,gas,14527.0,clean,automatic,4wd,,,white,hi
9900,2005.0,ford,f-150,excellent,,gas,65799.0,clean,automatic,,,,,hi
10810,2014.0,mercedes-benz,c-class,,4 cylinders,gas,124476.0,clean,automatic,rwd,sub-compact,coupe,white,sc
11990,1965.0,volvo,,,,gas,99999.0,clean,manual,,,,,oh
26590,2020.0,honda,civic si coupe 2d,good,,gas,9954.0,clean,other,fwd,,coupe,silver,mi
12571,1971.0,ford,f250,excellent,8 cylinders,gas,123456.0,clean,automatic,rwd,,truck,white,ca
25990,2014.0,gmc,sierra 1500 regular cab,good,6 cylinders,gas,15575.0,clean,other,,,pickup,brown,oh
11900,2017.0,ford,escape,,,gas,73017.0,clean,automatic,fwd,,SUV,,fl
32988,2017.0,chevrolet,silverado 1500,,,gas,115182.0,clean,automatic,,,,,ia
16995,1999.0,ford,f450 utility tow body,,8 cylinders,diesel,168703.0,clean,manual,rwd,full-size,other,white,az
45821,2016.0,toyota,tundra,,8 cylinders,gas,70592.0,clean,automatic,4wd,,truck,,wa
3900,2011.0,ford,,,,gas,150000.0,clean,automatic,,,,,mi
8995,2015.0,bmw,x1,excellent,4 cylinders,gas,118567.0,clean,automatic,rwd,,SUV,blue,tx
22999,2015.0,mercedes-benz,c-class,,,gas,68085.0,clean,automatic,,compact,sedan,black,oh
24918,2018.0,toyota,rav4,,4 cylinders,gas,54370.0,clean,automatic,fwd,mid-size,SUV,purple,tx
19250,2015.0,subaru,wrx,excellent,4 cylinders,gas,131000.0,clean,manual,4wd,,,black,vt
9899,2010.0,toyota,prius,excellent,4 cylinders,hybrid,56000.0,clean,automatic,rwd,,sedan,white,fl
800,,,IS 250,,6 cylinders,other,123456.0,clean,other,,,,black,ca
24990,2008.0,ford,econoline cargo van,good,8 cylinders,gas,139567.0,clean,automatic,rwd,full-size,truck,white,ky
8000,2014.0,fiat,500l,excellent,4 cylinders,gas,96423.0,clean,automatic,fwd,mid-size,hatchback,black,co
1500,1999.0,chevrolet,suburban 1500,,,gas,257000.0,clean,automatic,,,,,pa
15986,2018.0,chevrolet,cruze lt,like new,4 cylinders,gas,34861.0,clean,automatic,fwd,,sedan,grey,ca
3500,2007.0,chevrolet,impala,,,gas,180000.0,clean,automatic,,,,,oh
3800,2006.0,subaru,forester,fair,,gas,158000.0,clean,automatic,4wd,,,red,me
8999,2013.0,mazda,mazda3 i sv sedan 4d,excellent,4 cylinders,gas,90910.0,,manual,,,sedan,,ca
6995,2011.0,nissan,sentra,good,,gas,85456.0,clean,automatic,fwd,,sedan,black,il
51999,2020.0,ford,lifted f150 lariat 4x4 gas,,,gas,27957.0,clean,automatic,4wd,,truck,black,ut
7750,2011.0,ford,crown victoria,,8 cylinders,gas,114000.0,clean,automatic,,,,,az
24476,2021.0,ford,escape s,,,gas,5.0,clean,automatic,,,,,fl
26338,2015.0,ford,f-150 xlt 4wd!crew cab,excellent,8 cylinders,gas,112419.0,,automatic,4wd,,truck,,mi
33590,2020.0,chrysler,pacifica touring l plus,good,6 cylinders,other,18470.0,clean,other,fwd,,van,black,nm
54999,2019.0,gmc,sierra 1500 at4 4x4 1/2 ton,,,gas,47600.0,clean,automatic,4wd,,truck,brown,id
32800,2016.0,honda,pilot,like new,6 cylinders,gas,52000.0,clean,automatic,4wd,full-size,SUV,green,wa
29000,1962.0,chevrolet,impala,good,8 cylinders,gas,1234567.0,clean,automatic,rwd,,,,fl
25990,2018.0,kia,sorento ex sport utility 4d,good,6 cylinders,gas,31122.0,clean,other,,,SUV,white,tx
9995,2001.0,mercedes-benz,cl 600,excellent,12 cylinders,gas,116000.0,clean,automatic,,full-size,coupe,white,mo
5500,2004.0,mercedes-benz,benz slk230,good,4 cylinders,gas,195000.0,clean,automatic,rwd,,convertible,,sc
43998,2017.0,porsche,macan s,good,6 cylinders,gas,36000.0,clean,automatic,4wd,mid-size,SUV,blue,nc
18675,2015.0,audi,a3,excellent,,gas,63492.0,clean,automatic,,,,,co
8500,2006.0,ford,,fair,8 cylinders,diesel,349.0,clean,automatic,,,,,nm
33500,2017.0,jeep,wrangler unlimited,,6 cylinders,gas,43718.0,clean,automatic,4wd,,SUV,white,ca
3800,2005.0,cadillac,escalade esv,good,8 cylinders,gas,230000.0,clean,automatic,,full-size,,white,mi
10550,2016.0,jeep,patriot,,4 cylinders,gas,113448.0,clean,automatic,4wd,,SUV,custom,sd
8995,2005.0,dodge,grand caravan,excellent,6 cylinders,gas,95000.0,clean,automatic,fwd,mid-size,mini-van,silver,pa
2800,2007.0,honda,civic lx,excellent,4 cylinders,gas,289055.0,clean,automatic,fwd,compact,sedan,white,ia
19990,2020.0,chevrolet,trax ls sport utility,good,,other,3107.0,clean,other,fwd,,hatchback,silver,tx
27590,2018.0,bmw,3 series 330i xdrive sedan,good,,other,20845.0,clean,other,,,sedan,blue,ky
35590,2011.0,dodge,challenger srt8 coupe 2d,good,8 cylinders,gas,16796.0,clean,other,rwd,,coupe,green,mi
17278,2018.0,nissan,altima,excellent,4 cylinders,gas,64977.0,clean,automatic,fwd,,sedan,silver,nc
36590,2020.0,buick,enclave essence sport,good,6 cylinders,gas,3993.0,clean,other,fwd,,other,white,ny
53997,2018.0,jeep,"wrangler unlimited rubicon local trade* terra fles sport lift*37"" nitto trail grabblers*17"" kmc xd beadlock wheels* x2o winch* steel bumpers*led lights* never off roaded",,6 cylinders,gas,41638.0,clean,manual,4wd,,SUV,white,or
18995,2012.0,mercedes-benz,e-class,excellent,6 cylinders,gas,37697.0,clean,automatic,,,other,black,ny
42500,2017.0,chevrolet,suburban premier 4x4,excellent,8 cylinders,gas,82250.0,lien,automatic,4wd,full-size,SUV,custom,sd
14990,2012.0,gmc,acadia denali,excellent,6 cylinders,gas,111000.0,clean,automatic,rwd,,SUV,red,nc
5995,2000.0,audi,tt,excellent,4 cylinders,gas,117940.0,clean,manual,4wd,,other,black,ct
48600,2015.0,ford,f750,excellent,,diesel,75600.0,clean,automatic,,,,white,mi
62990,2016.0,ford,super duty f-550 drw,good,8 cylinders,diesel,40193.0,clean,automatic,4wd,,,red,in
1800,2012.0,dodge,avenger,good,,gas,153000.0,clean,automatic,,,,black,me
11499,2013.0,ford,edge,,,gas,135900.0,clean,automatic,,,,,ca
39900,2018.0,ford,f250,excellent,8 cylinders,gas,80000.0,clean,automatic,4wd,,truck,white,mn
14722,2011.0,volkswagen,touareg,,,diesel,130564.0,clean,automatic,,,SUV,blue,oh
22990,2017.0,volkswagen,golf gti se hatchback,good,,gas,34443.0,clean,other,fwd,,sedan,silver,fl
12900,2008.0,gmc,yukon slt,,8 cylinders,gas,164890.0,clean,automatic,,,,,ny
12777,2017.0,nissan,altima,excellent,,gas,71109.0,clean,automatic,fwd,,sedan,,ca
15590,2016.0,chevrolet,cruze limited 1lt,good,,gas,7076.0,clean,automatic,fwd,,sedan,blue,wi
37500,2018.0,ram,1500,like new,8 cylinders,gas,22000.0,clean,automatic,4wd,full-size,pickup,red,nc
10000,1995.0,,SL600,good,12 cylinders,gas,110000.0,clean,automatic,fwd,,,silver,wi
46999,2016.0,chevrolet,silverao 3500 4x4 duramax,excellent,6 cylinders,diesel,94176.0,clean,automatic,4wd,,truck,,ca
14999,2004.0,bmw,m3,,,gas,123680.0,clean,automatic,,,other,blue,oh
61995,2017.0,ford,super duty f-450 pickup,,8 cylinders,diesel,111782.0,clean,automatic,4wd,,truck,black,tx
17000,1953.0,,mg td,good,4 cylinders,gas,7132.0,clean,automatic,fwd,,convertible,green,ca
14475,2010.0,chevrolet,silverado 1500,,8 cylinders,gas,150730.0,clean,automatic,4wd,,,,co
18985,2016.0,buick,enclave,,6 cylinders,gas,107813.0,clean,automatic,fwd,full-size,SUV,white,al
2595,2003.0,ford,f-150,excellent,8 cylinders,gas,149055.0,clean,automatic,4wd,full-size,pickup,red,oh
18500,1927.0,chevrolet,coupe,good,4 cylinders,gas,100.0,clean,manual,fwd,,coupe,green,az
20995,2017.0,ford,escape,,4 cylinders,gas,31610.0,clean,automatic,4wd,mid-size,SUV,grey,me
6999,2009.0,hyundai,santa fe,,,gas,195072.0,clean,automatic,,,wagon,silver,id
33990,2019.0,ram,1500 classic crew cab lone,good,,other,50613.0,clean,other,,,pickup,blue,ca
2150,2005.0,chevrolet,malibu lt,good,6 cylinders,gas,200000.0,clean,automatic,fwd,full-size,sedan,grey,md
16500,2013.0,ford,,excellent,8 cylinders,gas,61000.0,clean,automatic,rwd,,bus,white,ga
7499,2014.0,hyundai,elantra,,4 cylinders,gas,119597.0,clean,automatic,fwd,,sedan,silver,la
4900,2009.0,nissan,sentra,good,,gas,139000.0,clean,automatic,,,,,la
8993,2013.0,chevrolet,captiva sport ltz,excellent,4 cylinders,gas,83623.0,,automatic,,,SUV,,ca
3995,2007.0,honda,odyssey ex-l,,,gas,254048.0,clean,automatic,,,,,in
23995,2014.0,ford,super duty f-250 srw,excellent,8 cylinders,gas,129759.0,clean,automatic,4wd,full-size,,white,ny
13995,2015.0,mazda,cx-5,,4 cylinders,gas,78125.0,clean,automatic,fwd,mid-size,SUV,custom,fl
18590,2017.0,ford,c-max hybrid titanium wagon,good,,gas,38545.0,clean,other,fwd,,wagon,,ny
9995,2011.0,cadillac,cts,,,gas,163000.0,clean,automatic,,,,,vt
10200,2015.0,ford,escape,,4 cylinders,gas,103572.0,clean,automatic,4wd,,SUV,red,nj
5500,2008.0,ford,taurus,good,6 cylinders,gas,108000.0,clean,automatic,fwd,full-size,sedan,red,fl
599,2015.0,,ALL,,,gas,1.0,clean,automatic,,,,,oh
28990,2018.0,infiniti,qx60 3.5 sport utility,good,6 cylinders,gas,32458.0,clean,other,fwd,,SUV,black,wi
11000,1983.0,pontiac,bonneville,good,8 cylinders,gas,500.0,clean,automatic,rwd,,,,il
37859,2020.0,bmw,3 series,,,gas,31134.0,clean,automatic,,,,,ar
18995,2018.0,nissan,altima 2.5 sr,,4 cylinders,gas,46783.0,clean,automatic,fwd,,sedan,custom,ca
3500,1980.0,,corvette,fair,8 cylinders,gas,50000.0,parts only,automatic,rwd,compact,coupe,,ca
11295,2010.0,nissan,murano,,,gas,119269.0,clean,automatic,4wd,,wagon,,pa
26991,2015.0,gmc,canyon,,,gas,44698.0,clean,,fwd,,pickup,black,ca
20990,2021.0,subaru,impreza,,,gas,4350.0,clean,automatic,,,hatchback,,mn
8500,2005.0,bmw,645ci,excellent,8 cylinders,gas,129000.0,clean,automatic,rwd,,,black,ca
21990,2013.0,infiniti,m m37x sedan 4d,good,6 cylinders,gas,63703.0,clean,other,,,sedan,black,az
16591,2015.0,nissan,rogue,,4 cylinders,gas,24376.0,clean,automatic,fwd,,SUV,grey,ca
46498,2018.0,ford,f-150,,6 cylinders,gas,47786.0,clean,automatic,4wd,,truck,white,or
20990,2002.0,gmc,sierra,,,diesel,177250.0,clean,automatic,4wd,,pickup,white,or
12997,2012.0,,Other MV-1,,8 cylinders,,201694.0,clean,automatic,,,,blue,fl
33590,2019.0,ford,ranger supercrew xl pickup,good,,gas,33424.0,clean,other,4wd,,pickup,white,mi
22995,2015.0,chevrolet,silverado 2500 hd,good,8 cylinders,gas,194960.0,clean,automatic,4wd,full-size,pickup,white,mn
10900,2013.0,honda,civic,,4 cylinders,gas,122325.0,clean,manual,fwd,,sedan,grey,nj
11995,2015.0,ford,fusion hybrid,,4 cylinders,hybrid,106997.0,clean,automatic,fwd,,sedan,blue,co
27998,2015.0,jeep,grand cherokee,excellent,,diesel,48892.0,clean,automatic,4wd,,SUV,,ia
6995,2016.0,ford,fiesta,,,gas,39309.0,clean,automatic,,,,,mi
7999,2013.0,hyundai,elantra,,4 cylinders,gas,139814.0,clean,automatic,fwd,,other,,ks
42590,2017.0,lincoln,navigator l reserve,good,6 cylinders,gas,62776.0,clean,other,4wd,,SUV,white,al
2699,2007.0,mazda,mazda3 i sport,,4 cylinders,gas,243286.0,clean,manual,fwd,,sedan,black,az
2999,2004.0,buick,rendezvous,like new,6 cylinders,gas,157710.0,clean,automatic,4wd,,SUV,,wi
7500,1998.0,chevrolet,,,,gas,103000.0,clean,manual,,,,,il
18888,2014.0,dodge,challenger,good,6 cylinders,gas,41262.0,clean,automatic,rwd,mid-size,coupe,silver,ar
16999,2014.0,ford,mustang,,,gas,55477.0,clean,,,sub-compact,coupe,red,nj
14900,2018.0,chevrolet,impala,,,gas,88513.0,clean,automatic,fwd,full-size,sedan,black,mi
7990,2007.0,acura,mdx sh-awd w/tech,excellent,6 cylinders,gas,152000.0,clean,automatic,4wd,full-size,SUV,black,va
17995,2002.0,ford,thunderbird convertible,excellent,6 cylinders,gas,41911.0,clean,automatic,rwd,mid-size,convertible,black,nj
6998,2013.0,chrysler,200,,,gas,119764.0,clean,automatic,fwd,,sedan,black,mn
3200,2001.0,chrysler,pt cruiser,good,4 cylinders,gas,158056.0,clean,automatic,fwd,compact,hatchback,silver,mt
7600,2013.0,hyundai,sonata,,4 cylinders,gas,111516.0,clean,automatic,fwd,,sedan,,nj
24990,2018.0,hyundai,santa fe se sport,good,6 cylinders,gas,26316.0,clean,other,fwd,,SUV,white,ca
36999,2012.0,chevrolet,silverado 3500hd,,8 cylinders,diesel,170402.0,clean,automatic,4wd,,truck,,or
12500,2003.0,ford,f250 lariat,,,diesel,211000.0,clean,automatic,,,,,fl
47995,2017.0,gmc,yukon xl,,8 cylinders,,36258.0,rebuilt,automatic,4wd,,SUV,white,ia
13759,2013.0,acura,mdx,,6 cylinders,gas,114765.0,clean,automatic,4wd,mid-size,SUV,black,oh
15995,2013.0,,Scion FR-S,excellent,4 cylinders,gas,,clean,automatic,rwd,sub-compact,coupe,black,nv
6590,2011.0,dodge,grand caravan,excellent,6 cylinders,gas,131000.0,clean,automatic,fwd,,mini-van,,ny
29990,2016.0,nissan,frontier crew cab pro-4x,good,6 cylinders,gas,24661.0,clean,automatic,4wd,,pickup,white,mi
48896,2015.0,gmc,sierra 2500 denali,,,diesel,152402.0,clean,automatic,,,,,nc
11495,2017.0,nissan,sentra,,,gas,27019.0,clean,automatic,fwd,,sedan,silver,nc
5699,1996.0,audi,a6,,6 cylinders,gas,103459.0,clean,automatic,4wd,,sedan,green,co
19990,2020.0,mitsubishi,outlander sport es,good,,other,11103.0,clean,other,,,hatchback,orange,wi
12694,2006.0,infiniti,fx45,,8 cylinders,gas,82421.0,clean,automatic,4wd,,SUV,grey,co
10990,2007.0,nissan,pathfinder se,excellent,6 cylinders,gas,132974.0,clean,automatic,4wd,,,,or
25590,2018.0,cadillac,ats sedan 4d,good,,other,16102.0,clean,other,,,sedan,black,il
47950,2020.0,ford,f150,like new,8 cylinders,gas,4100.0,clean,automatic,4wd,full-size,pickup,grey,sd
5950,2008.0,mitsubishi,eclipse,good,4 cylinders,gas,79989.0,clean,manual,fwd,mid-size,coupe,black,oh
16995,1980.0,jeep,cj-7,excellent,,gas,5272.0,clean,automatic,,,,,la
5995,2013.0,ford,focus titanium hatchback,,,gas,150000.0,clean,automatic,,,,,oh
11327,2014.0,mazda,cx-5,excellent,4 cylinders,gas,109044.0,clean,automatic,fwd,mid-size,SUV,black,wi
4900,2009.0,toyota,camry,,4 cylinders,gas,203623.0,clean,automatic,fwd,,sedan,red,pa
39900,2017.0,,International 4300,excellent,6 cylinders,diesel,161556.0,clean,automatic,rwd,full-size,truck,yellow,ri
4500,2008.0,honda,odyssey ex,good,,gas,162962.0,clean,automatic,,,,,pa
6995,2004.0,ford,f-150 xl 2dr standard cab,excellent,8 cylinders,gas,166332.0,,automatic,,,truck,,ca
84747,2019.0,ford,super duty f-350 srw,,8 cylinders,diesel,7263.0,clean,automatic,4wd,,truck,,or
12995,2007.0,nissan,titan,excellent,8 cylinders,gas,169595.0,clean,automatic,4wd,,,,wa
3000,1979.0,chevrolet,malibu,good,6 cylinders,gas,34064.0,clean,automatic,rwd,full-size,sedan,black,nj
2900,2001.0,volvo,s80,good,6 cylinders,gas,148939.0,clean,automatic,fwd,full-size,sedan,black,wa
32000,2012.0,gmc,savanna,excellent,6 cylinders,gas,87000.0,clean,automatic,rwd,,,,mt
300,2007.0,chevrolet,aveo,,,gas,100000.0,clean,automatic,,,,,pa
15990,2015.0,toyota,camry le sedan 4d,good,,hybrid,56696.0,clean,other,fwd,,sedan,black,sc
4500,2009.0,toyota,camry xle,excellent,4 cylinders,gas,200000.0,clean,automatic,fwd,,,,oh
7700,2012.0,jeep,compass,good,,gas,122573.0,clean,automatic,fwd,,wagon,grey,mo
9200,2012.0,jeep,liberty sport,excellent,6 cylinders,gas,98000.0,clean,automatic,fwd,mid-size,SUV,white,tx
15499,2018.0,chevrolet,equinox,,4 cylinders,gas,43060.0,clean,automatic,,,SUV,white,fl
10995,2013.0,volkswagen,passat,like new,5 cylinders,gas,84256.0,clean,automatic,fwd,mid-size,sedan,silver,or
17995,2018.0,chrysler,300,,,gas,61828.0,clean,automatic,rwd,full-size,sedan,white,fl
6800,2010.0,audi,q5 3.2 quattro premium,excellent,6 cylinders,gas,173000.0,clean,automatic,4wd,mid-size,SUV,grey,nj
29990,2003.0,ford,super duty f-550 drw,good,8 cylinders,diesel,54703.0,clean,manual,4wd,full-size,truck,red,ny
42590,2020.0,buick,enclave premium sport,good,6 cylinders,gas,1134.0,clean,other,,,SUV,black,oh
22930,2017.0,nissan,pathfinder,,6 cylinders,gas,72083.0,clean,automatic,4wd,full-size,SUV,silver,tx
18990,2018.0,mitsubishi,eclipse cross es,good,,other,15808.0,clean,other,,,hatchback,red,mo
16781,2011.0,ford,ranger xlt,like new,6 cylinders,gas,66885.0,clean,automatic,4wd,full-size,truck,silver,in
29590,2017.0,ford,expedition xlt sport,good,6 cylinders,gas,70760.0,clean,other,4wd,,SUV,blue,ga
7980,2012.0,,chevorlet impala,excellent,6 cylinders,gas,106772.0,clean,automatic,fwd,mid-size,sedan,,oh
47590,2020.0,gmc,yukon slt sport utility 4d,good,8 cylinders,gas,31181.0,clean,other,,,other,white,wi
25000,2014.0,gmc,sierra,,,gas,126422.0,clean,automatic,4wd,,pickup,white,dc
27995,2014.0,ford,f250 super duty crew cab,,8 cylinders,other,123674.0,clean,automatic,4wd,,pickup,white,ny
9000,2005.0,,isuzu npr box truck,fair,,diesel,245000.0,clean,automatic,rwd,,truck,white,ny
3900,2014.0,,Explorer,,,gas,179000.0,clean,automatic,4wd,,,,co
12995,1999.0,chevrolet,tahoe ls 2dr ls,,8 cylinders,gas,149052.0,clean,automatic,4wd,,SUV,green,il
12989,2013.0,honda,cr-v,excellent,4 cylinders,gas,145481.0,clean,automatic,4wd,mid-size,SUV,grey,wi
42997,2019.0,ford,f-150,,,gas,22906.0,clean,automatic,4wd,,pickup,,or
23990,2015.0,infiniti,qx60 3.5 sport utility,good,6 cylinders,gas,42327.0,clean,other,,,SUV,,ia
5800,2003.0,jeep,grand cherokee laredo 4x4,excellent,6 cylinders,gas,1.0,clean,automatic,4wd,mid-size,SUV,blue,ca
4900,2007.0,honda,odyssey exl,good,4 cylinders,gas,239073.0,clean,automatic,fwd,full-size,mini-van,blue,nm
9590,2010.0,kia,forte sx sedan 4d,good,,gas,85615.0,clean,other,fwd,,sedan,silver,md
3500,2003.0,honda,accord,excellent,6 cylinders,gas,195000.0,clean,automatic,fwd,full-size,sedan,brown,ia
4500,2011.0,mazda,3,excellent,4 cylinders,gas,145000.0,clean,automatic,fwd,mid-size,sedan,red,va
9850,2016.0,toyota,corolla,excellent,4 cylinders,gas,97000.0,clean,automatic,fwd,compact,sedan,,ia
4200,2009.0,hyundai,sonata,excellent,4 cylinders,gas,93000.0,clean,automatic,fwd,compact,sedan,black,al
14900,2014.0,chevrolet,camaro lt convertible,excellent,6 cylinders,gas,58000.0,clean,automatic,rwd,,,,ny
21900,2015.0,chevrolet,silverado 2500,excellent,8 cylinders,gas,,clean,automatic,4wd,,pickup,white,mt
5600,2004.0,toyota,camry solara sle v6,good,6 cylinders,gas,179.0,clean,automatic,fwd,,coupe,black,ia
19495,2018.0,jeep,cherokee,,,gas,28151.0,clean,automatic,4wd,,SUV,,il
3000,2010.0,jeep,liberty,,6 cylinders,gas,133667.0,clean,automatic,4wd,,SUV,custom,oh
6995,2006.0,lexus,es330,excellent,6 cylinders,gas,105949.0,clean,automatic,fwd,mid-size,sedan,black,nj
44990,2014.0,chevrolet,corvette stingray,good,8 cylinders,gas,22973.0,clean,other,rwd,,coupe,black,ca
4900,2010.0,chevrolet,malibu lt,excellent,4 cylinders,gas,110000.0,clean,automatic,4wd,full-size,sedan,brown,ct
33590,2014.0,toyota,tundra crewmax sr5 pickup,good,,other,55251.0,clean,other,,,pickup,red,nc
15700,2014.0,audi,q7,excellent,,gas,108161.0,clean,automatic,,,,,or
18000,2012.0,chevrolet,silverado 1500,excellent,8 cylinders,gas,149000.0,clean,automatic,4wd,full-size,pickup,blue,ny
666,2006.0,infiniti,g35,good,4 cylinders,gas,141276.0,clean,automatic,fwd,compact,sedan,silver,ca
9299,2011.0,audi,a3 tdi premium plus,like new,4 cylinders,diesel,102000.0,clean,automatic,fwd,full-size,hatchback,blue,ny
12995,2014.0,volvo,xc60,,,gas,99090.0,clean,automatic,fwd,,SUV,black,tx
4200,2001.0,volkswagen,new passat,,,gas,110182.0,clean,automatic,,,sedan,red,ca
6450,2010.0,jeep,patriot limited,excellent,4 cylinders,gas,102702.0,clean,automatic,,,,,oh
38590,2011.0,chevrolet,corvette grand sport,good,8 cylinders,gas,30237.0,clean,other,rwd,,other,red,al
9000,2014.0,ford,escape,,4 cylinders,gas,135000.0,clean,automatic,,,SUV,custom,nc
29990,2018.0,audi,a6 2.0t premium plus sedan,good,,other,24996.0,clean,automatic,,,sedan,silver,sc
15995,2013.0,honda,pilot ex l w/dvd 4dr suv,good,6 cylinders,gas,108236.0,clean,automatic,,,SUV,,ar
3250,2003.0,ford,taurus se standard,excellent,6 cylinders,gas,133000.0,clean,automatic,,,sedan,,ca
24900,2018.0,honda,accord,,4 cylinders,gas,21844.0,clean,automatic,fwd,mid-size,sedan,brown,tx
6500,2008.0,ford,expedition,,,gas,206000.0,clean,automatic,,,,,tx
45000,1969.0,chevrolet,c10,good,,gas,10000.0,clean,automatic,,,,red,ca
9300,2012.0,audi,a6 3.0t quattro,good,6 cylinders,gas,94191.0,clean,automatic,4wd,compact,sedan,black,wi
6500,2001.0,ford,f150 supercrew,good,8 cylinders,gas,204444.0,clean,automatic,4wd,,offroad,white,tx
23999,2018.0,chrysler,300,,6 cylinders,gas,58609.0,clean,automatic,,,sedan,silver,ak
35000,1950.0,mercury,2 door coup,excellent,,gas,9727.0,clean,automatic,,,,,co
58800,2017.0,ford,f-350 super duty,like new,,diesel,180000.0,clean,automatic,4wd,full-size,truck,white,tx
28590,2019.0,nissan,frontier crew cab sv,good,,other,21939.0,clean,other,fwd,,pickup,white,tx
2995,2005.0,buick,lesabre limited,good,6 cylinders,gas,213824.0,clean,automatic,fwd,full-size,sedan,blue,ks
3200,2006.0,acura,tl,fair,6 cylinders,gas,160250.0,clean,automatic,fwd,full-size,sedan,silver,ma
8990,2013.0,chevrolet,equinox,good,4 cylinders,gas,127100.0,clean,automatic,fwd,,wagon,black,nj
27841,2017.0,lexus,is 200t,like new,,gas,34591.0,clean,automatic,rwd,compact,,white,mi
23995,2017.0,lexus,es,,,gas,19305.0,clean,automatic,,,other,,ny
4900,2007.0,toyota,prius,excellent,4 cylinders,hybrid,159155.0,clean,automatic,fwd,full-size,hatchback,grey,fl
17590,2012.0,acura,tl sh-awd sedan 4d,good,,other,67899.0,clean,other,,,sedan,white,tn
35500,2019.0,chevrolet,silverado 4x4,like new,8 cylinders,gas,7189.0,clean,automatic,4wd,full-size,truck,black,sc
9995,2011.0,chevrolet,silverado 1500 lt 4x4,,8 cylinders,gas,223700.0,clean,automatic,4wd,full-size,pickup,silver,id
9000,2013.0,ford,fusion se,good,4 cylinders,gas,87700.0,clean,automatic,fwd,,sedan,black,tx
45000,1959.0,chevrolet,corvette,good,8 cylinders,gas,5000.0,clean,manual,rwd,full-size,convertible,blue,me
30990,2019.0,ford,ranger supercrew xl pickup,good,,other,1834.0,clean,other,,,pickup,black,ga
2800,2004.0,chevrolet,impala,good,6 cylinders,gas,200000.0,clean,automatic,fwd,mid-size,sedan,silver,co
259,2018.0,nissan,rogue sv,excellent,4 cylinders,gas,53143.0,,automatic,4wd,,SUV,,wi
51325,2020.0,ford,f150 lariat 4wd,,,gas,5503.0,clean,automatic,,,,,fl
13600,2019.0,kia,forte fe cvt,excellent,4 cylinders,gas,33600.0,clean,automatic,fwd,full-size,sedan,silver,nj
54000,2016.0,,Kenworth,like new,,diesel,171000.0,clean,other,,,,,mo
36900,2015.0,jeep,wrangler unlimited,,,gas,52727.0,clean,automatic,4wd,,convertible,red,id
27900,2016.0,toyota,sienna,like new,6 cylinders,gas,40000.0,clean,automatic,fwd,,,grey,in
5275,2011.0,mitsubishi,lancer - es,excellent,4 cylinders,gas,150000.0,clean,automatic,fwd,mid-size,sedan,silver,nj
15436,2016.0,chrysler,town & country,,6 cylinders,gas,123757.0,clean,automatic,fwd,,,black,oh
10900,2009.0,toyota,highlander limited,excellent,6 cylinders,gas,109099.0,clean,automatic,fwd,full-size,SUV,silver,ga
20590,2014.0,bmw,4 series 428i coupe 2d,good,,gas,59476.0,clean,other,rwd,,coupe,black,ny
19995,2015.0,honda,pilot 4wd v6 touring,excellent,6 cylinders,gas,121766.0,clean,automatic,4wd,full-size,SUV,white,nc
6995,2006.0,mazda,tribute,excellent,6 cylinders,gas,126929.0,clean,automatic,fwd,,,,tx
8967,2012.0,chevrolet,traverse,,,gas,129575.0,clean,automatic,fwd,,,silver,fl
7400,2013.0,hyundai,elantra limited,,,gas,123000.0,clean,automatic,,,,,ny
19988,2014.0,ford,super duty f-350 6.2,excellent,8 cylinders,gas,160142.0,clean,automatic,rwd,,truck,white,mo
12998,2014.0,mini,countryman,,4 cylinders,gas,45353.0,clean,manual,fwd,compact,SUV,black,va
5700,2013.0,chevrolet,cruze lt,like new,4 cylinders,gas,158669.0,clean,automatic,,,sedan,,fl
12500,2009.0,chevrolet,silverado 1500,good,8 cylinders,gas,190000.0,clean,automatic,4wd,full-size,truck,white,il
21000,2005.0,chevrolet,corvette,like new,8 cylinders,gas,99000.0,clean,manual,rwd,full-size,coupe,red,ny
24900,2017.0,rover,discovery sport,,,gas,33000.0,clean,automatic,,,,white,nv
22995,2008.0,toyota,tundra,,,gas,114416.0,clean,automatic,4wd,,pickup,,ca
72995,2020.0,ram,"2500 6"" lifted laramie crew 4x4",,6 cylinders,diesel,23403.0,clean,automatic,4wd,,pickup,grey,az
26963,2019.0,chrysler,300-series,,6 cylinders,gas,39141.0,clean,other,rwd,,sedan,,mt
47590,2020.0,toyota,tundra crewmax limited,good,8 cylinders,gas,4034.0,clean,other,,,pickup,silver,fl
13500,1990.0,chevrolet,c 1500 short bed,good,,gas,10000.0,clean,automatic,,compact,,white,nc
7499,2006.0,honda,civic lx,,4 cylinders,gas,87141.0,clean,automatic,fwd,,coupe,black,ca
10500,2011.0,gmc,acadia,excellent,6 cylinders,gas,149575.0,clean,automatic,4wd,full-size,SUV,white,mn
37590,2019.0,,Genesis G70 3.3T Advanced Sedan,good,6 cylinders,gas,41725.0,clean,other,,,sedan,silver,fl
35590,2014.0,lexus,ls 460 sedan 4d,good,,other,23238.0,clean,other,,,sedan,silver,mi
26988,2018.0,chevrolet,eqinox,excellent,4 cylinders,gas,19725.0,clean,automatic,4wd,mid-size,SUV,red,wi
26998,2013.0,bmw,7 series,,8 cylinders,gas,48752.0,clean,automatic,rwd,full-size,sedan,black,ga
32500,2011.0,,Kenworth,,,diesel,725000.0,clean,manual,,,,,nm
11900,2006.0,dodge,dakota slt 4x4,excellent,8 cylinders,gas,89400.0,clean,automatic,4wd,,truck,black,de
41990,2019.0,lincoln,continental reserve,good,6 cylinders,gas,9345.0,clean,other,fwd,,sedan,blue,wv
6500,2013.0,,INTERNATIONAL,excellent,6 cylinders,diesel,388746.0,clean,automatic,rwd,full-size,bus,white,nh
18000,2013.0,mercedes-benz,glk 350,,6 cylinders,gas,66747.0,clean,automatic,4wd,,SUV,brown,fl
10499,2013.0,subaru,outback 2.5i limited,like new,4 cylinders,gas,127000.0,clean,automatic,4wd,,wagon,red,vt
27990,2012.0,gmc,sierra 2500 hd extended cab,good,8 cylinders,gas,68696.0,clean,other,4wd,,pickup,black,sc
8995,2013.0,ford,escape,good,4 cylinders,gas,97253.0,clean,automatic,,,other,grey,ct
34990,2016.0,gmc,canyon crew cab sle pickup,good,6 cylinders,gas,34425.0,clean,other,4wd,,pickup,red,tx
27999,2019.0,chevrolet,camaro,excellent,6 cylinders,gas,32700.0,clean,automatic,fwd,,convertible,white,ca
40590,2019.0,,Genesis G70 3.3T Dynamic Edition,good,6 cylinders,gas,3205.0,clean,other,rwd,,sedan,red,md
8700,2014.0,nissan,altima s,excellent,4 cylinders,gas,104303.0,clean,automatic,fwd,,sedan,,nm
5495,2004.0,toyota,camry,excellent,4 cylinders,gas,178021.0,clean,automatic,fwd,full-size,sedan,,ct
10500,2006.0,lexus,gs300,good,6 cylinders,gas,89124.0,clean,automatic,fwd,mid-size,sedan,grey,az
13980,2009.0,ford,e-150,,,gas,107950.0,clean,automatic,rwd,full-size,other,white,tx
10295,2012.0,gmc,acadia slt awd,,6 cylinders,gas,121254.0,clean,automatic,4wd,,,,ny
13999,2011.0,audi,a4,excellent,,gas,71190.0,clean,manual,,,sedan,red,ct
63990,2019.0,audi,q8 premium sport utility 4d,good,,other,20126.0,clean,automatic,,,other,black,va
39864,2017.0,mercedes-benz,glc,,,gas,36358.0,clean,automatic,,,,,ok
30997,2011.0,jeep,wrangler,,,gas,107497.0,clean,automatic,4wd,,SUV,white,ca
3000,1993.0,lincoln,town car,fair,8 cylinders,gas,168000.0,clean,automatic,rwd,full-size,sedan,blue,dc
25990,2016.0,buick,enclave leather sport,good,6 cylinders,gas,25750.0,clean,other,fwd,,other,,tx
31990,2020.0,lincoln,mkz sedan 4d,good,,other,622.0,clean,other,,,sedan,,tx
4500,2013.0,dodge,avenger sxt,good,4 cylinders,gas,157000.0,clean,automatic,,,sedan,blue,tx
36999,2017.0,toyota,tacoma sr 4x4 quarter ton,,,gas,48827.0,clean,automatic,4wd,,truck,white,id
38990,2017.0,jeep,wrangler unlimited rubicon,good,6 cylinders,gas,20676.0,clean,other,4wd,,other,red,il
21977,2007.0,chevrolet,"silverado 2500hd 2wd ext cab 157.5"" ltz",,8 cylinders,,166383.0,clean,automatic,rwd,,pickup,blue,or
10999,2016.0,chevrolet,cruze limited,excellent,4 cylinders,gas,24000.0,clean,manual,fwd,compact,sedan,blue,or
6980,2008.0,toyota,avalon,,6 cylinders,gas,158888.0,,automatic,fwd,,sedan,silver,al
33590,2014.0,gmc,sierra 1500 crew cab slt,good,8 cylinders,gas,57923.0,clean,other,,,pickup,white,ma
22590,2015.0,hyundai,genesis coupe 3.8 2d,good,6 cylinders,gas,20346.0,clean,other,rwd,,coupe,,ny
7500,2008.0,ford,f150 xl,excellent,6 cylinders,gas,144120.0,clean,automatic,rwd,mid-size,truck,white,oh
8995,2010.0,bmw,x5,excellent,6 cylinders,gas,148623.0,clean,automatic,4wd,,SUV,black,or
12500,1980.0,,International Scout Traveler,,,gas,99842.0,clean,automatic,,,,blue,oh
24990,2014.0,mitsubishi,fuso fe,good,4 cylinders,diesel,117851.0,clean,automatic,rwd,full-size,truck,white,me
10495,2012.0,hyundai,santa fe,excellent,,gas,114989.0,clean,automatic,4wd,,SUV,black,pa
41999,2016.0,ford,f250 super duty crew cab,,8 cylinders,diesel,110970.0,clean,automatic,4wd,,pickup,,fl
6900,2009.0,ford,fusion,,,gas,131818.0,rebuilt,automatic,,,,,ia
4995,2013.0,chevrolet,cruze,good,4 cylinders,gas,154698.0,clean,automatic,fwd,mid-size,sedan,black,nc
16000,2012.0,dodge,grand caravan,,6 cylinders,gas,69989.0,rebuilt,automatic,,,,,ca
19500,2015.0,lincoln,mkz,,4 cylinders,gas,60458.0,clean,automatic,,,sedan,white,il
39500,2013.0,ford,f750,excellent,6 cylinders,diesel,99332.0,clean,automatic,rwd,,truck,white,tx
3495,2000.0,chevrolet,2500 hd,,,gas,211000.0,clean,automatic,,,,,mn
12500,2005.0,,2005 mustang gt,good,8 cylinders,gas,91300.0,clean,manual,rwd,,,black,az
29999,2015.0,ram,promaster cargo,excellent,,gas,124087.0,clean,automatic,fwd,,,white,mi
17488,2017.0,honda,civic ex-t fwd,,,gas,26612.0,clean,automatic,,,other,black,sc
15995,2017.0,chevrolet,equinox,,4 cylinders,gas,91297.0,clean,automatic,fwd,,SUV,black,fl
1500,2018.0,toyota,corolla,like new,6 cylinders,gas,25857.0,clean,automatic,fwd,full-size,sedan,brown,tx
6500,2007.0,honda,accord,excellent,4 cylinders,gas,117400.0,clean,automatic,fwd,,sedan,grey,ia
26590,2017.0,kia,k900 premium sedan 4d,good,6 cylinders,gas,34618.0,clean,other,rwd,,sedan,silver,oh
10900,2008.0,gmc,yukon,,,gas,178195.0,clean,automatic,4wd,,SUV,white,ok
27995,2019.0,dodge,charger,excellent,6 cylinders,gas,26765.0,clean,automatic,rwd,,sedan,white,oh
16795,2010.0,ford,mustang,excellent,8 cylinders,gas,83032.0,clean,automatic,rwd,full-size,truck,,fl
10995,2017.0,ford,escape,,,gas,65593.0,clean,automatic,fwd,,SUV,white,oh
15989,2013.0,ford,e-350sd,,,,182857.0,clean,automatic,rwd,,truck,white,tn
16590,2015.0,volkswagen,beetle 1.8t fleet,good,,gas,39649.0,clean,other,fwd,,hatchback,black,nv
43750,2017.0,chevrolet,silverado 1500,like new,8 cylinders,gas,66131.0,clean,automatic,4wd,full-size,truck,silver,ca
3700,2010.0,pontiac,g6,excellent,6 cylinders,gas,181188.0,clean,automatic,fwd,,sedan,black,wi
69990,2020.0,chevrolet,silverado medium duty,,,diesel,2375.0,clean,automatic,4wd,,other,red,vt
33000,2015.0,chevrolet,tahoe ltz,excellent,,gas,120000.0,clean,automatic,4wd,full-size,SUV,black,tn
23995,2011.0,bmw,3 series,,,gas,74000.0,clean,automatic,,,other,,ca
24999,2018.0,nissan,rogue sv awd gas suv auto,,,gas,24501.0,clean,automatic,4wd,,SUV,silver,or
2500,2011.0,toyota,prius ii,,4 cylinders,hybrid,212197.0,clean,automatic,fwd,full-size,,silver,ca
22000,1950.0,chevrolet,sport coupe,excellent,8 cylinders,gas,12345.0,clean,automatic,rwd,mid-size,coupe,yellow,co
4000,2000.0,ford,f150 lariet,good,8 cylinders,gas,272000.0,rebuilt,manual,rwd,full-size,truck,custom,fl
19390,2013.0,ram,1500,good,8 cylinders,gas,129705.0,clean,automatic,rwd,full-size,truck,white,ks
11888,2007.0,chevrolet,silverado 1500,,8 cylinders,,132251.0,clean,automatic,4wd,,truck,black,oh
5995,2007.0,audi,a4 quattro,excellent,4 cylinders,gas,139754.0,clean,automatic,4wd,mid-size,sedan,grey,ny
19900,2017.0,audi,a5 sport convertible,,,gas,58000.0,rebuilt,automatic,,,,,ky
6500,1978.0,ford,ranchero,good,8 cylinders,gas,80000.0,clean,automatic,rwd,full-size,pickup,red,az
46800,2015.0,gmc,sierra 2500hd,,8 cylinders,diesel,66400.0,,automatic,4wd,,pickup,red,ms
31998,2013.0,ram,2500,,,diesel,132402.0,clean,automatic,,,,,tx
7995,2011.0,subaru,impreza sport wagon,good,4 cylinders,gas,98511.0,rebuilt,automatic,4wd,,,red,ca
25990,2016.0,,Isuzu NPR HD GAS REG,good,8 cylinders,gas,172373.0,clean,automatic,rwd,full-size,truck,white,md
28174,2018.0,chevrolet,traverse premier,like new,6 cylinders,gas,87200.0,clean,automatic,fwd,full-size,SUV,silver,ar
5959,2007.0,toyota,corolla le,excellent,,gas,144254.0,clean,automatic,,,,,ok
9900,2014.0,toyota,camry,excellent,4 cylinders,gas,116000.0,clean,automatic,fwd,mid-size,,,ia
12995,2013.0,mercedes-benz,c-class,,,gas,90551.0,clean,automatic,,,coupe,white,tx
10990,2009.0,lexus,es 350,good,6 cylinders,gas,102078.0,clean,automatic,fwd,,sedan,silver,nj
26590,2016.0,bmw,3 series 340i sedan 4d,good,,other,64708.0,clean,other,rwd,,sedan,red,pa
5500,2002.0,gmc,sonoma,,,gas,231419.0,clean,automatic,,,,,ia
19300,2014.0,toyota,highlander,excellent,6 cylinders,gas,123000.0,lien,automatic,4wd,,,,il
3500,2003.0,acura,tl,,,gas,164000.0,clean,automatic,,,,,ct
4533,2008.0,jeep,patriot sport,excellent,4 cylinders,gas,147498.0,,other,,,SUV,,oh
28900,2015.0,jeep,wrangler unlimi,,,gas,68040.0,clean,automatic,,,other,black,tn
27990,2020.0,ford,ranger supercab xl pickup,good,,gas,10688.0,clean,other,,,pickup,white,mi
52990,2014.0,ford,super duty f-550 drw,good,8 cylinders,diesel,15886.0,clean,automatic,4wd,full-size,truck,white,ia
31950,2016.0,bmw,x5 xdrive35i awd suv,,,gas,52902.0,clean,automatic,,,,,ia
31795,2019.0,ram,1500,,,gas,43910.0,clean,automatic,4wd,,pickup,,va
59999,2018.0,gmc,sierra 2500 hd all terrain,,,gas,35425.0,clean,automatic,4wd,,truck,black,wa
6500,2014.0,ford,focus se hatchback,good,4 cylinders,gas,119900.0,clean,automatic,fwd,,hatchback,grey,il
2549,2019.0,gmc,terrain,excellent,4 cylinders,gas,3359.0,clean,automatic,4wd,,SUV,silver,oh
3300,2007.0,mazda,mazda6 i sport,good,4 cylinders,gas,137780.0,clean,manual,fwd,full-size,sedan,grey,va
12995,2008.0,ford,"ranger 2wd reg cab 112"" xl",,6 cylinders,gas,85005.0,clean,automatic,rwd,,truck,,ca
14991,2015.0,bmw,x1 sdrive28i,good,4 cylinders,gas,100054.0,clean,automatic,rwd,,other,white,az
35590,2011.0,dodge,challenger srt8 coupe 2d,good,8 cylinders,gas,16796.0,clean,other,rwd,,coupe,green,wi
26589,2018.0,mercedes-benz,c-class,,4 cylinders,gas,44121.0,clean,automatic,4wd,compact,sedan,white,md
24990,2020.0,jeep,compass,,,other,10035.0,clean,automatic,,,,,la
33995,2014.0,chevrolet,silverado,,,other,80032.0,clean,automatic,4wd,,pickup,,ak
8495,2012.0,hyundai,sonata,,,gas,145818.0,clean,automatic,,full-size,sedan,blue,pa
7750,2007.0,toyota,4runner sport edition,excellent,6 cylinders,gas,252800.0,clean,automatic,4wd,,SUV,grey,co
32995,2014.0,ford,super duty f-250,,8 cylinders,diesel,174281.0,clean,automatic,4wd,,truck,silver,id
10999,2011.0,ford,explorer,,,gas,162272.0,clean,automatic,fwd,,SUV,white,mi
15500,2014.0,jeep,grand cherokee limited 4x4,excellent,6 cylinders,gas,116000.0,clean,automatic,4wd,,SUV,white,il
26990,2018.0,alfa-romeo,romeo giulia ti sedan 4d,good,,gas,14017.0,clean,other,rwd,,sedan,white,ma
59999,2016.0,ram,3500,,6 cylinders,diesel,92931.0,clean,automatic,4wd,,truck,,or
38990,2017.0,jeep,wrangler unlimited rubicon,good,6 cylinders,gas,20676.0,clean,other,4wd,,other,red,ar
26900,2015.0,toyota,tacoma,excellent,6 cylinders,gas,76500.0,clean,automatic,rwd,full-size,pickup,black,ga
14995,2011.0,buick,lucerne,,,gas,23819.0,clean,automatic,,,,,in
12995,2014.0,honda,cr-v ex,excellent,4 cylinders,gas,106216.0,clean,automatic,4wd,,SUV,brown,wi
14299,2015.0,ford,escape,,,gas,98510.0,clean,automatic,4wd,,,white,mn
38990,2018.0,ram,1500,,,other,2842.0,clean,automatic,,,,,la
500,2012.0,,PROGRAMS as little as $500!,,,gas,50000.0,clean,automatic,,,,,ma
35990,2020.0,lexus,ux 250h f sport suv 4d,good,,gas,4300.0,clean,other,,,hatchback,,ca
2500,1999.0,lexus,es 300,,,gas,200000.0,clean,automatic,,,,,ca
37990,2018.0,dodge,challenger r/t scat pack,good,8 cylinders,gas,22869.0,clean,other,rwd,,coupe,silver,ca
3700,2006.0,honda,civic,good,4 cylinders,gas,165000.0,clean,automatic,fwd,compact,sedan,blue,tx
12995,2013.0,jeep,grand cherokee,,6 cylinders,gas,94979.0,clean,automatic,rwd,mid-size,SUV,silver,fl
7500,2011.0,subaru,impreza 2.5i,excellent,4 cylinders,gas,93641.0,clean,automatic,4wd,full-size,sedan,silver,oh
21995,2015.0,bmw,535i gran turismo,,6 cylinders,gas,61272.0,clean,automatic,rwd,,hatchback,grey,ca
35990,2019.0,acura,rdx sh-awd technology pkg,good,,gas,22100.0,clean,other,,,other,white,ca
25990,2017.0,ford,expedition xlt sport,good,,other,74795.0,clean,other,4wd,,SUV,red,wv
3499,1998.0,gmc,envoy,,6 cylinders,gas,134000.0,clean,automatic,,,,green,il
8950,2008.0,nissan,pathfinder,excellent,8 cylinders,gas,148000.0,clean,automatic,rwd,full-size,SUV,blue,ca
1300,2001.0,chrysler,pt cruiser,,,gas,225000.0,clean,automatic,,,,,nc
24995,2018.0,jeep,cherokee,excellent,6 cylinders,gas,18731.0,clean,automatic,4wd,mid-size,SUV,silver,mn
34995,2019.0,lincoln,mkz,,,gas,11981.0,clean,automatic,,,sedan,black,tx
16900,2011.0,jeep,wrangler unlimited sahara,,,gas,164232.0,clean,automatic,4wd,,,,mi
19900,2016.0,ford,f-150,,,gas,85000.0,rebuilt,automatic,,,,,ky
39590,2019.0,chevrolet,silverado 1500 crew,good,,gas,21014.0,clean,other,4wd,,pickup,brown,oh
28590,2020.0,ford,transit connect passenger,good,,gas,20772.0,clean,other,fwd,,wagon,,co
5569,2008.0,nissan,altima,,,gas,142941.0,clean,automatic,,,,,mn
41995,2017.0,ford,f-350 superduty dually 4x4,,,other,280463.0,clean,automatic,4wd,,pickup,white,al
12500,2005.0,ford,f-350 super duty,good,8 cylinders,diesel,207000.0,clean,automatic,rwd,full-size,truck,blue,fl
20590,2016.0,acura,tlx 2.4 sedan 4d,good,,gas,25393.0,clean,automatic,fwd,,sedan,white,co
14995,2008.0,chevrolet,silverado,,,gas,154387.0,clean,automatic,fwd,,other,white,fl
19999,2019.0,jeep,renegade latitude,excellent,4 cylinders,gas,33579.0,clean,automatic,fwd,,SUV,,fl
29590,2018.0,toyota,4runner sr5 sport utility,good,,other,57790.0,clean,other,,,SUV,black,ny
9499,2012.0,hyundai,santa fe,,4 cylinders,gas,109290.0,clean,automatic,,,SUV,silver,az
29999,2010.0,chevrolet,camaro,,,gas,58015.0,clean,automatic,,compact,coupe,black,oh
18838,2017.0,ford,explorer suv,,,gas,70222.0,clean,automatic,,,,,fl
5499,2009.0,mini,cooper clubman,,4 cylinders,gas,98702.0,clean,automatic,fwd,,coupe,,ga
35980,2017.0,chevrolet,silverado 1500,,,other,50740.0,clean,automatic,4wd,,,black,ia
24995,2016.0,dodge,charger se awd,like new,6 cylinders,gas,42422.0,clean,automatic,4wd,full-size,sedan,black,ak
28990,2018.0,alfa-romeo,romeo stelvio sport suv 4d,good,,other,21943.0,clean,other,,,hatchback,black,il
30000,1955.0,chevrolet,resto-mod,excellent,8 cylinders,gas,42000.0,clean,manual,rwd,full-size,sedan,black,ny
11995,2009.0,infiniti,fx35,,,gas,126607.0,clean,automatic,4wd,,SUV,,oh
22495,2018.0,toyota,camry,,4 cylinders,gas,27543.0,clean,automatic,fwd,mid-size,sedan,white,wa
5995,2006.0,mitsubishi,galant,excellent,4 cylinders,gas,60961.0,clean,automatic,fwd,mid-size,sedan,blue,ca
4950,2005.0,toyota,camry le,excellent,6 cylinders,gas,151000.0,clean,automatic,fwd,mid-size,sedan,grey,ca
12991,2015.0,honda,cr-v,,,gas,92997.0,clean,automatic,,,SUV,white,tx
29600,2019.0,gmc,savana,like new,8 cylinders,gas,30052.0,clean,automatic,rwd,full-size,van,white,tn
9995,2016.0,kia,,,,gas,55046.0,clean,automatic,,,,,ia
4450,2007.0,nissan,sentra,excellent,4 cylinders,gas,141000.0,clean,automatic,fwd,,,,wi
9300,2010.0,mercedes-benz,benz e350,good,6 cylinders,gas,61500.0,clean,automatic,rwd,,coupe,grey,fl
61590,2019.0,audi,q8 premium sport utility 4d,good,6 cylinders,gas,7218.0,clean,automatic,,,other,white,ma
24995,2008.0,chevrolet,crew 4x4 ltz,,8 cylinders,diesel,217123.0,clean,automatic,4wd,,truck,white,fl
4500,2005.0,subaru,outback,,4 cylinders,gas,119025.0,clean,automatic,4wd,,wagon,silver,pa
5500,2008.0,saturn,outlook,good,6 cylinders,gas,142000.0,clean,automatic,4wd,full-size,SUV,white,ca
14495,2014.0,nissan,armada,,,gas,140928.0,clean,automatic,4wd,,wagon,black,nj
32999,2011.0,ford,super duty f-350 srw,,8 cylinders,diesel,100762.0,clean,automatic,4wd,,truck,white,or
19990,2017.0,fiat,500 abarth hatchback 2d,good,,gas,6054.0,clean,other,fwd,,hatchback,,sc
25000,1989.0,chevrolet,camaro,,,gas,11900.0,clean,automatic,,,,white,hi
105000,1970.0,,plymouth cuda,,,gas,51000.0,clean,manual,,,,,ca
23995,2018.0,dodge,journey se,like new,6 cylinders,gas,49000.0,clean,automatic,4wd,full-size,SUV,blue,mi
7995,2007.0,infiniti,m45,excellent,,gas,214740.0,clean,automatic,rwd,,sedan,black,ga
16000,1974.0,chevrolet,silverado,like new,8 cylinders,gas,89999.0,clean,automatic,4wd,full-size,pickup,custom,tx
16990,2012.0,lexus,ct 200h premium hatchback,good,,hybrid,65113.0,clean,other,fwd,,hatchback,red,sc
6000,1996.0,toyota,4runner sr5,excellent,6 cylinders,gas,164053.0,clean,automatic,rwd,,,silver,ca
3195,2003.0,honda,accord ex,good,6 cylinders,gas,181000.0,clean,automatic,fwd,mid-size,sedan,blue,in
6000,1973.0,honda,accord,good,8 cylinders,gas,60000.0,clean,automatic,rwd,full-size,truck,white,ca
10000,2013.0,,FRHT   TR,fair,,diesel,661563.0,clean,manual,,,truck,black,nm
20995,2016.0,toyota,tacoma,excellent,,gas,92620.0,clean,automatic,,,pickup,white,ca
24990,2016.0,dodge,charger sxt sedan 4d,good,6 cylinders,gas,2108.0,clean,other,rwd,,sedan,silver,ca
16000,2003.0,ford,f-250,good,10 cylinders,gas,64708.0,clean,automatic,4wd,full-size,truck,blue,wa
21800,2014.0,ford,f150,excellent,,gas,67300.0,clean,automatic,,,,white,mi
25450,2019.0,,RANGER,,,gas,1800.0,rebuilt,automatic,,,,,fl
14950,2013.0,nissan,nv200,,4 cylinders,gas,116670.0,clean,automatic,fwd,,other,custom,ca
2220,2007.0,saturn,ion quad coupe,good,4 cylinders,gas,214000.0,clean,automatic,fwd,,coupe,,nh
5450,2009.0,pontiac,g6,excellent,6 cylinders,gas,119876.0,clean,automatic,fwd,full-size,sedan,silver,oh
26990,2014.0,chevrolet,silverado 1500 crew,good,6 cylinders,gas,63129.0,clean,automatic,,,pickup,black,tx
3495,2010.0,mazda,3,,4 cylinders,gas,189845.0,clean,automatic,fwd,,sedan,black,vt
7991,2003.0,volkswagen,passat,,4 cylinders,gas,30077.0,clean,automatic,fwd,,wagon,white,ok
1695,1997.0,toyota,camry,good,,gas,202000.0,clean,automatic,,,,,ca
18687,2016.0,honda,accord,excellent,,gas,56136.0,clean,automatic,fwd,,coupe,,ok
30990,2018.0,acura,mdx sh-awd sport utility,good,6 cylinders,gas,34605.0,clean,other,,,SUV,white,ct
4695,2006.0,infiniti,m35x,excellent,6 cylinders,gas,186000.0,clean,automatic,4wd,full-size,sedan,silver,ma
11500,2015.0,honda,civic lx,excellent,4 cylinders,gas,80321.0,clean,automatic,fwd,mid-size,sedan,blue,az
28995,2020.0,ford,edge titanium suv,,,gas,30700.0,clean,automatic,fwd,,,,ca
6995,2013.0,kia,rio lx,excellent,4 cylinders,gas,102495.0,clean,automatic,fwd,mid-size,sedan,silver,ca
35990,2018.0,chevrolet,silverado 1500,,,gas,37722.0,clean,automatic,4wd,,,,mn
21999,2014.0,dodge,durango limited awd gas,,,gas,95484.0,clean,automatic,4wd,,SUV,grey,or
1750,2002.0,nissan,sentra gxe,good,4 cylinders,gas,232099.0,clean,automatic,fwd,compact,sedan,brown,ca
18900,2011.0,chrysler,town and country,excellent,6 cylinders,gas,87805.0,clean,automatic,fwd,mid-size,mini-van,silver,ma
9900,2005.0,honda,accord cpe,excellent,6 cylinders,gas,85630.0,clean,automatic,fwd,mid-size,coupe,silver,ca
3500,2009.0,mitsubishi,lancer,good,other,gas,180000.0,clean,automatic,,full-size,sedan,red,fl
39950,2018.0,gmc,sierra 2500hd,,8 cylinders,other,109474.0,clean,automatic,4wd,full-size,pickup,white,ks
5500,2007.0,toyota,camry hybrid,,,hybrid,191500.0,clean,automatic,,,,,ia
5500,2008.0,ford,mustang,excellent,6 cylinders,gas,180000.0,rebuilt,automatic,rwd,mid-size,coupe,red,or
43990,2019.0,jeep,wrangler unlimited sahara,good,,gas,4362.0,clean,other,4wd,,SUV,black,md
197,2017.0,jeep,new compass latitude,excellent,4 cylinders,gas,72034.0,,automatic,,,SUV,,fl
22999,2007.0,ram,2500,,,diesel,207000.0,clean,manual,,,,,il
12495,2014.0,honda,accord sport,excellent,4 cylinders,gas,117390.0,clean,automatic,fwd,,sedan,black,in
11498,2009.0,toyota,rav4 limited awd,good,6 cylinders,gas,114259.0,clean,automatic,4wd,,,green,wi
1,2016.0,jeep,wrangler unlimited,excellent,6 cylinders,gas,57722.0,clean,other,4wd,compact,wagon,white,fl
13900,2017.0,toyota,prius,excellent,4 cylinders,gas,31701.0,rebuilt,automatic,fwd,,hatchback,black,wi
23590,2017.0,volvo,s60 t5 inscription,good,,other,25484.0,clean,other,,,sedan,,ny
1,2015.0,mercedes-benz,e-class,excellent,10 cylinders,gas,59749.0,clean,automatic,4wd,compact,sedan,blue,fl
21998,2003.0,,HUMMER H2,,,gas,103568.0,clean,automatic,4wd,,SUV,green,ca
25990,2016.0,gmc,sierra 1500 regular cab,good,8 cylinders,gas,24688.0,clean,other,,,pickup,white,fl
17900,2008.0,toyota,tundra,,8 cylinders,gas,96000.0,clean,automatic,rwd,full-size,pickup,silver,fl
6500,2011.0,kia,sorento awd,excellent,6 cylinders,gas,120000.0,clean,automatic,4wd,,,,oh
10800,2013.0,honda,civic lx,,,gas,93914.0,clean,automatic,,,,,hi
48990,2015.0,ford,f-350,,,diesel,116065.0,clean,automatic,4wd,,pickup,white,ma
10495,2011.0,mini,cooper countryman s all4,like new,4 cylinders,gas,83726.0,clean,automatic,4wd,full-size,hatchback,black,me
1800,2001.0,volkswagen,jetta,good,4 cylinders,gas,149250.0,clean,manual,fwd,,,green,ky
16988,2014.0,dodge,durango limited awd,,6 cylinders,gas,154696.0,clean,automatic,4wd,,SUV,white,ca
22990,2012.0,toyota,tacoma access cab pickup,good,,gas,37725.0,clean,other,,,pickup,white,in
30895,2017.0,chevrolet,3500hd lcf diesel,,,diesel,77934.0,clean,automatic,rwd,,,white,ca
11000,2005.0,chevrolet,silverado 1500,,,gas,145553.0,clean,automatic,,,,,hi
37859,2020.0,bmw,3 series,,,gas,31134.0,clean,automatic,,,,,il
22995,2019.0,dodge,journey,,,gas,11100.0,clean,automatic,,,hatchback,white,ak
8990,2011.0,jeep,grand cherokee laredo,,,gas,173000.0,clean,automatic,,,,,al
10997,2008.0,ford,ranger supercab,excellent,6 cylinders,gas,142000.0,clean,automatic,,,truck,blue,ca
12999,2015.0,chevrolet,camaro lt 2dr,excellent,6 cylinders,gas,60000.0,clean,automatic,fwd,full-size,coupe,blue,sc
8995,2013.0,chevrolet,malibu eco,,4 cylinders,gas,123266.0,clean,automatic,fwd,,sedan,white,va
11995,2007.0,honda,ridgeline rtx,good,6 cylinders,gas,94089.0,rebuilt,automatic,4wd,,,silver,ca
46900,2015.0,chevrolet,silverado 3500hd,excellent,8 cylinders,diesel,138000.0,clean,automatic,4wd,full-size,truck,red,va
23990,2020.0,volkswagen,jetta 1.4t sel,good,,other,9763.0,clean,other,fwd,,sedan,black,tx
24995,2012.0,ford,f-150 supercrew xlt 4x4,,,gas,109870.0,clean,automatic,4wd,,pickup,,ca
11900,2012.0,mercedes-benz,benz c300 4matic,like new,6 cylinders,gas,83567.0,clean,automatic,,,sedan,white,pa
17995,2013.0,gmc,yukon,,8 cylinders,other,131566.0,clean,automatic,4wd,,SUV,,id
29990,2019.0,ford,ranger supercrew xlt pickup,good,,gas,13628.0,clean,other,,,pickup,silver,va
11490,2017.0,mitsubishi,lancer es sedan 4d,good,4 cylinders,gas,58400.0,clean,automatic,4wd,,,white,pa
8945,2008.0,toyota,camry,excellent,4 cylinders,gas,68781.0,clean,automatic,fwd,compact,sedan,silver,ky
4600,2006.0,bmw,530,excellent,6 cylinders,gas,146000.0,clean,automatic,,,,white,oh
19990,2014.0,subaru,forester 2.0xt touring,good,,gas,56987.0,clean,other,,,hatchback,red,ca
14900,2014.0,gmc,yukon,excellent,8 cylinders,gas,,clean,automatic,4wd,full-size,SUV,white,az
18999,2014.0,nissan,xterra pro-4x,excellent,6 cylinders,gas,123063.0,clean,automatic,4wd,full-size,SUV,grey,co
36590,2013.0,chevrolet,corvette grand sport,good,,other,79156.0,clean,other,,,other,,in
9257,2012.0,toyota,corolla,,,gas,123077.0,clean,automatic,fwd,,sedan,,wa
4350,2002.0,honda,cr-v,,,gas,,clean,automatic,4wd,,SUV,,va
21990,2020.0,hyundai,sonata se sedan 4d,good,,other,13793.0,clean,other,,,sedan,blue,va
35590,2011.0,dodge,challenger srt8 coupe 2d,good,8 cylinders,gas,16796.0,clean,other,rwd,,coupe,green,wi
6497,2012.0,mini,cooper countryman,good,4 cylinders,gas,113000.0,clean,automatic,fwd,mid-size,wagon,blue,ca
58988,2020.0,gmc,sierra 1500 at4 automatic,,,diesel,33166.0,clean,automatic,4wd,,pickup,white,ak
21990,2017.0,gmc,acadia sle-1 sport utility,good,,gas,48959.0,clean,other,fwd,,SUV,white,tx
37995,2020.0,ford,transit,excellent,6 cylinders,gas,32000.0,clean,automatic,rwd,full-size,van,white,ia
10500,2015.0,kia,optima,,4 cylinders,gas,127892.0,clean,automatic,fwd,,sedan,white,ca
12975,2019.0,chevrolet,cruze rs,like new,4 cylinders,gas,11000.0,lien,automatic,fwd,sub-compact,hatchback,black,oh
6795,2009.0,nissan,altima,excellent,4 cylinders,gas,111800.0,clean,automatic,fwd,mid-size,sedan,white,ny
2500,2013.0,toyota,camry,like new,4 cylinders,gas,121611.0,clean,automatic,,,wagon,grey,tx
17499,2012.0,acura,mdx technology awd,excellent,6 cylinders,gas,84000.0,clean,automatic,4wd,full-size,SUV,white,ny
29990,2018.0,audi,a6 2.0t premium sedan 4d,good,,gas,13035.0,clean,other,fwd,,sedan,,ga
30990,2016.0,chevrolet,silverado 1500 double,good,6 cylinders,gas,40426.0,clean,other,4wd,,pickup,,ny
25000,2012.0,toyota,tacoma,excellent,6 cylinders,gas,148368.0,clean,automatic,4wd,mid-size,pickup,grey,ny
13995,2016.0,ford,fusion se,good,4 cylinders,gas,77783.0,clean,automatic,fwd,,sedan,silver,ca
49990,2018.0,bmw,x5 xdrive50i sport utility,good,8 cylinders,gas,17083.0,clean,automatic,,,other,black,mn
8395,2010.0,honda,accord lx,excellent,4 cylinders,gas,120000.0,clean,automatic,fwd,mid-size,sedan,grey,in
9000,2008.0,toyota,4runner,excellent,6 cylinders,gas,205000.0,clean,automatic,4wd,,,white,ny
3500,2013.0,dodge,challenger sxt,,6 cylinders,gas,106255.0,clean,automatic,,full-size,coupe,black,tx
29999,2017.0,honda,ridgeline rtl,,,gas,39800.0,clean,automatic,fwd,,,,nm
26991,2011.0,chevrolet,camaro,,8 cylinders,gas,30522.0,clean,manual,rwd,,coupe,blue,ok
16888,2016.0,hyundai,"tucson se - awd - 3 months / 3,000 miles limited warranty",,4 cylinders,gas,83478.0,clean,automatic,4wd,,SUV,black,wa
29950,2012.0,porsche,cayenne turbo awd,,,gas,107730.0,clean,automatic,,,,,wi
19990,2019.0,kia,sportage lx sport utility 4d,good,,gas,6163.0,clean,other,fwd,,SUV,silver,wi
4000,2002.0,chevrolet,blazer ls,like new,6 cylinders,gas,101000.0,clean,automatic,fwd,full-size,SUV,black,ny
8999,2012.0,hyundai,veloster,excellent,4 cylinders,gas,103842.0,clean,automatic,fwd,,coupe,,wa
6500,2010.0,jeep,compass latitude,,,gas,155000.0,clean,automatic,,,,,pa
13800,2013.0,subaru,crosstrek,good,4 cylinders,gas,112624.0,clean,automatic,,compact,hatchback,grey,or
3995,2002.0,volkswagen,passat,,,gas,111067.0,clean,automatic,,,,,wi
26999,2013.0,toyota,4runner,excellent,,gas,92847.0,clean,automatic,4wd,,SUV,white,co
11000,1966.0,dodge,coronet 440,excellent,8 cylinders,gas,76583.0,clean,automatic,rwd,mid-size,coupe,red,az
1650,2003.0,chevrolet,malibu,good,6 cylinders,gas,174000.0,clean,automatic,fwd,mid-size,sedan,brown,oh
15200,2013.0,cadillac,ats sedan,like new,,gas,67000.0,clean,automatic,,,,silver,tx
34000,2015.0,ford,f-150,excellent,6 cylinders,gas,109000.0,lien,automatic,4wd,,truck,black,tx
25590,2019.0,acura,tlx 2.4 sedan 4d,good,,gas,19524.0,clean,other,fwd,,sedan,silver,il
31590,2020.0,mazda,mx-5 miata club,good,,gas,2195.0,clean,other,rwd,,other,,il
7500,1980.0,gmc,sierra 1500,good,6 cylinders,gas,95000.0,clean,automatic,rwd,,,,ca
6500,2014.0,jeep,compass sport 4x4 suv,excellent,4 cylinders,gas,150000.0,clean,automatic,4wd,,SUV,black,me
3000,1997.0,mercedes-benz,e420,good,8 cylinders,gas,138500.0,clean,automatic,rwd,full-size,sedan,silver,ny
11000,2003.0,jeep,wrangler,excellent,6 cylinders,gas,153641.0,clean,manual,4wd,mid-size,SUV,red,mi
18995,2015.0,chevrolet,silverado 2500 hd,excellent,8 cylinders,gas,180291.0,,other,,,truck,,co
9628,2012.0,ford,edge limited wagon,excellent,6 cylinders,gas,126821.0,,automatic,,,wagon,,mi
4800,2005.0,gmc,envoy,good,6 cylinders,gas,198000.0,salvage,automatic,4wd,,,,mo
12999,2015.0,jeep,cherokee,excellent,4 cylinders,gas,100679.0,clean,automatic,4wd,,SUV,,wv
24995,2013.0,ford,f-250,,,other,101462.0,clean,automatic,4wd,,pickup,red,ak
43990,2020.0,acura,mdx technology pkg sport,good,6 cylinders,gas,1835.0,clean,other,fwd,,SUV,blue,wi
7500,1968.0,,1968,good,8 cylinders,gas,96000.0,clean,manual,,full-size,truck,white,ca
20786,2017.0,kia,sportage ex sport utility 4d,good,4 cylinders,gas,36556.0,clean,automatic,,,SUV,red,or
72777,2018.0,ford,f350 super duty crew cab,excellent,8 cylinders,diesel,32158.0,clean,automatic,4wd,,pickup,grey,wa
13900,2003.0,,HUMMER H2,excellent,8 cylinders,gas,163941.0,clean,automatic,4wd,,SUV,,nc
9200,2005.0,toyota,tundra sr5,excellent,8 cylinders,gas,182000.0,clean,automatic,rwd,full-size,truck,red,ga
9999,2014.0,nissan,maxima s,good,6 cylinders,gas,83298.0,clean,automatic,fwd,mid-size,sedan,brown,oh
2995,2005.0,chevrolet,classic,,,gas,213000.0,clean,automatic,,,,silver,mn
28495,2016.0,ram,1500 express,,8 cylinders,gas,76820.0,clean,automatic,4wd,,,,id
17995,2015.0,ford,escape,,4 cylinders,gas,33522.0,clean,automatic,4wd,mid-size,SUV,white,oh
38693,2016.0,gmc,sierra 1500,,,gas,75793.0,clean,automatic,4wd,,pickup,,ks
18988,2015.0,toyota,camry hybrid,,4 cylinders,hybrid,29508.0,clean,automatic,fwd,,sedan,red,tx
19990,2017.0,subaru,legacy 2.5i premium sedan,good,,gas,10309.0,clean,other,,,sedan,white,tx
6200,2003.0,ford,ranger xlt,good,6 cylinders,gas,109000.0,clean,automatic,4wd,mid-size,,red,ny
32999,2013.0,ford,f150 fx4 4x4 half ton gas,,,gas,46952.0,clean,automatic,4wd,,truck,blue,wa
5000,2003.0,ford,f450,fair,8 cylinders,diesel,250000.0,clean,automatic,rwd,full-size,truck,white,az
8990,2016.0,chevrolet,trax,,,gas,81978.0,rebuilt,automatic,fwd,,SUV,white,fl
69988,2016.0,chevrolet,silverado 3500 hd crew cab,excellent,8 cylinders,diesel,48649.0,clean,automatic,,,,,wa
4999,2004.0,subaru,legacy wagon,good,4 cylinders,gas,127472.0,clean,automatic,,,wagon,blue,pa
800,2003.0,honda,accord ex-l v6 coupe,fair,,gas,194000.0,clean,automatic,4wd,,coupe,silver,pa
14000,2006.0,,freightliner m2 106,good,,diesel,308554.0,clean,automatic,,full-size,truck,white,ma
3500,1991.0,honda,accord,,4 cylinders,gas,153919.0,clean,automatic,fwd,,sedan,blue,al
9000,2011.0,chevrolet,silverado,good,,gas,139718.0,clean,automatic,,,,,al
7900,2010.0,jeep,liberty,,6 cylinders,gas,146751.0,clean,automatic,4wd,,SUV,silver,nj
9900,2012.0,mercedes-benz,c300 sport,,,gas,112450.0,clean,automatic,,,,,nj
33995,2012.0,,Isuzu NPR HD 15' Box Truck,,4 cylinders,diesel,41736.0,clean,automatic,rwd,,van,white,ca
4999,2007.0,toyota,prius,,4 cylinders,hybrid,118132.0,clean,automatic,fwd,,other,silver,dc
7995,2016.0,volkswagen,jetta,excellent,,gas,148217.0,clean,automatic,fwd,,sedan,black,ca
32990,2015.0,ford,mustang gt coupe 2d,good,8 cylinders,gas,20832.0,clean,other,rwd,,coupe,silver,ca
3200,2009.0,chrysler,town & country,good,6 cylinders,gas,223000.0,clean,automatic,fwd,,mini-van,,mi
39865,2018.0,dodge,charger,,,gas,37436.0,clean,automatic,rwd,,,,il
36000,2012.0,ford,super duty f-350 drw,,8 cylinders,diesel,149341.0,clean,automatic,4wd,,truck,black,id
8800,1999.0,chevrolet,corvette,,,gas,131695.0,rebuilt,manual,,,coupe,silver,tx
27994,2015.0,chevrolet,colorado,,,gas,79964.0,clean,,,,other,,co
9995,2014.0,subaru,legacy,,,gas,125638.0,clean,automatic,,,sedan,red,nh
57995,2012.0,chevrolet,silverado 2500hd,excellent,8 cylinders,diesel,36683.0,clean,automatic,4wd,,,,mt
39590,2018.0,mercedes-benz,slc 300 roadster,good,,other,42300.0,clean,other,rwd,,convertible,,ny
5999,2004.0,lincoln,navigator,good,8 cylinders,gas,162555.0,clean,automatic,4wd,full-size,SUV,black,ct
18000,2009.0,ford,f-150,excellent,8 cylinders,gas,126000.0,clean,automatic,4wd,full-size,truck,black,il
13685,2015.0,dodge,journey,,,gas,78124.0,clean,automatic,fwd,,,,mo
35000,2017.0,jeep,wrangler unlmtd. sahara 4x4,like new,6 cylinders,gas,60840.0,clean,automatic,4wd,full-size,SUV,brown,ok
9999,2015.0,honda,fit,,4 cylinders,gas,73896.0,clean,automatic,fwd,mid-size,hatchback,custom,il
12595,2015.0,mazda,cx-5 fwd 4dr auto touring,,4 cylinders,,108332.0,clean,automatic,fwd,,SUV,grey,tx
24900,2010.0,jeep,wrangler 4x4 sport,excellent,6 cylinders,gas,94960.0,clean,manual,4wd,mid-size,SUV,black,sc
10950,2014.0,kia,cadenza,excellent,6 cylinders,gas,115450.0,clean,automatic,rwd,full-size,sedan,silver,fl
10800,2016.0,honda,civic,excellent,4 cylinders,gas,47000.0,rebuilt,automatic,fwd,,,,md
44999,2018.0,bmw,x5 xdrive 35i awd gas suv,,,gas,33536.0,clean,automatic,4wd,,SUV,grey,wa
19500,1977.0,chevrolet,corvette,good,8 cylinders,gas,65000.0,clean,automatic,rwd,,,silver,in
10442,2013.0,acura,ilx,excellent,,gas,72785.0,rebuilt,automatic,,,sedan,white,ky
17700,2013.0,ram,1500 tradesman 4x4,excellent,8 cylinders,gas,126773.0,clean,automatic,4wd,full-size,pickup,green,oh
40911,2018.0,chevrolet,silverado,,,gas,36308.0,clean,,fwd,,pickup,silver,ca
8100,2008.0,volvo,xc90 3.2 awd,fair,,gas,120103.0,clean,automatic,,,,grey,ri
2000,1998.0,honda,civic,fair,4 cylinders,gas,120000.0,clean,automatic,fwd,full-size,other,silver,wa
3500,2013.0,toyota,prius,,,gas,160000.0,clean,automatic,,,,,tx
36995,2018.0,toyota,tacoma,,6 cylinders,gas,52665.0,clean,automatic,4wd,,truck,blue,or
38590,2012.0,chevrolet,corvette grand sport,good,8 cylinders,gas,32086.0,clean,automatic,rwd,,convertible,white,sc
28590,2017.0,jeep,wrangler sport suv 2d,good,,other,31783.0,clean,other,4wd,,other,,ma
9000,2014.0,dodge,dart,,,gas,90000.0,clean,automatic,,,,,ar
5950,2007.0,chrysler,300,excellent,,gas,145000.0,clean,automatic,,,,,ca
24968,2011.0,ford,f-150 lariat,,,gas,1.0,clean,automatic,,,,,sc
9200,2014.0,toyota,camry se sport,fair,4 cylinders,gas,78800.0,clean,automatic,fwd,full-size,sedan,silver,co
33990,2019.0,acura,rdx sh-awd sport utility,good,,gas,11902.0,clean,other,,,SUV,red,md
16777,2018.0,hyundai,santa fe sport,excellent,4 cylinders,gas,33484.0,clean,automatic,fwd,mid-size,SUV,black,oh
4200,1985.0,chevrolet,camaro,,,gas,100000.0,clean,automatic,,,,,wi
33590,2014.0,toyota,tundra crewmax sr5 pickup,good,,other,55251.0,clean,other,,,pickup,red,pa
5500,1948.0,,plymouth,good,6 cylinders,gas,85000.0,clean,manual,rwd,,,,ok
10495,2016.0,ford,c-max hybrid,,4 cylinders,hybrid,71835.0,clean,automatic,fwd,,wagon,custom,ak
15950,1982.0,chevrolet,k5 blazer,good,8 cylinders,gas,61136.0,clean,automatic,4wd,full-size,convertible,grey,me
11949,,,olet Malibu,,4 cylinders,gas,39457.0,rebuilt,automatic,fwd,,sedan,silver,ia
9200,2012.0,toyota,prius,,,gas,74627.0,clean,automatic,fwd,,sedan,white,fl
33590,2015.0,mercedes-benz,e-class e 400,good,6 cylinders,gas,23623.0,clean,other,rwd,,convertible,white,ga
38590,2012.0,chevrolet,corvette grand sport,good,8 cylinders,gas,32086.0,clean,automatic,rwd,,convertible,white,mi
1000,2002.0,ford,,,,other,455555.0,salvage,other,,,,,tx
12995,2005.0,ram,1500 st 4dr quad cab st,,8 cylinders,gas,165867.0,clean,automatic,4wd,,pickup,silver,or
1,2013.0,volkswagen,jetta tdi,like new,4 cylinders,diesel,110000.0,clean,automatic,fwd,mid-size,wagon,silver,fl
15990,2013.0,honda,accord lx sedan 4d,good,,gas,46266.0,clean,other,fwd,,sedan,,co
9990,2008.0,lincoln,"08' mkz 79,000 miles!",like new,6 cylinders,gas,79000.0,clean,automatic,,,sedan,red,ky
12499,2016.0,kia,soul,excellent,4 cylinders,gas,83806.0,clean,automatic,fwd,,sedan,grey,ca
8000,2007.0,mercedes-benz,benz e350,excellent,6 cylinders,gas,93000.0,clean,automatic,rwd,,sedan,white,nc
12000,2018.0,dodge,journey,like new,6 cylinders,gas,33000.0,salvage,automatic,fwd,full-size,SUV,silver,nm
50,2012.0,honda,odyssey,good,6 cylinders,gas,100000.0,clean,automatic,fwd,mid-size,mini-van,blue,mn
24777,2017.0,ford,edge sport,,,gas,74497.0,,automatic,4wd,,,black,wa
18200,2010.0,gmc,1500 sierra crew cab,excellent,8 cylinders,gas,148000.0,clean,automatic,4wd,full-size,pickup,silver,ok
9950,2006.0,toyota,highlander hybrid limited,excellent,6 cylinders,hybrid,194000.0,clean,automatic,fwd,full-size,SUV,blue,nj
23977,2018.0,ford,mustang,excellent,4 cylinders,gas,26837.0,clean,,rwd,sub-compact,convertible,black,oh
35590,2015.0,dodge,challenger srt 392 coupe,good,8 cylinders,gas,40626.0,clean,other,rwd,,coupe,,oh
8998,2013.0,nissan,maxima,excellent,,gas,119860.0,clean,automatic,fwd,,sedan,black,ca
23590,2018.0,chrysler,300 touring l sedan 4d,good,6 cylinders,gas,19677.0,clean,other,,,sedan,black,tn
14200,2017.0,jeep,grand cherokee,new,4 cylinders,gas,52000.0,rebuilt,automatic,4wd,,,red,ak
45000,2019.0,ford,f-250,like new,8 cylinders,gas,8500.0,lien,automatic,4wd,,,white,ut
16800,2015.0,ford,mustang,like new,4 cylinders,gas,80066.0,clean,automatic,rwd,mid-size,coupe,blue,fl
44995,2017.0,ford,f-350,good,,gas,75120.0,clean,automatic,,,truck,white,tx
5800,2014.0,,Smart for Two Electric Drive,excellent,other,electric,44000.0,clean,automatic,,,hatchback,red,dc
8900,2013.0,ford,e350 super duty,good,8 cylinders,gas,126000.0,clean,automatic,rwd,full-size,van,white,tx
3999,2007.0,nissan,altima,like new,4 cylinders,gas,100874.0,clean,automatic,fwd,,sedan,,wi
31590,2020.0,mazda,mx-5 miata club,good,,gas,2195.0,clean,other,rwd,,other,,fl
13999,2017.0,nissan,altima 2.5 svsedan,excellent,4 cylinders,gas,92435.0,,automatic,,,sedan,,nc
49998,2017.0,ford,f250 lariat 4x4 diesel,,,diesel,160867.0,clean,automatic,,,,,in
18995,2012.0,rover,sport hse lux,,8 cylinders,gas,101363.0,clean,automatic,4wd,,SUV,black,wi
6495,2013.0,dodge,grand caravan,,,gas,157068.0,clean,automatic,,,,,mi
22599,2018.0,ford,explorer,good,6 cylinders,gas,74619.0,clean,automatic,fwd,full-size,SUV,custom,ky
14995,2014.0,jeep,cherokee,,,gas,121497.0,clean,automatic,4wd,,SUV,,pa
5995,2013.0,mazda,mazda3,,,other,88165.0,salvage,automatic,fwd,,sedan,,pa
16950,2015.0,chevrolet,express passenger,good,8 cylinders,gas,139388.0,clean,automatic,rwd,full-size,van,white,ky
27985,2017.0,chevrolet,silverado 1500,good,6 cylinders,other,84829.0,clean,automatic,4wd,,pickup,black,nh
25003000,1991.0,chevrolet,camaro,fair,6 cylinders,gas,200000.0,clean,automatic,,,,,tx
22990,2014.0,mercedes-benz,benz e350,excellent,6 cylinders,gas,32000.0,clean,automatic,rwd,full-size,sedan,black,wi
45995,2012.0,ram,3500 laramie drw crew cab cummins,,6 cylinders,diesel,97379.0,clean,automatic,4wd,,pickup,red,co
34590,2020.0,,Genesis G70 2.0T Sedan 4D,good,,other,1029.0,clean,other,,,sedan,red,tx
26590,2020.0,honda,civic si coupe 2d,good,,gas,9954.0,clean,other,fwd,,coupe,silver,ma
7999,2011.0,ford,taurus,,,gas,106403.0,clean,automatic,fwd,full-size,sedan,silver,hi
18800,2015.0,gmc,acadia,excellent,6 cylinders,gas,54521.0,clean,automatic,fwd,,SUV,blue,in
8750,2013.0,chevrolet,capiva sport,good,4 cylinders,gas,50510.0,clean,automatic,fwd,mid-size,SUV,silver,oh
5495,2009.0,chrysler,town & country,,,gas,153884.0,clean,automatic,,,,,mi
5900,2012.0,chrysler,town & country,,,gas,143000.0,clean,automatic,,,,,mi
11599,2014.0,honda,accord,,4 cylinders,gas,145238.0,clean,automatic,fwd,,sedan,black,ct
27990,2018.0,nissan,frontier crew cab pro-4x,good,6 cylinders,gas,37332.0,clean,other,4wd,,pickup,silver,nh
7500,2000.0,ford,ranger supercab,good,8 cylinders,gas,100000.0,clean,manual,rwd,mid-size,pickup,black,ut
35995,2013.0,ford,f-150 fx4 lifted crew ecoboost 3.5liter,,6 cylinders,gas,65275.0,clean,automatic,4wd,,pickup,silver,nm
17500,2011.0,chevrolet,avalanche,excellent,,gas,150308.0,clean,automatic,4wd,,sedan,white,tn
6996,2011.0,hyundai,sonata sdn 2.4l auto,excellent,4 cylinders,gas,121668.0,,automatic,,,sedan,,dc
7990,2009.0,honda,cr-v,,,gas,140662.0,clean,automatic,4wd,,SUV,black,va
20195,2012.0,ford,mustang,,8 cylinders,gas,78399.0,clean,manual,rwd,,other,silver,ca
3000,1999.0,mercedes-benz,,,,gas,160000.0,clean,automatic,,,,,va
19495,2008.0,ford,f-350 sd,good,8 cylinders,gas,135758.0,clean,automatic,4wd,full-size,truck,white,oh
18649,2017.0,nissan,altima,like new,4 cylinders,gas,57632.0,clean,automatic,fwd,full-size,sedan,black,co
10600,2013.0,kia,optima sx,like new,4 cylinders,gas,154000.0,clean,automatic,fwd,full-size,sedan,silver,tx
18353,2017.0,honda,accord,,,gas,71503.0,clean,automatic,fwd,,,black,md
22988,2015.0,ram,1500,excellent,,gas,181751.0,clean,automatic,4wd,,pickup,,oh
27990,2014.0,dodge,durango r/t sport utility,good,,other,40911.0,clean,other,,,other,black,mi
3995,2008.0,ford,explorer 4x4,good,6 cylinders,gas,189000.0,clean,automatic,4wd,full-size,SUV,custom,ri
43500,1968.0,chevrolet,camaro,,,gas,43320.0,clean,manual,,,,,tx
12999,2013.0,toyota,venza,excellent,,gas,97912.0,clean,automatic,fwd,,mini-van,grey,tx
19900,2011.0,acura,mdx sh-awd w/advance,excellent,6 cylinders,gas,89600.0,lien,automatic,4wd,mid-size,SUV,black,az
8999,2010.0,bmw,3-series 328i,excellent,6 cylinders,gas,104980.0,,automatic,,,sedan,,ca
21500,2020.0,honda,civic sedan sport cvt,,,,3201.0,clean,automatic,fwd,,,custom,nj
20590,2014.0,bmw,4 series 428i coupe 2d,good,,gas,59476.0,clean,other,rwd,,coupe,black,tx
24590,2019.0,honda,civic si sedan 4d,good,,gas,40319.0,clean,other,fwd,,sedan,blue,il
4300,2009.0,ford,escape,,,gas,190000.0,clean,automatic,,,,,tn
8950,2000.0,harley-davidson,davidson,like new,8 cylinders,gas,138000.0,clean,automatic,,full-size,pickup,black,nj
4899,2014.0,dodge,avenger se,,4 cylinders,gas,155322.0,clean,automatic,fwd,,sedan,red,ca
34590,2017.0,toyota,tacoma access cab trd,good,6 cylinders,gas,20097.0,clean,other,4wd,,pickup,,tn
34300,2005.0,lexus,lx 470,,8 cylinders,gas,147000.0,clean,automatic,4wd,full-size,SUV,black,tx
29950,2015.0,chevrolet,silverado 1500,good,8 cylinders,gas,136677.0,clean,automatic,4wd,full-size,truck,white,ok
6250,2010.0,chevrolet,malibu lt,excellent,4 cylinders,gas,164000.0,clean,automatic,fwd,,sedan,silver,mi
4500,2008.0,lincoln,mkx,excellent,6 cylinders,gas,250000.0,salvage,automatic,4wd,,SUV,white,mn
32958,2019.0,ram,pickup 1500 classic,,8 cylinders,gas,37319.0,clean,automatic,rwd,full-size,pickup,white,ga
12900,2016.0,honda,civic,excellent,,gas,39800.0,clean,automatic,,,,,ca
25990,2016.0,toyota,tacoma access cab sr5,good,,other,79393.0,clean,other,,,pickup,silver,fl
32846,2016.0,,Maserati Ghibli,,,gas,44317.0,clean,automatic,,,,silver,mo
26500,2018.0,subaru,outback limited automatic,,,gas,74952.0,clean,automatic,4wd,,wagon,green,ak
8990,2013.0,,smart fortwo Passion Hatchback,good,,gas,59072.0,clean,automatic,rwd,,coupe,silver,va
16500,2003.0,bmw,m3,excellent,6 cylinders,gas,96804.0,clean,other,rwd,mid-size,convertible,silver,nv
34590,2016.0,chevrolet,silverado 1500 double,good,6 cylinders,gas,29499.0,clean,other,4wd,,pickup,silver,tx
7495,2013.0,dodge,dart limited,,,gas,106390.0,clean,automatic,,,,,wi
7995,2006.0,jaguar,xj,,,gas,75724.0,clean,automatic,,,,,mi
23990,2005.0,ford,f-250,,,diesel,135395.0,clean,automatic,4wd,,pickup,black,or
35910,2016.0,ram,1500,,,gas,19984.0,clean,automatic,4wd,,pickup,,mo
9850,2010.0,acura,tl,like new,6 cylinders,gas,175000.0,clean,automatic,4wd,full-size,sedan,silver,tx
500,2010.0,dodge,,,,gas,140000.0,clean,automatic,,,,,tn
29990,2018.0,cadillac,cts sedan 4d,good,,gas,29431.0,clean,other,,,sedan,,oh
17499,2015.0,toyota,avalon xle premiumsedan,excellent,6 cylinders,gas,49551.0,,automatic,,,sedan,,nc
48000,1963.0,chevrolet,corvette convertible,,8 cylinders,gas,3392.0,clean,manual,rwd,,convertible,blue,il
18980,2008.0,chevrolet,silverado,excellent,8 cylinders,gas,90254.0,clean,automatic,4wd,,pickup,white,wi
28975,2013.0,chevrolet,camaro 1ss 1le,excellent,8 cylinders,gas,41500.0,clean,manual,rwd,mid-size,coupe,yellow,mn
51800,1952.0,chevrolet,belair,excellent,,gas,2940.0,clean,automatic,rwd,,coupe,,fl
19500,2002.0,chevrolet,corvette,excellent,8 cylinders,gas,28056.0,rebuilt,automatic,rwd,,convertible,white,fl
30798,2017.0,dodge,challenger,,,gas,62802.0,clean,automatic,rwd,,,,il
42995,2014.0,ford,super duty f-450 drw,,10 cylinders,gas,83664.0,clean,other,4wd,,truck,white,nc
27590,2019.0,audi,a3 premium sedan 4d,good,,gas,10592.0,clean,other,fwd,,sedan,black,ca
30800,2007.0,chevrolet,corvette,like new,8 cylinders,gas,19428.0,clean,manual,rwd,compact,coupe,yellow,fl
5995,2010.0,chevrolet,equinox,excellent,4 cylinders,gas,139989.0,clean,automatic,,,,,ct
48990,2020.0,bmw,5 series 530i xdrive sedan,good,,gas,3245.0,clean,automatic,,,sedan,black,fl
16451,2014.0,ford,f150,like new,6 cylinders,gas,140285.0,clean,automatic,,,pickup,white,ca
31990,2017.0,ram,1500 crew cab express pickup,good,8 cylinders,gas,15498.0,clean,other,4wd,,pickup,silver,ca
161,2013.0,nissan,pathfinder sl,good,6 cylinders,other,112509.0,clean,automatic,,,other,white,oh
4750,1997.0,jeep,wrangler,,4 cylinders,gas,160000.0,clean,manual,4wd,mid-size,SUV,green,nj
22990,2018.0,volkswagen,beetle 2.0t coast,good,,gas,9303.0,clean,other,fwd,,hatchback,white,ca
69900,2018.0,ram,2500 laramie mega cab 4x4 bds lifted loaded diesel,,6 cylinders,diesel,50332.0,clean,automatic,4wd,,pickup,silver,or
23998,2019.0,ford,f-150,,6 cylinders,gas,24635.0,clean,automatic,rwd,full-size,truck,silver,nc
27590,2018.0,lincoln,mkx reserve sport,good,6 cylinders,gas,48039.0,clean,other,fwd,,other,white,ga
28500,2018.0,audi,a3 prestige,like new,4 cylinders,gas,55000.0,clean,automatic,,sub-compact,sedan,white,nj
6965,2009.0,toyota,corolla,,,gas,136000.0,clean,automatic,fwd,,sedan,,va
27990,2019.0,mitsubishi,outlander phev gt,good,,hybrid,12378.0,clean,other,4wd,,other,red,ca
29991,2019.0,dodge,challenger,,8 cylinders,gas,37431.0,clean,manual,rwd,mid-size,coupe,red,fl
11900,2015.0,kia,optima,excellent,,gas,61004.0,clean,automatic,fwd,,sedan,white,ky
17000,2010.0,ram,3500,good,,diesel,212072.0,clean,automatic,,,,white,ok
41194,2019.0,ram,1500 classic,,8 cylinders,gas,8498.0,clean,other,4wd,,truck,,ak
1200,2004.0,honda,civic,fair,4 cylinders,gas,211942.0,clean,manual,fwd,compact,coupe,white,ca
12999,2008.0,toyota,4runner sport edition,excellent,6 cylinders,gas,146000.0,clean,automatic,4wd,,SUV,silver,vt
24990,2016.0,toyota,highlander,,,gas,60525.0,clean,automatic,4wd,,wagon,white,vt
10995,2017.0,nissan,altima,,,gas,114399.0,clean,automatic,fwd,,sedan,red,va
7750,2010.0,ford,escape,excellent,6 cylinders,gas,127500.0,clean,automatic,4wd,mid-size,SUV,white,nv
7490,2007.0,honda,pilot,good,6 cylinders,gas,85590.0,salvage,manual,4wd,full-size,SUV,grey,fl
8997,2011.0,hyundai,sonata,,,gas,111514.0,clean,automatic,,full-size,sedan,,ks
18998,2014.0,nissan,xterra,,6 cylinders,gas,110482.0,clean,automatic,4wd,mid-size,SUV,red,nc
8200,2010.0,jeep,liberty,excellent,6 cylinders,gas,138728.0,clean,automatic,4wd,mid-size,SUV,red,mi
8495,2012.0,gmc,acadia,excellent,6 cylinders,gas,143817.0,clean,automatic,4wd,,SUV,black,in
13200,2013.0,infiniti,g37x,excellent,6 cylinders,gas,98243.0,clean,automatic,4wd,full-size,sedan,black,or
8945,2008.0,toyota,camry,excellent,4 cylinders,gas,68781.0,clean,automatic,fwd,mid-size,sedan,silver,ky
6395,2007.0,jeep,grand cherokee,excellent,6 cylinders,gas,158.0,clean,automatic,4wd,full-size,SUV,,wi
39990,2018.0,audi,s5 premium plus sedan 4d,good,,other,44054.0,clean,other,,,sedan,black,in
34999,2013.0,ram,1500,,8 cylinders,gas,80251.0,clean,automatic,4wd,,truck,,or
18691,2018.0,mini,cooper base,good,,other,32594.0,clean,automatic,fwd,,hatchback,blue,co
8000,2013.0,hyundai,veloster,excellent,4 cylinders,gas,79000.0,clean,manual,fwd,,coupe,red,nm
8990,2014.0,hyundai,sonata,,,gas,86000.0,clean,automatic,,full-size,sedan,blue,ca
3900,1997.0,ford,super duty,good,8 cylinders,diesel,255000.0,clean,manual,rwd,full-size,truck,white,wi
42900,2013.0,ford,super duty f-250 srw,excellent,8 cylinders,diesel,145000.0,clean,automatic,4wd,full-size,truck,black,va
20500,2017.0,fiat,124 spider,excellent,4 cylinders,gas,7000.0,clean,manual,rwd,,convertible,silver,mi
9995,2011.0,chevrolet,traverse ls,,,gas,93000.0,clean,automatic,,,,,ny
21775,2016.0,cadillac,cts,,4 cylinders,gas,59949.0,clean,automatic,4wd,,sedan,grey,mi
16900,1988.0,ford,bronco ii,,6 cylinders,gas,120000.0,clean,automatic,4wd,,SUV,red,pa
32981,2016.0,ford,f-150,,8 cylinders,gas,47747.0,clean,automatic,rwd,full-size,pickup,custom,tx
10922,2011.0,hyundai,santa fe gls,good,,other,97610.0,clean,automatic,,,other,brown,ar
33888,2019.0,ford,ranger xlt fx4 4x4 1/4 ton,,,gas,27303.0,clean,automatic,4wd,,truck,white,id
26990,2016.0,mazda,mx-5 miata grand touring,good,,gas,7512.0,clean,other,rwd,,other,red,tx
15995,2014.0,lexus,ct 200h hybrid,excellent,4 cylinders,hybrid,68544.0,clean,automatic,,,other,,ca
54999,2020.0,jeep,gladiator,,6 cylinders,gas,11048.0,clean,automatic,4wd,,truck,white,wa
635,2018.0,ford,f-150 lariat ecoboost 4x4,excellent,6 cylinders,gas,47319.0,,automatic,4wd,,truck,,mt
5495,2012.0,chevrolet,impala,excellent,6 cylinders,gas,147534.0,clean,automatic,fwd,full-size,sedan,black,mi
39990,2019.0,jaguar,e-pace p250 s sport,good,,other,93985.0,clean,other,,,other,silver,ny
15999,2016.0,kia,sorento,,6 cylinders,gas,88195.0,clean,automatic,fwd,,SUV,blue,ca
22896,2015.0,ram,1500,,,gas,88671.0,clean,automatic,4wd,,,blue,or
10500,2005.0,dodge,sprinter,good,5 cylinders,diesel,250500.0,clean,automatic,rwd,full-size,van,white,ca
