Feature,Importance
num__vehicle_age,0.4442673996812315
num__odometer,0.12596652023107346
cat__cylinders_4 cylinders,0.06050258207378834
cat__drive_fwd,0.05404185658357659
cat__fuel_diesel,0.05324377920445174
cat__cylinders_8 cylinders,0.026843178640749844
cat__type_sedan,0.020038993430125947
cat__fuel_gas,0.015041375368932132
cat__type_pickup,0.010888691400036296
cat__type_truck,0.0071707897278178515
cat__type_SUV,0.0060258898173969466
cat__state_or,0.005207072350538602
cat__condition_excellent,0.004986953030445118
cat__condition_good,0.00456551017401402
cat__cylinders_6 cylinders,0.00435006760128453
cat__paint_color_white,0.004273934054991127
cat__manufacturer_ford,0.004249461902211369
cat__transmission_automatic,0.0034914919741151373
cat__manufacturer_chevrolet,0.0032797965781441517
cat__manufacturer_mitsubishi,0.0030636837724948643
cat__state_fl,0.00303069409130642
cat__drive_4wd,0.002729781300629878
cat__drive_rwd,0.0026744245383656206
cat__transmission_other,0.002628343135611252
cat__state_ca,0.0025356226189405685
cat__manufacturer_ram,0.0024967909593654773
cat__manufacturer_nissan,0.0024151364682312823
cat__model_Kenworth W900,0.002351882922201305
cat__state_wa,0.0023387984092930955
cat__manufacturer_lexus,0.0021831888963037885
cat__size_compact,0.0021531205486656027
cat__type_hatchback,0.002118851829117579
cat__manufacturer_gmc,0.002091981589125974
cat__manufacturer_toyota,0.0020578579954467478
cat__cylinders_10 cylinders,0.002039467277064698
cat__size_full-size,0.0020209019012599186
cat__type_other,0.0019985965778095277
cat__paint_color_black,0.0019387550244261411
cat__condition_fair,0.001862250402825391
cat__manufacturer_jeep,0.0018412311321314109
cat__title_status_clean,0.0018099416403778619
cat__condition_like new,0.001716139940904081
cat__manufacturer_volkswagen,0.0016865373750959826
cat__model_f-150,0.0016371238081347372
cat__manufacturer_bmw,0.0016284243454261326
cat__manufacturer_kia,0.0015860748209269248
cat__fuel_other,0.0015804349850368487
cat__state_me,0.001551423047746959
cat__state_nh,0.0014104417688080404
cat__type_van,0.001368501086719295
cat__model_Peterbilt 379,0.001274430128315089
cat__type_convertible,0.0012585609034677485
cat__model_wrangler,0.0012191294511768938
cat__transmission_manual,0.0011910285856145545
cat__manufacturer_mercedes-benz,0.0011879429857282306
cat__state_tx,0.0011721792871518535
cat__manufacturer_porsche,0.0011414674371821104
cat__manufacturer_dodge,0.00110998645067408
cat__type_coupe,0.0010579323921950598
cat__model_1500 classic regular cab,0.001037855802367954
cat__model_silverado 1500,0.0009735478261348909
cat__manufacturer_audi,0.000957964446423874
cat__model_malibu,0.0009568467179209781
cat__state_mt,0.0009528955337913385
cat__manufacturer_rover,0.0009306975657303386
cat__manufacturer_cadillac,0.0008754899808281965
cat__fuel_hybrid,0.0008437887747800714
cat__state_il,0.000816039370762482
cat__state_wi,0.0008105779709611394
cat__paint_color_silver,0.0008094603282690308
cat__paint_color_grey,0.0008014716374406308
cat__state_ny,0.0008000695429506324
cat__paint_color_red,0.000795813635721553
cat__paint_color_blue,0.0007709768692976918
cat__model_charger,0.0007612750115230819
cat__state_id,0.0007602458829700324
cat__state_mi,0.0007268798890974502
cat__model_Sterling Acterra,0.000713231116044504
cat__state_oh,0.0006988481118275162
cat__manufacturer_acura,0.0006894745501802467
cat__manufacturer_lincoln,0.0006684760442051651
cat__model_corvette,0.00063660534111696
cat__model_Flexible Down Payments,0.0006310107461523036
cat__state_ma,0.0006284334196495289
cat__state_nc,0.0005949372473854272
cat__model_wrangler unlimited,0.0005746948370565727
cat__size_mid-size,0.0005686040040206795
cat__model_f-250 sd,0.0005669705911472184
cat__model_2500 tradesman usa truck,0.0005559035378957787
cat__model_corvette grand sport,0.000553544889930287
cat__model_Janesville,0.0005529911678749923
cat__manufacturer_subaru,0.0005504341878450042
cat__paint_color_green,0.0005463447828112528
cat__manufacturer_honda,0.0005454140687871714
cat__model_7 series 740i sedan 4d,0.0005345549037727765
cat__state_az,0.0005155056388331986
cat__model_1500,0.0005137734841668207
cat__model_PROGRAMS as little as $500 DOWN!,0.0005099253573980891
cat__manufacturer_hyundai,0.0005079925094087825
cat__state_ok,0.0005058845203677916
cat__state_co,0.0004919418896979546
cat__model_silverado,0.0004720247018169896
cat__type_wagon,0.00046874282707125
cat__state_ia,0.0004552438165361702
cat__model_Grand Caravan,0.0004526359830311634
cat__manufacturer_tesla,0.00041435021113423793
cat__model_fj cruiser,0.0004072289817350332
cat__title_status_salvage,0.0003959692337161889
cat__model_gto,0.00039216683739591487
cat__model_express commercial cutaway,0.000391714772592283
cat__state_nj,0.00039105490437010826
cat__model_3500,0.0003905880963811433
cat__model_escalade,0.0003840883473061181
cat__model_2500,0.0003788300482655926
cat__model_enclave avenir sport,0.00037163824627530157
cat__state_tn,0.00036970272465072177
cat__state_hi,0.00036923701586277725
cat__paint_color_yellow,0.00035971766401012825
cat__model_ierra 1500,0.0003527022397073757
cat__state_ak,0.0003368329006704648
cat__manufacturer_infiniti,0.0003319908265437149
cat__state_nv,0.0003166343143618797
cat__title_status_rebuilt,0.00031117622238170304
cat__state_pa,0.00030474102045943225
cat__model_camaro,0.0003032136111481295
cat__model_encore gx select sport,0.0002976754814135539
cat__type_bus,0.0002962981321653037
cat__model_e-pace p300 r-dynamic se,0.000296220638184893
cat__cylinders_12 cylinders,0.0002933475523636876
cat__state_ar,0.00029250249168216947
cat__state_dc,0.00029230495515460874
cat__model_silverado 3500hd,0.0002887293606734691
cat__manufacturer_buick,0.00028498335516376915
cat__model_5500,0.0002795889098618037
cat__model_wrangler unlimited sahara,0.0002771523127139783
cat__model_ranger supercab xl pickup,0.00026949157539447443
cat__condition_new,0.00026361643434797587
cat__state_vt,0.0002605784206794481
cat__model_f-250,0.0002566101786954996
cat__model_x3,0.0002517340694499555
cat__model_cayenne,0.0002493430451200116
cat__state_ks,0.0002477711161153156
cat__state_ct,0.0002461852611815538
cat__manufacturer_volvo,0.00024285598856397034
cat__model_sienna,0.00024001089513733942
cat__model_s-class,0.00023514463560181354
cat__paint_color_custom,0.00022849906276002426
cat__state_la,0.00022373203036165834
cat__state_nm,0.0002201132682182321
cat__manufacturer_mazda,0.00021368891449808196
cat__model_1500 laramie 4x4,0.00021155876962387048
cat__model_tahoe lt,0.0002069453456652644
cat__model_grand cherokee,0.0002054365938834041
cat__model_altima,0.000204679739648045
cat__state_ne,0.00019886080581124635
cat__model_plymouth barracuda,0.00019478748445874252
cat__model_pickup,0.00019399750406878544
cat__model_land cruiser,0.0001934794603326961
cat__manufacturer_jaguar,0.00019336503217366247
cat__model_Freightliner FL-80 Dump Truck 5.9 Cummins,0.00019054842761193888
cat__model_lx 470,0.00018853607920145935
cat__manufacturer_pontiac,0.00018853516677768992
cat__type_mini-van,0.0001884504771195947
cat__model_HUMMER H2,0.00018514140621836975
cat__model_cc4500,0.0001811385340251858
cat__model_wrangler unlimited rubicon,0.00018090400563434308
cat__manufacturer_chrysler,0.000180499870865702
cat__model_continental reserve,0.0001796040627559261
cat__model_mustang l,0.00017797359863012323
cat__model_F-150,0.00016672310958061498
cat__state_in,0.0001657841652673043
cat__model_xt4,0.0001654185773277971
cat__model_sierra 1500,0.00016364882821099557
cat__model_m3,0.0001611466693779849
cat__state_ky,0.00016006466523981895
cat__model_tacoma,0.0001592854801922384
cat__model_smart fortwo Passion Hatchback,0.00015426729794343412
cat__model_wrangler s,0.0001536490452464961
cat__model_mustang,0.00015286743429478001
cat__size_sub-compact,0.000152293673413648
cat__paint_color_orange,0.00015120114136035878
cat__state_al,0.0001478016654160682
cat__model_cayenne turbo awd,0.00014592889756598825
cat__paint_color_brown,0.0001457791428344899
cat__state_mn,0.0001450697822117109
cat__model_freightliner cascadia,0.0001450406433728252
cat__model_sierra 2500 slt,0.0001388923574274297
cat__state_mo,0.0001387882654120553
cat__model_yukon slt sport utility 4d,0.00013768028214482012
cat__model_4runner,0.00013390462108175464
cat__model_cruze,0.00013242249708960872
cat__model_Hino 268,0.00013163523266986984
cat__model_explorer,0.0001299302481012362
cat__model_focus,0.00012700854685470696
cat__model_ls 460 sedan 4d,0.00012677442474426866
cat__model_transit cutaway,0.00012647077555163344
cat__model_1500 classic,0.00012145528803030502
cat__model_rogue sport,0.0001213517657706195
cat__model_escalade esv luxury,0.00012013583222326143
cat__model_accord,0.00012005905436802665
cat__model_tahoe,0.00011924187973342854
cat__model_jetta,0.00011598747760842721
cat__model_yukon,0.00011447258767392204
cat__model_cadenza premium,0.0001144367184185225
cat__model_ANY,0.000114436161692688
cat__model_escape,0.00011290070700371177
cat__state_md,0.00011125799639286377
cat__state_sd,0.00011026747331156649
cat__type_offroad,0.00010943793940066536
cat__model_4runner sr5 premium 25k in add ons and modifications * overland 4x4 ready* all keys*remote start* full icon lift set up* full gobi roof rack set up w/ tent* upgraded sound,0.00010624775561888834
cat__model_silverado 2500 hd crew,0.00010490715633362193
cat__model_4-runner,0.00010287838397308582
cat__model_rav4,0.00010283807422001206
cat__state_sc,0.00010172345487827928
cat__model_impala,0.00010133095671913678
cat__model_f250 platinum 4x4,9.911257628631868e-05
cat__model_Pilot,9.712930909993166e-05
cat__model_corvette stingray,9.692490846495263e-05
cat__model_7 series 750i xdrive sedan,9.5965303187686e-05
cat__model_glc,9.568267497620803e-05
cat__model_f250 4x4,9.481927925079069e-05
cat__state_va,9.473396142375525e-05
cat__model_camry le,9.287625794705468e-05
cat__model_super duty f-350 srw,9.26080010579538e-05
cat__model_Maserati GranTurismo Coupe 2D,9.251236549363752e-05
cat__model_rio,8.990070032479076e-05
cat__model_odyssey ex-l,8.922004266619992e-05
cat__model_camaro rs,8.881318382945058e-05
cat__model_3 series m340i sedan 4d,8.639706499116915e-05
cat__title_status_lien,8.62610595616735e-05
cat__model_econoline cargo van,8.603824528151667e-05
cat__manufacturer_mini,8.539046217386452e-05
cat__state_ga,8.537194738480913e-05
cat__model_sl-class sl 550,8.444539048065066e-05
cat__model_m6,8.376113378635077e-05
cat__model_xf,8.159085784221788e-05
cat__fuel_electric,8.137939838016709e-05
cat__model_terrain,8.12372616616622e-05
cat__model_silverado 1500 regular,8.089998707766223e-05
cat__model_f-350 super duty 4x2 2dr re,8.058350790093765e-05
cat__state_ri,8.031940253165884e-05
cat__model_econoline commercial cutaway,7.924572961610228e-05
cat__model_macan turbo awd crossove,7.867450155166875e-05
cat__manufacturer_harley-davidson,7.763613858332857e-05
cat__model_f250,7.694815397245189e-05
cat__model_super duty f-250 srw,7.565972265659411e-05
cat__model_3-series,7.502199280264592e-05
cat__model_yukon xl,7.404860867925551e-05
cat__model_corvette convertible,7.336361937776447e-05
cat__model_f150 lariat,7.292362900308453e-05
cat__model_sl-class,7.249774026425782e-05
cat__model_elantra,7.225372879335706e-05
cat__model_m6 coupe 4d,7.148360795980441e-05
cat__model_mdx advance and,7.065142852308081e-05
cat__cylinders_5 cylinders,7.049931506187294e-05
cat__model_camry,6.966196322482986e-05
cat__model_pickup 1500,6.722359308653675e-05
cat__model_s5 prestige coupe 2d,6.71939383573747e-05
cat__model_equinox,6.600432403917119e-05
cat__cylinders_other,6.595287697832269e-05
cat__model_silverado 2500 hd crew cab,6.53807919635717e-05
cat__model_1500 sport,6.503026124060133e-05
cat__model_silverado 2500hd,6.49859824856367e-05
cat__model_f-pace,6.474025186375146e-05
cat__model_colorado,6.46526167576368e-05
cat__model_outlander sport 2.0,6.458762804710655e-05
cat__model_belair,6.382499244134566e-05
cat__model_atlas cross sport,6.301649895598956e-05
cat__cylinders_3 cylinders,6.292675748170448e-05
cat__model_HUMMER H2 LIFTED ON 40s W/ADVENTURE & LUXURY PACKAGES,6.253141270682289e-05
cat__model_c-hr,6.247431875326796e-05
cat__model_f-450,6.132867174830246e-05
cat__model_c 300,6.024773934567879e-05
"cat__model_sequoia limited local oregon rust free* new bilstein lift*new 35"" mastercraft tires* new oem trd wheels* new tiger xl basket* chrome delete pkg* color matched door handles and grill",5.986206063524367e-05
cat__model_tlx,5.9020408424985585e-05
cat__model_escalade esv platinum,5.734991934675933e-05
cat__model_cts cts-v coupe 2d,5.729011727277817e-05
cat__model_tacoma access cab pickup,5.4331392483750414e-05
cat__model_soul,5.3484655457515167e-05
cat__model_sierra,5.2859941197147986e-05
cat__model_navigator,5.210895822272769e-05
cat__model_f150 super cab xl pickup 4d,5.120592366423697e-05
cat__model_mdx,5.117864377795876e-05
cat__model_maxima,5.1093869900627104e-05
cat__model_r10,5.0901654885087354e-05
cat__model_rx,5.006345099766772e-05
cat__model_tundra,4.99378052577464e-05
cat__model_6 series 640i convertible 2d,4.976251978375435e-05
cat__manufacturer_alfa-romeo,4.8617850607293123e-05
cat__model_c-class,4.6893320507242674e-05
cat__model_1500 sport 4x4 1/2 ton,4.681148071598128e-05
cat__model_mkz sedan 4d,4.665752006556646e-05
cat__model_s-class s 550,4.6597199502114225e-05
cat__model_challenger,4.5948296639698836e-05
cat__model_tlx 3.5 w/technology pkg,4.5466204183755e-05
cat__model_gla,4.544952976820963e-05
cat__model_a7,4.471699416313003e-05
cat__model_corolla,4.4399417612000014e-05
cat__model_golf gti,4.420707864715286e-05
cat__model_BUY HERE PAY HERE,4.389714565896436e-05
cat__model_f450 super duty king ranch,4.3736444691830955e-05
cat__model_f150,4.3501591765308057e-05
cat__model_3500 mega cab,4.29634541467241e-05
cat__model_versa,4.2922538071470375e-05
cat__model_expedition,4.1941733564606686e-05
cat__model_velar,4.1508035157363e-05
cat__manufacturer_mercury,4.1386355744966064e-05
cat__model_optima,4.0701799282609325e-05
cat__model_grand caravan,4.024352478035881e-05
cat__model_metris,3.964858775408203e-05
cat__model_gladiator,3.952224752015989e-05
cat__model_trax lt,3.938495236837252e-05
cat__model_outlander sport,3.9318442706819126e-05
cat__model_A4,3.927919003192086e-05
cat__model_sierra 2500,3.8993831156857116e-05
cat__model_forte,3.898458154138807e-05
cat__model_f450 super duty crew cab,3.894353806327971e-05
cat__model_glc glc 300,3.8560306042671054e-05
cat__model_silverado 1500 ltz redline crew cab 6.2 liter,3.8023019328636814e-05
cat__model_cherokee,3.780985439085915e-05
cat__model_sierra 2500hd,3.7607379819395344e-05
cat__model_f-350,3.728838364052132e-05
cat__model_wrx sti,3.713982046215793e-05
cat__model_silverado 3500,3.6386606188797645e-05
cat__title_status_missing,3.6241863357838584e-05
cat__model_Freightliner M2,3.621747689312154e-05
cat__model_convertible,3.585778034727804e-05
cat__model_ilx sedan 4d,3.53707084853382e-05
cat__model_accord sedan,3.427588707183551e-05
cat__model_maxima platinum sedan 4d,3.414459905737322e-05
cat__model_e-class,3.381399798449019e-05
cat__model_lx,3.3770861925645417e-05
cat__model_journey,3.37194734439e-05
cat__model_x6 xdrive35i sport utility,3.3712542794700034e-05
cat__model_forte lx,3.3131938194582324e-05
cat__model_cj7,3.296231697378335e-05
cat__model_transit passenger wagon,3.295083394627072e-05
cat__model_f-150 lariat crew cab 4x4,3.2075336508120746e-05
cat__model_3 series,3.183479200855829e-05
cat__model_impreza,3.165768809314737e-05
cat__model_super duty f-750 straight frame,3.1611377273288855e-05
cat__model_suburban,3.0720151904990896e-05
cat__model_f350,3.0621638791988534e-05
cat__model_wrx,3.0605165571778926e-05
cat__model_2500 longhorn mega 4x4,3.0520884038678374e-05
cat__model_civic,3.0308026257653643e-05
cat__model_sierra 1500 slt,2.992080561010145e-05
cat__model_town & country,2.9772795192333454e-05
cat__model_spark activ hatchback,2.940869193016772e-05
cat__model_j10,2.8830085337501975e-05
cat__model_karmann ghia,2.867711337674073e-05
cat__model_tundra crewmax sr5 pickup,2.849009711093189e-05
cat__model_odyssey,2.827214301151481e-05
cat__model_e-class e 400,2.7779173558276003e-05
cat__model_telluride lx sport utility,2.7619672123809297e-05
cat__model_challenger r/t coupe 2d,2.722905093218675e-05
cat__model_cla45 amg,2.702144410549125e-05
cat__model_sierra 1500 crew cab slt,2.6989601660555577e-05
cat__model_x5,2.683214797560563e-05
cat__model_mks,2.678033909846008e-05
cat__state_ut,2.6675995337930198e-05
cat__model_tacoma double cab pickup,2.657339166151171e-05
cat__model_cx-5,2.6570436125128942e-05
cat__model_pacifica,2.6524871615142673e-05
cat__model_soul s wagon 4d,2.5959415011377786e-05
cat__model_f-250 super duty,2.5607934981171384e-05
cat__model_colorado extended cab,2.5512956478686664e-05
cat__model_3500 high roof 10'6 - lift gate -,2.5360347305907247e-05
cat__model_f-150 xlt,2.50912084229246e-05
cat__model_evoque,2.496266828566033e-05
cat__model_durango,2.457956086285326e-05
cat__model_sentra,2.43332395630495e-05
cat__model_c20,2.4276057272131586e-05
cat__model_highlander,2.3838397567474562e-05
cat__model_f750 xl,2.335332563635711e-05
cat__model_canyon extended cab pickup,2.3280795189215656e-05
cat__model_silverado 1500 ltz,2.3147437029377365e-05
cat__model_gl-class,2.270059205046264e-05
cat__model_c/k 1500,2.247001437621239e-05
cat__model_mustang gt coupe 2d,2.2410725413026588e-05
cat__model_promaster 3500,2.2397196788942156e-05
cat__model_edge,2.2384852038359403e-05
cat__model_sportage,2.2044902622315067e-05
cat__model_encore,2.1790616056812402e-05
cat__model_clarity plug-in hybrid,2.1600654620721318e-05
cat__model_750xi xdrive m-sport edition,2.1554677230901926e-05
cat__model_escape s,2.1528535313131748e-05
cat__model_sportage lx sport utility 4d,2.1361588816281124e-05
cat__model_wrangler unlimited sport,2.130364232257029e-05
cat__model_xt4 sport suv 4d,2.1187400441484184e-05
cat__model_x5 xdrive50i sport utility,2.082372843058825e-05
cat__model_3 series 330i xdrive sedan,2.0717065830491427e-05
cat__model_fusion,2.057527692285866e-05
cat__model_super duty f-550 drw,2.041856483812217e-05
cat__model_qx80,2.0410747191958357e-05
cat__model_tundra 4wd truck,2.0392708131838392e-05
cat__model_c-class c 63 amg,1.992824836856753e-05
cat__model_sonata,1.9593292482719563e-05
cat__model_rogue,1.9307480792577392e-05
cat__model_titan xd crew cab sv,1.928794816018727e-05
cat__model_rc 350,1.9076312024547908e-05
cat__model_INTERNATIONAL,1.902783459544269e-05
cat__model_f250 super duty 4x4,1.902660402657191e-05
cat__model_traverse,1.895580501348721e-05
cat__model_1500 sxt 4x4 half ton,1.8535561521400644e-05
cat__model_corvette coupe 2d,1.8533238729913205e-05
cat__model_bronco,1.848144766840501e-05
cat__model_f-650 dump,1.8348764865340644e-05
cat__model_z4 sdrive35is roadster 2d,1.8301070035895245e-05
cat__model_Genesis G70 2.0T Sedan 4D,1.8234633113808333e-05
cat__model_mdx technology pkg sport,1.8186821207225602e-05
cat__model_navigator l select sport,1.813742686323143e-05
cat__model_super duty f-250,1.8044254043808273e-05
cat__model_rdx advance pkg sport,1.8027400191513817e-05
cat__model_s90 t5 momentum sedan 4d,1.7997511239826813e-05
cat__model_650xi xdrive gran coupe,1.7950637264419656e-05
cat__model_1500 regular cab tradesman,1.7936515006703965e-05
cat__model_a6 2.0t premium sedan 4d,1.779505146428975e-05
cat__model_cr-v,1.752800215695577e-05
cat__model_370z,1.7463176189622776e-05
cat__model_f250 super duty,1.6955575778284615e-05
cat__model_qx60 3.5 sport utility,1.6948233153290465e-05
cat__model_model a,1.692278495898194e-05
cat__model_express cargo 2500 3dr,1.676452130488283e-05
cat__model_tundra platinum crew cab,1.6682252108766186e-05
cat__model_5 series,1.668074381539813e-05
cat__model_e-class e 350,1.6647571439148145e-05
cat__model_nova,1.6588404699259474e-05
cat__model_rx 350 sport utility 4d,1.658237107378971e-05
cat__model_f350 super duty,1.6495559912066087e-05
cat__model_gls 450 sport,1.6360869435671715e-05
cat__model_g ipl coupe 2d,1.635772954063994e-05
cat__model_4 series,1.627760544972896e-05
cat__model_convertible cooper s 2d,1.6233560358858102e-05
cat__model_f-250 super duty super duty,1.6182622400333978e-05
cat__model_trans am,1.6181232839029974e-05
cat__model_rav4 hybrid xse,1.6055446488873266e-05
cat__model_xc90,1.604130224285178e-05
cat__model_camry se,1.583380398993763e-05
cat__model_econoline,1.5794993886355565e-05
cat__model_coupe,1.555996786242044e-05
cat__model_f-250 superduty xlt crew cab 6.7 liter,1.542139758406778e-05
cat__model_silverado 1500 lt,1.5267757629696994e-05
cat__model_q70,1.5094766368223105e-05
cat__model_silverado 2500,1.4873990730550102e-05
cat__model_rdx fwd w/advance pkg,1.4860889496914886e-05
cat__model_4runner limited 1-califonia owner*highway miles*all services done @dealer since new w/records*no rust*moon roof*cooled seats*heated seats*limited*jbl sound system*tow pkg,1.4814250161514128e-05
cat__model_2011,1.4739673860312386e-05
cat__model_tacoma sr5,1.4707191271175571e-05
cat__model_2500 laramie,1.4665349818273574e-05
cat__model_e-class e 63 amg,1.463866801909061e-05
cat__model_excursion,1.4548552859753156e-05
cat__model_sienna le,1.4458612410098207e-05
cat__model_transit connect,1.4083098021371133e-05
cat__model_f-150 svt raptor,1.4070620183352899e-05
cat__model_express cargo van,1.391071073413574e-05
cat__model_silverado 1500 double,1.390251928185399e-05
cat__model_1 series 128i coupe 2d,1.3767928444456701e-05
cat__model_sierra 3500 duramax,1.3577614544038095e-05
cat__model_f150 supercrew cab lariat,1.3515384114174745e-05
cat__model_ats,1.3482297543068255e-05
cat__model_1500 quad cab,1.3466058139555715e-05
cat__model_outback,1.3267643013260422e-05
cat__model_continental sedan 4d,1.317857976658778e-05
cat__model_impreza sedan wrx,1.3093042972260136e-05
cat__model_acadia slt sport utility 4d,1.3087117174997766e-05
cat__model_murano,1.2957842377001834e-05
cat__model_grand marquis,1.2917895542543646e-05
cat__model_juke,1.2787290608299487e-05
cat__model_flex,1.2760068912629202e-05
cat__model_3500 laramie,1.2711121890200638e-05
cat__model_hummer h2,1.2663758429599218e-05
cat__model_s60 t5 inscription sedan,1.2635385860649962e-05
cat__model_super duty f-350 srw laria,1.2571171254772386e-05
cat__model_explorer st 4x4 gas suv,1.2562719930354868e-05
cat__model_f-350sd,1.2452942389042924e-05
cat__model_Freightliner,1.229418271405755e-05
cat__model_silverado 1500 crew cab,1.2173008556615377e-05
cat__model_International TerraStar,1.2158085092968097e-05
cat__model_trax,1.2116867781729882e-05
cat__model_Scion iM Hatchback 4D,1.2018025296229086e-05
cat__model_f-450 sd,1.2005255820067877e-05
cat__model_tacoma sr5 rwd 1/4 ton,1.1831687768952573e-05
cat__model_savana commercial cutaway,1.1587048165252895e-05
cat__model_outlander gt sport,1.1562936070799473e-05
cat__model_hardtop 2 door john cooper,1.1527183593591608e-05
cat__model_mazda6,1.1473476090890824e-05
cat__model_f-800,1.1374044125766327e-05
cat__model_200,1.1341246889831842e-05
cat__model_liberty,1.1260125207799367e-05
cat__model_camaro ss convertible,1.112730351788723e-05
cat__model_boxster,1.0963009541895684e-05
cat__model_promaster 2500 cargo van,1.0939285720897755e-05
cat__model_fit sport hatchback 4d,1.0842677985796857e-05
cat__model_Freightliner M2 106,1.0833638074221624e-05
cat__model_e-class e 550,1.0820021861948136e-05
cat__model_corvette stingray z51,1.0536827960137781e-05
cat__model_elantra gt,1.0512460237994668e-05
cat__model_nx 300 sport utility 4d,1.044845402095987e-05
cat__model_focus st hatchback 4d,1.0447515858812459e-05
cat__model_740i,1.0437961407508114e-05
cat__model_ct4 sport awd,1.0396814682335575e-05
cat__model_mercedes-amg cla,1.0127646711307605e-05
cat__model_frontier,9.965579038916565e-06
cat__model_silverado 1500 crew,9.935686924716223e-06
cat__model_fusion sel,9.775560921729067e-06
cat__model_model s signature,9.76394796808307e-06
cat__model_s5 prestige sedan 4d,9.713419764896509e-06
cat__model_f-150 xl,9.663195922176793e-06
cat__model_outlander phev gt,9.61643852635851e-06
cat__model_accord ex-l coupe 2d,9.590517299498928e-06
cat__model_expedition xlt sport,9.483420374117628e-06
cat__model_International 4300,9.464025879580234e-06
cat__model_f550,9.26844252623131e-06
cat__model_f-150 xlt sport supercrew,9.195389871441018e-06
cat__model_camaro ss coupe 2d,9.061211568649188e-06
cat__model_tacoma trd sport 4x4 gas,8.955685283728451e-06
cat__model_crown victoria police,8.86374353703883e-06
cat__model_200 limited,8.76699938068762e-06
cat__model_outlander phev sel,8.740805587264026e-06
cat__model_sonata 2.4l,8.669744491234926e-06
cat__model_allroad,8.629290722122694e-06
cat__manufacturer_fiat,8.610254553485276e-06
cat__model_super duty f-450 drw,8.447160655387697e-06
cat__model_canyon,8.426595440969513e-06
cat__model_nx 200t sport utility 4d,8.417764308389794e-06
cat__model_rogue s,8.100824645872976e-06
cat__model_sierra 1500 regular cab,8.042677916877787e-06
cat__model_acadia,7.795299462629418e-06
cat__model_1500 laramie 4x4 gas,7.669276797676523e-06
cat__model_dts,7.633643370320428e-06
cat__model_model s,7.624577497098544e-06
cat__model_f150 supercrew cab fx4,7.567943343611353e-06
cat__model_durango sxt,7.447986944142432e-06
cat__model_f-type v8 s convertible,7.399329706305663e-06
cat__model_tt,7.324196028080487e-06
cat__model_2500 diesel,7.319426042366933e-06
cat__model_expedition el limited,7.304617262609421e-06
cat__model_spark,7.3025197999967125e-06
cat__state_wy,7.245995862680168e-06
cat__model_tacoma access cab sr5,7.240594914828173e-06
cat__model_sierra 1500 crew 4x4,7.229614219442792e-06
cat__model_corsair reserve sport,7.2185263575305435e-06
"cat__model_tundra sr5 4dr double cab 1-owner*rust free*only 112k miles*new water pump & timing belt*new bilstein-toytec lift*new 33"" yokohama tires*like new in&out*0-accidents",7.208517679846552e-06
cat__model_sorento,7.1530749095310224e-06
cat__model_tucson,7.126845560177807e-06
cat__model_ranger xlt,7.126804331684835e-06
cat__model_2500 tradesman,7.114526381288169e-06
cat__model_qx60 luxe sport utility,7.107356734537369e-06
cat__model_venza,7.070356732333455e-06
cat__model_ecosport,7.070105416117283e-06
cat__model_avenger,7.029755295387685e-06
cat__model_civic si sedan 4d,6.825038273711022e-06
cat__model_renegade,6.7975283085153775e-06
cat__model_x3 xdrive28i,6.7562220166479015e-06
cat__model_escape se,6.728292206572692e-06
cat__model_tacoma double cab,6.7229217043672045e-06
cat__model_fiesta se,6.694381446767926e-06
cat__model_gx 470,6.6343844958843275e-06
cat__model_tiguan,6.627858561708337e-06
cat__model_patriot,6.615369616568673e-06
cat__model_q3 quattro2.0t prestige,6.58310256587353e-06
cat__model_compass,6.582558593644449e-06
cat__model_forester 2.5i sport,6.5702788359242375e-06
cat__model_santa fe sport,6.563420982579728e-06
cat__model_4 series 440i convertible 2d,6.5579076446542556e-06
cat__model_e-350,6.467494080047001e-06
cat__model_lemans,6.448056992688209e-06
cat__model_rx 450h,6.322834289893948e-06
cat__model_5 series 535d xdrive sedan,6.25708031688917e-06
cat__model_fusion se,6.199364414984834e-06
cat__model_golf alltrack,6.13264071803995e-06
cat__model_patriot sport suv 4d,6.128992999053057e-06
cat__model_corvair,6.116058595013265e-06
cat__model_s5 premium plus sedan 4d,6.102251283857782e-06
cat__model_a4,6.076957393885286e-06
cat__model_wrangler unlimited all new,5.934588763744804e-06
cat__model_300zx,5.932116017214432e-06
cat__model_hardtop john cooper works,5.883102098186259e-06
cat__model_es 350,5.868824558461349e-06
cat__model_sentra sv,5.868801631191017e-06
cat__model_f-550,5.850548888755959e-06
cat__model_rogue s sport utility 4d,5.825093291289852e-06
cat__model_super duty f-350 srw xlt,5.815091730896452e-06
cat__model_express cargo,5.798143149126628e-06
cat__model_s5 prestige convertible 2d,5.755150656681842e-06
cat__model_versa 1.6 s,5.719468466634285e-06
cat__model_ilx premium pkg sedan 4d,5.70551751553196e-06
cat__model_rx 350,5.66650675023141e-06
cat__model_srx,5.64748382265643e-06
cat__model_f450 xl,5.6360122269433076e-06
cat__model_sport,5.511612633000848e-06
cat__model_f550 super duty,5.506963320580082e-06
cat__model_tundra double cab sr,5.418111133112359e-06
cat__model_tacoma 4x4,5.377118315550617e-06
cat__model_thunderbird,5.365110118163494e-06
cat__model_grand caravan se wheelcha,5.339029777055266e-06
cat__model_1500 slt,5.282038958414715e-06
cat__model_912,5.2767044270794744e-06
cat__model_wrangler unlimited sahara 4dr hardtop,5.255074509226407e-06
cat__model_f250 super duty crew cab,5.2325969880274695e-06
cat__model_Isuzu NPR,5.188114503918377e-06
cat__model_grand caravan sxt,5.181124040245958e-06
cat__model_sierra 3500hd,5.173593171124864e-06
cat__model_e250,5.091808862274529e-06
cat__model_a6 2.0t premium plus sedan,5.047967064690559e-06
cat__model_suburban 1500 ltz,5.042865540053244e-06
cat__model_escalade esv 4dr awd platinum edition,5.008692645514659e-06
cat__model_yukon xl denali,4.936142825647619e-06
cat__model_rc,4.8566337298443776e-06
cat__model_super duty f-350 drw,4.8558542378339025e-06
cat__model_c10 pickup,4.851023861451941e-06
cat__model_express,4.7869667812346685e-06
cat__model_dart sxt,4.673409394119569e-06
cat__model_ranger,4.5764246895636335e-06
cat__model_accord lxsedan,4.568611816896798e-06
cat__model_kona,4.534365246513436e-06
cat__model_compass sport,4.5046544208948705e-06
cat__model_silverado crew cab,4.4501424655135164e-06
cat__model_f-550sd,4.43138492847458e-06
cat__model_transit t250,4.4226148378828406e-06
cat__model_ilx,4.375102899951654e-06
cat__model_Scion FR-S Coupe 2D,4.303547623211413e-06
cat__model_optima gdi,4.2891791333259696e-06
cat__model_yukon xl 1500 denali sport,4.278690631758968e-06
cat__model_f150 fx4,4.236159819745165e-06
cat__model_journey se sport utility,4.209575320370716e-06
cat__model_silverado 1500 lt 4x4,4.203788959214828e-06
cat__model_tl sh-awd sedan 4d,4.197017038068809e-06
cat__model_el camino,4.19474858786111e-06
cat__model_f150 super cab,4.194540101340876e-06
cat__model_outback premium,4.181809407423869e-06
cat__model_lancer evolution,4.133029088724213e-06
cat__model_express passenger,4.10190643297779e-06
cat__model_super duty f-450 drw xl,4.093993939849752e-06
cat__model_1500 laramie 4x4 eco diesel,4.092384494354441e-06
cat__model_tacoma access cab,4.0857511532453465e-06
cat__model_qx50 sport utility 4d,4.058138259484985e-06
cat__model_sierra 3500hd sle,4.0476524351905855e-06
cat__model_charger sxt,4.040628963736182e-06
cat__model_firebird,4.031090699059315e-06
cat__model_landcruiser,4.023712173449772e-06
cat__model_avalanche,3.9932120232007504e-06
cat__model_pathfinder,3.943384144834154e-06
cat__model_cooper hardtop,3.94272590743101e-06
cat__model_x1 xdrive28i,3.91421546562754e-06
cat__model_kenworth w900,3.910489340824229e-06
cat__model_a7 3.0t prestige quattro,3.838915479883736e-06
cat__model_x5 xdrive35i,3.81898931907795e-06
cat__model_gls,3.790131523250636e-06
cat__model_fiesta,3.787039407426075e-06
cat__model_3100,3.778841266987177e-06
cat__model_arteon sel r-line,3.777030631766044e-06
cat__model_mdx sport utility 4d,3.7410844148855137e-06
cat__model_frontier crew cab pro-4x,3.705795402360762e-06
cat__model_f150 xlt 4x4 1/2 ton gas,3.7016132999380084e-06
cat__model_e320,3.6913038832921107e-06
cat__model_prius two,3.676119894206386e-06
cat__model_optima ex,3.6163852032926605e-06
cat__model_crown victoria,3.615842654709311e-06
cat__model_taurus sel,3.595203744378095e-06
cat__model_440xi xdrive gran coupe,3.5245637418812914e-06
cat__model_sierra 3500 denali,3.4871755775829396e-06
cat__model_f150 supercrew cab xlt,3.4789110590698157e-06
cat__model_sonic,3.4769114803022098e-06
cat__model_BLUE BIRD BLUE BIRD,3.426549468480199e-06
cat__model_titan,3.366502395172042e-06
cat__model_renegade sport suv 4d,3.341076352986263e-06
cat__model_express cargo 1500 3dr,3.3353291717598513e-06
cat__model_frontier king cab sv,3.312449103217374e-06
cat__model_gti,3.2963787954655058e-06
cat__model_rdx sport utility 4d,3.2840105267232337e-06
cat__model_1500 longhorn,3.2515173814016088e-06
cat__model_glc 300,3.196860191284815e-06
cat__model_q5,3.190099648320826e-06
cat__model_f-350 ext cab 6.7 diesel,3.158019855896176e-06
cat__model_discovery sport se,3.1400400464090146e-06
cat__manufacturer_saturn,3.1054955749117704e-06
cat__model_x4,3.0885888597917555e-06
cat__model_promaster 1500,3.068838025914902e-06
cat__model_prius,3.058011970029214e-06
cat__model_1 series 135i convertible 2d,3.050798555889944e-06
cat__model_veloster,3.0454878024433984e-06
cat__model_f150 xlt xtr 4x4 half ton,3.0272141552769796e-06
cat__model_quest sv,3.007634555997874e-06
cat__model_gle,2.9999830743645264e-06
cat__model_civic type r touring,2.9860819560057444e-06
cat__model_sierra 2500hd available wifi,2.9822708805850343e-06
cat__model_legacy,2.981392283031888e-06
cat__model_sorento lx sport utility 4d,2.9767148588736142e-06
cat__model_silverado 1500hd,2.9711310123269065e-06
cat__model_ranger super cab xlt pickup,2.9710517868921714e-06
cat__model_challenger r/t scat pack,2.953619431532813e-06
cat__model_6 series,2.885470904341496e-06
cat__model_528i,2.883994273771202e-06
cat__model_sable,2.878243743382868e-06
cat__model_silverado 2500hd work,2.865637025961224e-06
cat__model_tundra 4x4 trd,2.8565181557918263e-06
cat__model_1500 slt 4x4 half ton,2.8499287619189927e-06
cat__model_genesis coupe 3.8 2d,2.84452246634685e-06
cat__model_3500 tradesman,2.836179197131734e-06
cat__model_a3 e-tron,2.819797845913841e-06
cat__model_civic si,2.7973628732243583e-06
cat__model_accent,2.7862548071096183e-06
cat__model_soul wagon 4d,2.778002315503224e-06
cat__model_sentra sr,2.7703310205222173e-06
cat__model_civic sedan,2.75227256944796e-06
cat__model_jetta 1.4t s sedan 4d,2.6766339493827023e-06
cat__model_liteace,2.6677904412630377e-06
cat__model_sentra sv sedan 4d,2.6655035328977205e-06
cat__model_sentra s,2.6128722505299812e-06
cat__model_ranger supercrew xl pickup,2.5972355556612115e-06
cat__model_santa fe 2.4 sel sport,2.551284254934227e-06
cat__model_rogue sv,2.5108548341344837e-06
cat__model_maserati granturismo,2.497391970204177e-06
cat__paint_color_purple,2.495904058677964e-06
cat__model_2500hd,2.4615174610904066e-06
cat__model_yukon denali,2.4310213637164977e-06
cat__model_crosstrek,2.403016844902431e-06
cat__model_s7 sedan 4d,2.3883226918539675e-06
cat__model_ecosport se sport utility,2.3825832468658695e-06
cat__model_beetle,2.376917496062475e-06
cat__model_accent se sedan 4d,2.3743629131219496e-06
cat__model_240z,2.373789628593944e-06
cat__model_sequoia,2.3371748985680983e-06
cat__model_q60 3.0t sport coupe 2d,2.3299162438403317e-06
cat__model_2 series m240i coupe 2d,2.312525760532971e-06
cat__model_fit,2.299846344296072e-06
cat__model_titan xd single cab sv,2.2953139962499046e-06
cat__model_e-class e 300,2.2894931610244106e-06
cat__model_f250 lariat,2.271904078691208e-06
cat__model_Genesis G70 2.0T Advanced Sedan,2.263697109646227e-06
cat__model_beetle 1.8t fleet,2.2407827714977116e-06
cat__model_f-150 xl supercrew,2.2395427088626127e-06
cat__model_volt,2.2348733934750046e-06
cat__model_a6 45 tfsi premium plus,2.2164379300022372e-06
cat__model_avalon limited sedan 4d,2.2081996684112764e-06
cat__model_f-350 super duty,2.206135880219546e-06
cat__model_3500 longhorn 4x4,2.2061053352795293e-06
cat__model_frontier s,2.191820855013069e-06
cat__model_transit connect cargo,2.1863689191712073e-06
cat__model_versa note,2.168076689569436e-06
cat__model_nx,2.1491909649030857e-06
cat__model_forester,2.127469958343742e-06
cat__model_challenger srt8 coupe 2d,2.1204718149744486e-06
cat__model_camaro zl1 coupe 2d,2.1034888416808154e-06
cat__model_sonic lt,2.0791526802190125e-06
cat__model_mx-5 miata grand touring,2.047233279845952e-06
cat__model_dart,2.041865468127238e-06
cat__model_c-max hybrid se wagon 4d,2.0320083114508112e-06
cat__model_town and country,2.0143942304537252e-06
cat__model_civic lx coupe 2d,2.0084403609092064e-06
cat__model_sport die,1.988699209790668e-06
cat__model_mg mgb,1.9835037673601507e-06
cat__model_Isuzu NPR HD GAS REG,1.953363883038687e-06
cat__model_tundra double cab,1.9395600092249996e-06
cat__model_yaris,1.9267473745781222e-06
cat__model_ssr,1.915433750509898e-06
cat__model_l8000,1.8746731793759675e-06
cat__model_m3 convertible 2d,1.872845959165514e-06
cat__model_s60 t5 momentum sedan 4d,1.862139812506417e-06
cat__model_cayenne s awd luxury suv,1.8520367996536958e-06
cat__model_malibu lt,1.8492160074789458e-06
cat__model_deluxe,1.8488964839112205e-06
cat__model_3500 chassis cab,1.8443356052755993e-06
cat__model_super duty f-350 6.2,1.8398526386609856e-06
cat__model_outlander sport es 2.0 cvt,1.8354019042307931e-06
cat__state_ms,1.828018195478052e-06
cat__model_srx luxury collection,1.8183910759886875e-06
cat__model_altima 2.5 sl,1.8114335836282275e-06
cat__model_challenger r/t classic,1.8036983539235019e-06
cat__model_xj xjl portfolio sedan 4d,1.8017387297378619e-06
cat__state_wv,1.7940178753123583e-06
cat__model_enclave,1.7532252603855801e-06
cat__model_camaro ss,1.7531980992652865e-06
cat__model_sierra 1500 double cab sle,1.7251490749088493e-06
cat__model_sentra s sedan 4d,1.7109746290240784e-06
cat__model_ls 460 l sedan 4d,1.6950652587129396e-06
cat__model_eos komfort,1.687089766992749e-06
cat__model_express 2500,1.684393561095179e-06
cat__model_sequoia sr5 platinum,1.650955800371831e-06
cat__model_mx-5 miata,1.64274013610162e-06
cat__model_civic natural gas sedan 4d,1.638703003678934e-06
cat__model_4runner sr5 sport utility,1.6118583684095795e-06
cat__model_a5,1.5976931194380764e-06
cat__model_triumph spitfire,1.594614516371969e-06
cat__model_focus se,1.5931886269476472e-06
cat__model_tacoma access cab trd,1.5855684397329989e-06
cat__model_tlx 2.4 sedan 4d,1.552784650322272e-06
cat__model_rx 350l sport utility 4d,1.5296678835765127e-06
cat__model_535i,1.509431463900543e-06
cat__model_versa sv,1.5027709027356434e-06
cat__model_oldsmobile toronado,1.4880478899031018e-06
cat__model_soul lx wagon 4d,1.443639677824924e-06
cat__model_ilx technology and a-spec,1.4077369170554943e-06
cat__model_qx60,1.386634989958404e-06
cat__model_f750,1.3752505085287152e-06
cat__model_tacoma access cab sr,1.362303891149775e-06
cat__model_charger r/t sedan 4d,1.360004937474138e-06
cat__model_Scion tC,1.358321227441875e-06
cat__model_f150 supercrew cab fx2,1.3579201077218833e-06
cat__model_c-class c 300,1.353505626182037e-06
cat__model_camaro z28,1.34590849660822e-06
cat__model_500,1.3228594516791593e-06
cat__model_silverado 1500 hybrid,1.3223534037909578e-06
cat__model_corolla le sedan 4d,1.3090986407565866e-06
cat__model_avalon xle premium sedan,1.2984902489390994e-06
cat__model_grand caravan passenger se,1.2871093786498145e-06
cat__model_qx50 essential sport,1.2835215677107837e-06
cat__model_es,1.273463835781853e-06
cat__model_ats 2.0l turbo,1.2665314344935053e-06
cat__model_f150 xlt,1.2633364189695599e-06
cat__model_s4 prestige sedan 4d,1.2593598207522143e-06
cat__model_fiero gt,1.246210586270782e-06
cat__model_eclipse cross se,1.243632671969697e-06
cat__model_enclave leather sport,1.237601910130006e-06
cat__model_cj5,1.236600410071761e-06
cat__model_acadia slt-1 sport utility,1.218399827829836e-06
cat__model_sierra 2500 hd double cab,1.211155192571038e-06
cat__model_pt cruiser,1.1977327965391733e-06
cat__model_5 series 530i sedan 4d,1.1669080595106661e-06
cat__model_3500 big horn,1.1667201082700327e-06
cat__model_range evoque p250 se,1.1647704320755693e-06
cat__model_cruze limited,1.160903649124951e-06
cat__model_cla,1.1566759254792873e-06
cat__model_trax lt sport utility,1.1419241828428898e-06
cat__model_beetle coupe,1.1394435949795854e-06
cat__model_savana cargo van,1.1290241385885227e-06
cat__model_5 series 535i gran turismo,1.1284762080561377e-06
cat__model_transit,1.121422183885456e-06
cat__model_4runner sr5,1.093083095646737e-06
cat__model_hhr,1.0921098781037378e-06
cat__model_sierra 1500 regular cab work,1.087460308619052e-06
cat__model_sierra 1500 double cab,1.0840293415213974e-06
cat__model_cx-3,1.0816936105884603e-06
cat__model_4500 lcf gas,1.0606077025171865e-06
cat__model_maxima sv,1.0592400222688155e-06
cat__model_f-550 super duty,1.0574995040130794e-06
cat__model_f-250sd,1.0419482481417347e-06
cat__model_escape xlt,1.0303231354664963e-06
cat__model_corsair sport utility 4d,1.025565714217025e-06
cat__model_impreza wagon,1.0248378282784379e-06
cat__model_cruze limited 1lt,1.0049318496490637e-06
cat__model_isuzu npr hd boxtruck,9.958777850637634e-07
cat__model_1500 quad cab harvest pickup,9.822233072797875e-07
cat__model_ls 460,9.622613145906278e-07
cat__model_sorento limited-sxl sport,9.59921215996136e-07
cat__model_cooper convertible s,9.59536997432161e-07
cat__model_altima 2.5,9.594274810827817e-07
cat__model_Genesis G80,9.586351485368004e-07
cat__model_sonata se sedan 4d,9.54773485456248e-07
cat__model_romeo stelvio ti sport suv,9.545718946961101e-07
cat__model_optima lx,9.312414330973985e-07
cat__model_impreza 2.0i sport wagon,9.284696682477135e-07
cat__model_accord sdn lx,9.172428307756648e-07
cat__model_pacifica touring plus,9.169776032446834e-07
cat__model_grand cherokee laredo 4x4,9.106959726775206e-07
cat__model_passat,8.995874176639165e-07
cat__model_2500 slt,8.955897218261888e-07
cat__model_outlander es sport,8.874239830354623e-07
cat__model_Kenworth T300 4X2 2dr Chassis,8.78638536552326e-07
cat__model_328i,8.760466648306811e-07
cat__model_gx 460 sport utility 4d,8.716969780452018e-07
cat__model_outlander le sport,8.68852391286099e-07
cat__model_tundra double cab pickup,8.66403877953087e-07
cat__model_cooper s convertible,8.649374207878477e-07
cat__model_wrx sti sedan 4d,8.635194332636871e-07
cat__model_xe 35t premium sedan 4d,8.622707484718843e-07
cat__model_c-max hybrid,8.575224914193304e-07
cat__model_nv200,8.557271380789454e-07
cat__model_k900 premium sedan 4d,8.497538413737904e-07
cat__model_impala limited - new tires - recently smogged -,8.141473035514951e-07
cat__model_sierra 1500 limited double,8.118529088186102e-07
cat__model_sierra 2500hd denali,8.10107985847804e-07
cat__model_touareg tdi sport suv,8.027650037077662e-07
cat__model_escape se awd,7.976194845357005e-07
cat__model_nitro sxt,7.84027967432813e-07
cat__model_f100,7.637407428375272e-07
cat__model_q3,7.335507684211973e-07
cat__model_xc70 t5 classic platinum,7.301037680620385e-07
cat__model_fj cruiser 4x4,7.244167971793363e-07
cat__model_matrix,7.038834126177279e-07
cat__model_s10,7.035123236471561e-07
cat__model_1500 classic crew cab slt,7.028081920440637e-07
cat__model_model 3 standard range,7.027519388687042e-07
cat__model_expedition limited,7.013775669223545e-07
cat__model_cherokee latitude 4x4,6.950104220523846e-07
cat__model_prius hybrid,6.949175789709057e-07
cat__model_caprice classic,6.825816257171917e-07
cat__model_f150 regular cab xl pickup,6.790134256322961e-07
cat__model_pilot,6.742210605356485e-07
cat__model_grand caravan sxt wheelch,6.715985240593747e-07
cat__model_titan xd crew cab pro-4x,6.698010481924753e-07
cat__model_suburban 1500,6.679853395748693e-07
cat__model_town country,6.639941098503887e-07
cat__model_charger r/t road and track,6.547409392292766e-07
cat__model_tlx 3.5 sedan 4d,6.545920463851344e-07
cat__model_Scion xD Hatchback 4D,6.517158028504979e-07
cat__model_sequoia limited,6.513167618876435e-07
cat__model_corolla le,6.511411381654343e-07
cat__model_suburban lt,6.488834315620488e-07
cat__model_f-750,6.47037780290594e-07
cat__model_IC IC,6.402609464839609e-07
cat__model_hardtop cooper s hatchback,6.395917278351616e-07
cat__model_1500 crew cab big horn,6.314965080824162e-07
cat__model_3 series 328i xdrive,6.166203229725404e-07
cat__model_mirage le cvt,6.063764167789929e-07
cat__model_patriot sport,6.019144375897876e-07
cat__model_santa fe,6.002906455954117e-07
cat__model_camaro lt coupe 2d,5.938849934140144e-07
cat__model_malibu limited,5.931962127289813e-07
cat__model_cx-5 touring 2wd,5.920972956274422e-07
cat__model_ecosport titanium,5.867188729941445e-07
cat__model_sierra 1500 extended cab slt,5.82733518711585e-07
cat__model_4runner sr5 premium sport,5.820867953154107e-07
cat__model_s60 t6 inscription sedan,5.787664822567694e-07
cat__model_durango r/t sport utility,5.7700771090142e-07
cat__model_f350 super duty larait,5.753835657719098e-07
cat__model_c10,5.689517236661276e-07
cat__model_eldorado,5.679714534426554e-07
cat__model_expedition eddie bauer,5.61945903934742e-07
cat__model_promaster city cargo van,5.519025187728634e-07
cat__model_3500hd 4x4 duramax,5.514566912842185e-07
cat__model_quest,5.433953398360622e-07
cat__model_a4 ultra premium sedan 4d,5.408191827956877e-07
cat__model_sequoia sr5,5.329394055662742e-07
cat__model_f150 supercrew cab,5.30244391867679e-07
cat__model_sierra 2500 hd extended cab,5.188608277267107e-07
cat__model_mirage g4,5.161058491196561e-07
cat__model_500 Classic,5.121386750914137e-07
cat__model_econoline e350,5.01301848973093e-07
cat__model_cl-class cl 550,4.973784569476574e-07
cat__model_a8 4.0t quattro dealer serviced since new with all records*97k msrp* sport-conv-comfort-cold weather-camera assistance-led headlights and much more*no accidents*non smoker previous owner,4.947571781893197e-07
cat__model_1500 crew cab lone star,4.914658136737061e-07
cat__model_x1,4.899041068326411e-07
cat__model_golf 1.4t tsi,4.834634129397704e-07
cat__model_golf gti s hatchback,4.77516999026137e-07
cat__model_armada,4.6201183011970774e-07
cat__model_niro lx wagon 4d,4.60907739965816e-07
cat__model_mustang convertible,4.553249402667724e-07
cat__model_f-150 lifted lariat supercrew 5.0 v8,4.481865293456352e-07
cat__model_300 300s sedan 4d,4.3385779307413633e-07
cat__model_tucson se,4.3313258201552274e-07
cat__model_accord ex-l,4.314785072174421e-07
cat__model_spark ev 1lt hatchback,4.300280872269549e-07
cat__model_qx50 luxe sport utility,4.265262491422291e-07
cat__state_nd,4.132887987352484e-07
cat__model_sonic ls,4.096606911837254e-07
cat__model_tundra crewmax pickup 4d,4.0916850915180916e-07
cat__model_ml,4.0693672757216557e-07
cat__model_g5,3.93690162720769e-07
cat__model_rogue awd sv,3.859289003807327e-07
cat__model_charger se,3.81920659145811e-07
cat__model_impala lt,3.7867224947328177e-07
cat__model_focus se hatchback 4d,3.7423057283188863e-07
cat__model_glk,3.6953932669434097e-07
cat__model_cruze lt fleet,3.611762723602372e-07
cat__model_is 250 sedan 4d,3.6092936998744304e-07
cat__model_es 350 sedan 4d,3.51341372257263e-07
cat__model_trailblazer ss,3.4925326054196413e-07
cat__model_dakota,3.3466838935100616e-07
cat__model_liberty sport 4x4,3.332885833191988e-07
cat__model_isuzu npr box truck,3.2670088224361017e-07
cat__model_Genesis G70 3.3T Advanced Sedan,3.258655195044637e-07
cat__model_tsx,3.248445576564435e-07
cat__model_accord sport,3.2469768459978425e-07
cat__model_z4 2.5i,3.2230586954873354e-07
cat__model_1500 slt 1owner 4x4 5.7l well maint runs&drive great!!!,3.111470299622429e-07
cat__model_equinox ls,3.100290312731928e-07
cat__model_thunderbird convertible,3.045278394024647e-07
cat__model_e-350sd,3.039323804263605e-07
cat__model_impala limited,2.96447047056562e-07
cat__model_370z coupe 2d,2.9359742173655883e-07
cat__model_is 350 sport convertible,2.9258682946993154e-07
cat__model_grand cherokee laredo,2.9057550921147576e-07
cat__model_a4 allroad,2.884056787108574e-07
cat__model_5500 tradesman,2.856567399294996e-07
cat__model_civic lx,2.8054465674883663e-07
cat__model_forte ex,2.7796629830188165e-07
cat__model_mustang gt premium coupe 2d,2.7755896896902953e-07
cat__model_acadia slt,2.7304490861610273e-07
cat__model_soul x-line wagon 4d,2.7180765711201563e-07
cat__model_titan pro-4x,2.698726248641192e-07
cat__model_1500 crew cab,2.663614751232097e-07
cat__model_Scion FR-S,2.6138730286989775e-07
cat__model_sierra 1500 elevation 4x4,2.5889850666608607e-07
cat__model_f250 lariat 4x4 diesel,2.5596628011019315e-07
cat__model_is 250,2.5119546912974173e-07
cat__model_lifted f150 xlt 4x4 1/2 ton,2.482460508874534e-07
cat__model_versa note sv hatchback,2.4600358460150545e-07
cat__model_highlander hybrid,2.408121064410862e-07
cat__model_gs 350,2.2926347551296438e-07
cat__model_tahoe lt sport utility,2.264780352045956e-07
cat__model_mustang gt convertible,2.2461976994098848e-07
cat__model_range evoque se,2.2422148656283587e-07
cat__model_forte fe sedan 4d,2.2210644178788948e-07
cat__model_acadia denali,2.2161536458987368e-07
cat__model_soul ! wagon 4d,2.212120511357825e-07
cat__model_terrain sle-1 awd! awd,2.1929778636038518e-07
cat__model_romeo stelvio ti sport,2.1925270903134876e-07
cat__model_sebring,2.1721041322430985e-07
cat__model_370z nismo coupe 2d,2.1467845230468268e-07
cat__model_3500 slt,2.1370869362485178e-07
cat__model_traverse premier awd,2.1104333430811997e-07
cat__model_enclave essence sport,2.1030144461955102e-07
cat__model_maxima 3.5 s,2.091444740126206e-07
cat__model_acadia slt-2 sport utility,2.0652279802267876e-07
cat__model_deville,2.0414901329742962e-07
cat__model_envision,2.0343853307317176e-07
cat__model_golf,1.9668833981802644e-07
cat__model_civic ex,1.9356995326790257e-07
cat__model_escape se awd 68k ml.1owner new tirew well maint.clean!!!,1.9115728238819167e-07
cat__model_altima s,1.873934125493452e-07
cat__model_frontier crew cab sv,1.8124257838036942e-07
cat__model_titan single cab sv,1.801394664513656e-07
cat__model_is 350 sedan 4d,1.7494108266229947e-07
cat__model_trax ls,1.7387852195926863e-07
cat__model_fuso fe,1.728925113824422e-07
cat__model_sedona,1.7284636862748317e-07
cat__model_crv,1.7157582862968137e-07
cat__model_lifted grand cherokee 4x4,1.7069534169535616e-07
cat__model_cts,1.6668567675579967e-07
cat__model_regal gs,1.6588936946228978e-07
cat__model_santa fe sport utility,1.65071874938277e-07
cat__model_silverado 2500 hd ltz,1.62867697123895e-07
cat__model_tl,1.5811960995063987e-07
cat__model_ls 430,1.5563132669964042e-07
cat__model_dart aero sedan 4d,1.4949557536117093e-07
cat__model_Scion xD,1.4898119359536417e-07
cat__model_dart se sedan 4d,1.4866642206457156e-07
cat__model_mkx reserve sport,1.485579198040225e-07
cat__model_avalon,1.4769566675124142e-07
cat__model_tribute,1.4551555966955914e-07
cat__model_eclipse cross es,1.400447054300929e-07
cat__model_niro s touring wagon 4d,1.3886131603708164e-07
cat__model_xterra,1.3338667671507693e-07
cat__model_outback 2.5i premium,1.3217711184013568e-07
cat__model_saab 9-5,1.3104337390113339e-07
cat__model_town car,1.2907300427750506e-07
cat__model_qx50 pure sport utility,1.2862263356474124e-07
cat__model_solstice convertible 2d,1.282625634113112e-07
cat__model_gti autobahn,1.2684228701014015e-07
cat__model_fiesta st hatchback 4d,1.26611948865412e-07
cat__model_2013 Genesis Coupe,1.207366383094197e-07
cat__model_cube,1.1848532907060961e-07
cat__model_tundra sr5,1.1824142088068989e-07
cat__condition_salvage,1.1682922649944312e-07
cat__model_tundra double cab limited,1.1581391790945363e-07
cat__model_cruze lt diesel,1.15185238245051e-07
cat__model_sonata sel plus sedan 4d,1.1485839386458428e-07
cat__model_cruze eco,1.146850115697478e-07
cat__model_a6 3.0t premium plus sedan,1.1254825752462132e-07
cat__model_outlander se 4x4 gas,1.1152762104059196e-07
cat__model_cc,1.1107498786179829e-07
cat__model_outlander sport es,1.0974512790099181e-07
cat__model_romeo giulia ti sport,1.0947660574269345e-07
cat__model_1500 slt 4wd!,1.0467575398922737e-07
cat__model_s5 premium plus coupe 2d,1.0337550160331407e-07
cat__model_ilx premium and a-spec,1.0239978834931979e-07
cat__model_genesis 3.8 sedan 4d,9.303768161278639e-08
cat__model_accord lx,9.250842068844031e-08
cat__model_rdx technology and,9.120979361374726e-08
cat__model_edge sel,8.81498675529857e-08
cat__model_f150 xlt 4x4,8.664699525366531e-08
cat__model_outback 2.5i limited,8.643193079136226e-08
cat__model_camry hybrid,8.425701120986885e-08
cat__model_wrangler sahara sport,7.894703809878578e-08
cat__model_cooper countryman,7.600419309051222e-08
cat__model_xk,7.534344132058156e-08
cat__model_cruze lt,7.400343812267663e-08
cat__model_brz limited coupe 2d,7.227419022352787e-08
cat__model_countryman,7.057100543871493e-08
cat__model_equinox lt,6.76220912818434e-08
cat__model_xt5 luxury sport,6.707768278885944e-08
cat__model_genesis coupe 2.0t,6.277688387189346e-08
cat__model_leaf sv hatchback 4d,6.0512915090764e-08
cat__model_edge limited,5.6551525968406005e-08
cat__model_tsx sedan 4d,5.580556588281141e-08
cat__model_civic ex-l sedan 4d,5.5690108704186657e-08
cat__model_fit hatchback 4d,5.4664676095290475e-08
cat__model_tacoma 4wd,5.435084450837728e-08
cat__model_forte koup ex coupe 2d,5.364559517875608e-08
cat__model_cobalt,5.215820672084002e-08
cat__model_mkz premiere hybrid,5.157350717962655e-08
cat__model_civic touring sedan 4d,4.971999121798305e-08
cat__model_tacoma trd off-road,4.893534373887318e-08
cat__model_yaris l sedan 4d,4.799421663628684e-08
cat__model_cruze 2lt,4.103195693665444e-08
cat__model_sierra 1500 crew cab sle,4.098508988339894e-08
cat__model_outlander se sport,3.985742217268669e-08
cat__model_mazda3 touring 2.5,3.641042599130653e-08
cat__model_1500 4x4,3.582261805903514e-08
cat__model_tl sedan 4d,3.5795744303985927e-08
cat__model_mkz premiere sedan 4d,3.5132168793202766e-08
cat__model_prius one hatchback 4d,3.374870887682079e-08
cat__model_vibe,3.199844926184713e-08
cat__model_ilx technology plus and,3.1503928684723686e-08
cat__model_rx 330,2.9939729593378004e-08
cat__model_accord ex,2.9183234369545307e-08
cat__model_hr-v,2.851361766866865e-08
cat__model_es 350 f sport sedan 4d,2.5253468508245108e-08
cat__model_mx-5 miata rf grand,2.1788485606953812e-08
cat__model_malibu ls sedan 4d,2.102477998876802e-08
cat__model_soul +,2.0591100360579475e-08
cat__model_yukon slt,1.96475941592824e-08
cat__model_mkz select sedan 4d,1.953882568641269e-08
cat__model_ecosport ses sport utility,1.7629302811790132e-08
cat__model_a4 2.0t quattro premium awd,1.7611677916303694e-08
cat__model_rav4 xle,1.7525622402769645e-08
cat__model_santa fe 2.4 se sport,1.737512091645472e-08
cat__model_challenger sxt,1.5688041254250688e-08
cat__model_c-max energi sel wagon 4d,1.5454635485309477e-08
cat__model_mx-5 miata club,1.510085002745056e-08
cat__model_hrv,1.4254021512429836e-08
cat__model_golf tdi sel,1.2657828489397913e-08
cat__model_civic si coupe 2d,1.2084405229459493e-08
cat__model_ranger supercrew xlt pickup,1.1819399023397887e-08
cat__model_forte lxs sedan 4d,1.1006598133322329e-08
cat__model_focus electric hatchback 4d,9.876793971083973e-09
"cat__model_mark viii intech v8 lsc - moon roof - leather,heat",9.797211991746021e-09
cat__model_forte5 ex hatchback 4d,9.653163516919847e-09
cat__model_e150,9.497334600127673e-09
cat__model_x1 sdrive28i,8.47090395821237e-09
cat__model_legacy 2.5i premium sedan,8.368725654909229e-09
cat__model_outback 2.5i,7.66902149044709e-09
cat__model_v70,6.931773142962479e-09
cat__model_veloster n coupe 3d,6.2143415750871645e-09
cat__model_encore premium sport,5.6459842269662415e-09
cat__model_golf sportwagen tsi s,4.747016631141567e-09
cat__model_s60 t5 inscription premier,4.4698487220413005e-09
cat__model_leaf s hatchback 4d,4.01466613291348e-09
cat__model_forte koup sx coupe 2d,3.5998002938556234e-09
cat__model_mkz reserve sedan 4d,1.943808323013871e-09
cat__model_sonata gls,9.586158426433516e-10
cat__model_sonoma,4.905248264051038e-10
cat__model_atlas,2.5419506162505585e-10
cat__model_continental,2.525060395949441e-10
cat__model_cherokee latitude,2.403223976044563e-10
cat__model_ranger fx4 off-road 4wd!,2.1948972626005405e-10
cat__model_tahoe ltz,2.0098979250704138e-10
cat__model_challenger r/t shaker,1.9419817421808816e-10
cat__model_forester 2.5 x,1.840095228840732e-11
cat__model_eclipse cross,7.521680368028026e-12
cat__model_accord exl,9.683533641244054e-14
cat__model_passat tdi,0.0
cat__model_passat sportline,0.0
cat__model_patriot latitude,0.0
cat__model_patriot sport 4wd,0.0
cat__model_patriot latitude 4x4,0.0
cat__model_passat 2.0t se sedan,0.0
cat__model_patriot high alt,0.0
cat__model_yukon xl 2500 4wd,0.0
cat__model_passport sport suv 4d,0.0
cat__model_passat tdi se,0.0
cat__model_patriot limited,0.0
cat__model_passport,0.0
cat__model_patriot sport 4dr suv,0.0
cat__model_passat wagon,0.0
cat__model_yukon slt 2003,0.0
cat__model_patriot 4x4,0.0
cat__model_passat 2.0t wolfsburg,0.0
cat__model_passat s,0.0
cat__model_pathfinder platinum sport,0.0
cat__model_passat se,0.0
cat__model_pathfinder se,0.0
cat__model_pathfinder platinum,0.0
cat__model_1500 suburban,0.0
cat__model_pathfinder sl,0.0
cat__model_pathfinder sl sport,0.0
cat__model_passat s sedan 4d,0.0
cat__model_pathfinder sv,0.0
cat__model_passat komfort,0.0
cat__model_passat cc,0.0
cat__model_pathfinder sv 4x4,0.0
cat__model_passat tdi sel,0.0
cat__model_pathfinder 4x4 sv,0.0
cat__model_yukon xl 1500,0.0
cat__model_pathfinder sv sport,0.0
cat__model_1500 tradesman,0.0
cat__model_passat glx,0.0
cat__model_pathfinder s,0.0
cat__model_passat sedan,0.0
cat__model_passat tdi se sedan,0.0
cat__model_van,0.0
cat__model_patriot sport 4x4,0.0
cat__model_pilot exl awd,0.0
cat__model_powerglide,0.0
cat__model_power wagon,0.0
cat__model_pontic grand prix,0.0
cat__model_police interceptor,0.0
cat__model_plymouth cranbrook,0.0
cat__model_plymouth belvedere,0.0
cat__model_240sx s13,0.0
cat__model_plymouth P4,0.0
cat__model_pilot vp,0.0
cat__model_pilot touringawd,0.0
cat__model_pilot touring w/navi,0.0
cat__model_pilot touring sport,0.0
cat__model_pilot touring,0.0
cat__model_yukon denali awd,0.0
cat__model_pilot se 4x4,0.0
cat__model_prelude,0.0
cat__model_yukon 4wd 4dr denali,0.0
cat__model_prius bad credit,0.0
cat__model_prius hatchback,0.0
cat__model_prius plug-in,0.0
cat__model_prius persona series,0.0
cat__model_prius iv,0.0
cat__model_prius ii hatchback 4d,0.0
cat__model_prius ii,0.0
cat__model_1939 international,0.0
cat__model_prius four touring,0.0
cat__model_prius basehatchback,0.0
cat__model_prius four hatchback 4d,0.0
cat__model_prius four,0.0
cat__model_prius five,0.0
cat__model_prius c four hatchback 4d,0.0
cat__model_prius c,0.0
cat__model_yukon 1500 slt - 4wd - new tires - rear camera -,0.0
cat__model_pilot lx sport utility 4d,0.0
cat__model_pilot exl,0.0
cat__model_patriot sport 4x4 4dr suv,0.0
"cat__model_pilot ex-l | 4wd, 3rd row",0.0
cat__model_pickup 2500 slt,0.0
cat__model_pickup 2500 4x4,0.0
cat__model_yukon denali xl awd,0.0
cat__model_pickup 1500 tradesman,0.0
cat__model_pickup 1500 lone star 4x2,0.0
cat__model_pickup 1500 laramie 4x4,0.0
cat__model_yukon hybrid,0.0
cat__model_244,0.0
cat__model_pick-up,0.0
cat__model_pick up,0.0
cat__model_phaeton,0.0
cat__model_peterbilt 389,0.0
cat__model_patroit,0.0
cat__model_patriot sport-4x4,0.0
cat__model_yukon sle,0.0
cat__model_pickup 2500 sltquad,0.0
cat__model_pickup 3500,0.0
cat__model_pickup 4x4,0.0
cat__model_yukon denali sport utility,0.0
cat__model_pilot ex-l sport utility,0.0
cat__model_pilot ex-l awd camera,0.0
cat__model_pilot ex-l awd,0.0
cat__model_pilot ex-l 4x4,0.0
cat__model_pilot ex-l,0.0
cat__model_pilot ex with leather and,0.0
cat__model_pilot ex sport utility 4d,0.0
cat__model_pickup j4000 quadra trac,0.0
cat__model_pilot ex 4wd,0.0
cat__model_pilot ex,0.0
cat__model_pilot elite,0.0
cat__model_pilot 4wd 4dr ex-l,0.0
cat__model_yukon denali xl,0.0
"cat__model_pickup st*v8,5.7l!sho",0.0
cat__model_pickup 2500,0.0
cat__model_pacifica hybrid tourin,0.0
cat__model_passat 1.8t se sedan,0.0
cat__model_viper rt 10 removable top,0.0
cat__model_optima lx 4d sedan automatic,0.0
cat__model_1500 st,0.0
cat__model_1500 sportcrew cab,0.0
cat__model_villager sport,0.0
cat__model_optima hybrid ex sedan 4d,0.0
cat__model_optima hybrid,0.0
cat__model_optima exsedan,0.0
cat__model_optima lx sedan 4d,0.0
cat__model_optima ex sedan 4d,0.0
cat__model_optima ex 4dr sedan,0.0
cat__model_1500 sport crew cab lwb 4wd,0.0
cat__model_2500 cargo van,0.0
cat__model_olet Silverado 1500,0.0
cat__model_olet Impala,0.0
cat__model_optima lx 4dr sedan,0.0
cat__model_optima s sedan 4d,0.0
cat__model_olet Equinox,0.0
cat__model_outback 2.5i awd wagon,0.0
cat__model_outback 2.5i wagon 4d,0.0
cat__model_1500 st quad cab,0.0
cat__model_outback 2.5i touring,0.0
cat__model_vibe gt,0.0
cat__model_1500 st extended cab,0.0
cat__model_outback 2.5i limited awd,0.0
cat__model_outback 2.5i 4dr wagon,0.0
cat__model_optima sx,0.0
cat__model_2500 4x4 quad cab sport,0.0
cat__model_oul,0.0
cat__model_other,0.0
cat__model_1500 st 4dr quad cab st,0.0
cat__model_optima sx turbo w/navigation,0.0
cat__model_optima sx turbo,0.0
cat__model_olet Express Commercial Cutaway,0.0
cat__model_1500 sport 4x4,0.0
cat__model_passat 1.8t se,0.0
cat__model_nx 300h sport utility 4d,0.0
cat__model_2500 crew cab big horn,0.0
cat__model_odyssee,0.0
cat__model_odyseey vtec,0.0
cat__model_odessey ex-l,0.0
cat__model_oddysey ex,0.0
cat__model_oddysey,0.0
cat__model_2500 crew cab slt 4x4,0.0
cat__model_odyssey ex at,0.0
cat__model_nx 300 luxury sport,0.0
cat__model_nx 300,0.0
cat__model_2500 cummins,0.0
cat__model_1500 slt sport,0.0
cat__model_nvp,0.0
cat__model_nv2500hd,0.0
cat__model_odyssey ex,0.0
cat__model_2500 crew cab,0.0
cat__model_olet CRUZE,0.0
cat__model_oldsmobile bravada,0.0
cat__model_1500 sltcrew cab,0.0
cat__model_oldsmobile silhouette,0.0
cat__model_oldsmobile omega,0.0
cat__model_oldsmobile intrigue,0.0
cat__model_oldsmobile cutlass supreme,0.0
cat__model_oldsmobile cutlass,0.0
cat__model_oldsmobile aurora,0.0
cat__model_odyssey exl,0.0
cat__model_oldmobile,0.0
cat__model_odyssey touring minivan,0.0
cat__model_odyssey touring elite,0.0
cat__model_odyssey touring,0.0
cat__model_odyssey minivan,0.0
cat__model_odyssey exmini van,0.0
cat__model_outback 2.5xt limited,0.0
cat__model_outback 2.5xt limited 4,0.0
cat__model_zephyr,0.0
cat__model_pacifica awd,0.0
"cat__model_yukon, xl, slt",0.0
cat__model_pacifica touring l plus,0.0
cat__model_pacifica touring,0.0
cat__model_pacifica lx wheelchair van fr conversions - manual fold out ramp rear loading conversion,0.0
cat__model_pacifica limited,0.0
cat__model_z28 camaro,0.0
cat__model_250,0.0
cat__model_palisade,0.0
cat__model_paceman,0.0
cat__model_p3500 step van v-8 gas multiple uses,0.0
cat__model_p30,0.0
cat__model_p20,0.0
cat__model_p1800,0.0
cat__model_outlook xe awd,0.0
cat__model_pacifica touring-l,0.0
cat__model_palisade sel sport,0.0
cat__model_outback 3.0 r h6 ll bean,0.0
cat__model_panel truck c 10,0.0
cat__model_passat 1.8t s pzev,0.0
cat__model_passat 1.8t,0.0
cat__model_yukon xl 2500 slt 4x4 v8 6.0l leather 3 row seating,0.0
cat__model_yukon xl denali 4x4,0.0
cat__model_park avenue,0.0
cat__model_yukon xl sle,0.0
cat__model_yukon xl slt,0.0
cat__model_panamera,0.0
cat__model_panel truck,0.0
cat__model_panel 3800,0.0
cat__model_yukon xl slt 1500,0.0
cat__model_panel,0.0
cat__model_panamera turbo awd execu,0.0
cat__model_panamera gts,0.0
cat__model_z3,0.0
cat__model_outlook,0.0
cat__model_outlander sport se,0.0
cat__model_outback limited edition,0.0
cat__model_z4 3.0i 3.0i,0.0
cat__model_outback wagon premium,0.0
cat__model_outback wagon limited good head gaskets and timing belt,0.0
cat__model_outback premium awd gas,0.0
cat__model_z4 convertible,0.0
cat__model_outback limited xt awd,0.0
cat__model_outback limited,0.0
cat__model_outlander sport le,0.0
cat__model_outback legacy limited,0.0
cat__model_outback awd,0.0
cat__model_z4 sdrive28i roadster 2d,0.0
cat__model_1500 st st 4dr quad cab,0.0
cat__model_outback 3.6r limited,0.0
cat__model_outback 3.6r,0.0
cat__model_outlander,0.0
cat__model_outlander es,0.0
cat__model_z4,0.0
cat__model_2500 4x4 cummins diesel,0.0
cat__model_z3 roadster,0.0
cat__model_z3 3.0i,0.0
cat__model_outlander phev,0.0
cat__model_2500 4x4 cummins,0.0
cat__model_2500 4x4 crew cab,0.0
cat__model_outlander sel 4x4 gas,0.0
cat__model_outlander sel sport,0.0
cat__model_2500 4x4,0.0
cat__model_2500 *tradesman*4x4 *4dr -*crew *cab *lifted *1-*owner,0.0
cat__model_outlander sport be,0.0
cat__model_z3 2.3,0.0
cat__model_outlander sport fwd,0.0
cat__model_outlander sport gt,0.0
cat__model_prius plug-in hybrid,0.0
cat__model_promaster 2500,0.0
cat__model_prius prime,0.0
cat__model_rav4 awd xle,0.0
cat__model_rav4 awd,0.0
cat__model_rav4 adventure sport,0.0
cat__model_rav4 4 x 4,0.0
cat__model_rav4 - rear camera - bluetooth - good on gas -,0.0
cat__model_21011,0.0
cat__model_rav-4 sport,0.0
cat__model_rav 4 xle,0.0
cat__model_rav 4 le,0.0
cat__model_rav 4,0.0
cat__model_ranier,0.0
cat__model_ranger xlt 4x4,0.0
cat__model_xt5 sport utility 4d,0.0
cat__model_ranger xlt 4wd,0.0
cat__model_ranger xlt 2dr xlt,0.0
cat__model_xt6,0.0
cat__model_rav4 awd 5 speed,0.0
cat__model_versa sv sedan 4d,0.0
cat__model_ranger xl,0.0
cat__model_rav4 ev sport utility 4d,0.0
cat__model_rav4 se,0.0
cat__model_rav4 limited v6,0.0
cat__model_rav4 limited automatic,0.0
cat__model_rav4 limited,0.0
cat__model_rav4 le sport utility 4d,0.0
cat__model_rav4 le i4 awd,0.0
cat__model_rav4 le awd,0.0
cat__model_rav4 le,0.0
cat__model_rav4 hybrid xse sport,0.0
cat__model_210,0.0
cat__model_rav4 hybrid xle,0.0
cat__model_rav4 hybrid limited sport,0.0
cat__model_rav4 hybrid limited,0.0
cat__model_rav4 hybrid le sport,0.0
cat__model_rav4 fwd,0.0
cat__model_ranger xl extended cab,0.0
cat__model_ranger sxt,0.0
cat__model_rabbit pick up,0.0
cat__model_xterra pro-4x,0.0
cat__model_range evoque se sport,0.0
cat__model_xterra s 4x4 gas suv auto,0.0
cat__model_vibe 1.8l,0.0
cat__model_range evoque pure,0.0
cat__model_xterra s sport utility 4d,0.0
cat__model_range evoque p250,0.0
cat__model_range evoque coupe,0.0
cat__model_ranchero gt cobra,0.0
cat__model_ranchero gt,0.0
cat__model_ranchero,0.0
cat__model_xterra se,0.0
cat__model_rally,0.0
cat__model_rainier cxl,0.0
cat__model_rainier,0.0
cat__model_xterra se 4x4,0.0
cat__model_xterra s,0.0
cat__model_ranger 3.0 4x4,0.0
cat__model_xt6 premium luxury,0.0
cat__model_ranger 4x4,0.0
cat__model_ranger supercrew lariat,0.0
cat__model_ranger supercab xlt pickup,0.0
cat__model_ranger supercab xlt,0.0
cat__model_2111,0.0
cat__model_ranger supercab edge,0.0
cat__model_ranger supercab,0.0
cat__model_xterra 4x4,0.0
cat__model_ranger super cab,0.0
cat__model_ranger sport extended cab,0.0
cat__model_ranger regular cab,0.0
cat__model_ranger pickup truck,0.0
cat__model_ranger lariat crew cab,0.0
cat__model_xterra off road,0.0
cat__model_ranger edge,0.0
cat__model_ranger bad credit,0.0
cat__model_rav4 sport,0.0
cat__model_rav4 sport 4wd,0.0
cat__model_xt5 sport suv 4d,0.0
cat__model_renegade suv,0.0
cat__model_renegade sport,0.0
cat__model_renegade limited,0.0
cat__model_renegade latitude sport,0.0
cat__model_renegade latitude 4x4 gas,0.0
cat__model_renegade latitude,0.0
cat__model_renegade altitude sport,0.0
cat__model_renegade altitude,0.0
cat__model_xt5 luxury,0.0
cat__model_rendezvous suv,0.0
cat__model_xt5 luxury premium,0.0
cat__model_rendezvous cxl awdsuv,0.0
cat__model_rendezvous cx,0.0
cat__model_rendezvous,0.0
cat__model_regal turbo premium 1,0.0
cat__model_regal turbo,0.0
cat__model_xt5,0.0
cat__model_renegade trailhawk,0.0
cat__model_rav4 xle 4wd,0.0
cat__model_renegade trailhawk sport,0.0
cat__model_rio gdi,0.0
cat__model_rio ex,0.0
cat__model_1946 Plymouth,0.0
cat__model_rio 5-door,0.0
cat__model_2017,0.0
cat__model_ridgeline sport pickup 4d,0.0
cat__model_ridgeline rtl-t pickup 4d,0.0
cat__model_ridgeline rtl-e crew cab,0.0
cat__model_ridgeline rtl with navi,0.0
cat__model_ridgeline rtl pickup 4d 5,0.0
cat__model_ridgeline rtl 4wd,0.0
cat__model_ridgeline rtl,0.0
cat__model_ridgeline black edition,0.0
cat__model_ridgeline 4wd,0.0
cat__model_ridgeline,0.0
cat__model_regal sportback preferred,0.0
cat__model_regal sportback,0.0
cat__model_regal sport touring sedan,0.0
cat__model_regal premium ii sedan 4d,0.0
cat__model_2018,0.0
cat__model_rdx,0.0
cat__model_rcf,0.0
cat__model_rc 350 f sport,0.0
cat__model_xt5 premium luxury,0.0
cat__model_rc 350 coupe 2d,0.0
cat__model_2021 ISUZU NPR XD,0.0
cat__model_rc 300,0.0
cat__model_rc 200t coupe 2d,0.0
cat__model_rc 200t,0.0
cat__model_xt5 premium luxury fwd,0.0
cat__model_rav4 xle sport utility 4d,0.0
cat__model_rav4 xle premium sport,0.0
cat__model_rav4 xle awd,0.0
cat__model_w4,0.0
cat__model_rdx awd,0.0
cat__model_rdx awd advance,0.0
cat__model_rdx awd v6,0.0
cat__model_rdx w/tech,0.0
cat__model_regal premium,0.0
cat__model_regal limited,0.0
cat__model_versa sr sedan 4d,0.0
cat__model_regal cxl turbo oshawa,0.0
cat__model_regal,0.0
cat__model_reatta,0.0
cat__model_rdx technology pkg sport,0.0
cat__model_rdx fwd w/a-spec pkg sport,0.0
cat__model_rdx tech pkg,0.0
cat__model_rdx sh-awd technology pkg,0.0
cat__model_xt5 platinum sport,0.0
cat__model_rdx sh-awd sport utility,0.0
cat__model_rdx sh-awd a-spec pkg,0.0
cat__model_2017 Silverado 2500HD,0.0
cat__model_raiders,0.0
cat__model_rabbit,0.0
cat__model_prius prime le (natl),0.0
cat__model_q5 2.0t quattro premium,0.0
cat__model_q5 2.0t premium,0.0
cat__model_xv crosstrek premium,0.0
cat__model_q45t,0.0
cat__model_q40,0.0
cat__model_q3 sport premium utility 4d,0.0
cat__model_q3 sport premium plus,0.0
cat__model_yamaha roadstar,0.0
cat__model_q3 premium sport utility 4d,0.0
cat__model_q3 premium plus sport,0.0
cat__model_q3 premium plus,0.0
cat__model_q3 2.0t premium,0.0
cat__model_yaris hatchback,0.0
cat__model_yaris ia,0.0
cat__model_pt cruiser touring,0.0
cat__model_yaris ia sedan 4d,0.0
cat__model_q5 2.0t premium plus,0.0
cat__model_q5 2.0t quattro premium plus,0.0
cat__model_pt cruiser limited,0.0
cat__model_q5 3.0t premium plus sport,0.0
cat__model_q50 3.0t luxe sedan 4d,0.0
cat__model_q50 3.0t luxe,0.0
cat__model_q50 2.0t luxe sedan 4d,0.0
cat__model_q50,0.0
cat__model_q5 tdi premium plus sport,0.0
cat__model_q5 quattro premium plus,0.0
cat__model_q5 quattro premium,0.0
cat__model_q5 premium sport utility 4d,0.0
cat__model_q5 premium plus,0.0
cat__model_q5 premium awd gas suv auto,0.0
cat__model_q5 premium 2.0t quattro tip,0.0
cat__model_q5 premium,0.0
cat__model_q5 bad credit,0.0
cat__model_q5 45 tfsi titanium premium,0.0
cat__model_q5 45 tfsi premium plus,0.0
cat__model_pt cruiser ltd.,0.0
cat__model_pt cruiser classic,0.0
cat__model_r3500,0.0
cat__model_yaris sedan,0.0
cat__model_promaster,0.0
cat__model_probe se 2dr hatchback,0.0
cat__model_probe gt,0.0
cat__model_prizm,0.0
cat__model_prius v two wagon 4d,0.0
cat__model_prius v hybrid,0.0
cat__model_prius v,0.0
cat__model_prius two hatchback 4d,0.0
cat__model_prius two (natl),0.0
cat__model_yaris sedan le auto (natl),0.0
cat__model_prius touring,0.0
cat__model_prius three hatchback 4d,0.0
cat__model_prius three,0.0
cat__model_prius standard package,0.0
cat__model_prius prime plus,0.0
cat__model_yaris sedan le,0.0
cat__model_promaster 1500 high roof 136,0.0
cat__model_pruis hybrid,0.0
cat__model_promaster 1500 low roof,0.0
cat__model_promaster city wagon slt,0.0
cat__model_promaster city wagon,0.0
cat__model_yaris le 4dr h/b,0.0
cat__model_promaster city cargo tradesman,0.0
cat__model_promaster city,0.0
cat__model_promaster cargo van,0.0
cat__model_yaris rs,0.0
cat__model_yaris s,0.0
cat__model_promaster cargo 3500 159 wb,0.0
cat__model_promaster cargo 1500 cargo 136 wb,0.0
cat__model_promaster cargo,0.0
cat__model_230i xdrive,0.0
cat__model_promaster 2500 handicap,0.0
cat__model_240,0.0
cat__model_nv2500 hd,0.0
cat__model_q50 3.0t signature,0.0
cat__model_q50 3.0t signature edition,0.0
cat__model_q50 3.0t sport sedan 4d,0.0
cat__model_vibe base,0.0
cat__model_xts premium,0.0
cat__model_xts standard sedan 4d,0.0
cat__model_vibe base fwd 4dr wagon,0.0
cat__model_qx50 autograph sport,0.0
cat__model_qx50,0.0
cat__model_qx4,0.0
cat__model_qx30 premium sport,0.0
cat__model_qx30 luxury,0.0
cat__model_qx30,0.0
cat__model_qx qx56 sport utility,0.0
cat__model_qx 60,0.0
cat__model_xtype,0.0
cat__model_quest sl,0.0
cat__model_quest se,0.0
cat__model_quest s,0.0
cat__model_xts luxury* black,0.0
cat__model_xts luxury sedan 4d,0.0
cat__model_q50 3.7 premium sedan,0.0
cat__model_xts luxury collection,0.0
cat__model_r350 awd,0.0
cat__model_r1000s,0.0
cat__model_2200,0.0
cat__model_r-class r 350,0.0
cat__model_r-class,0.0
cat__model_qx80 limited sport,0.0
cat__model_qx80 limited,0.0
cat__model_228i,0.0
cat__model_qx70,0.0
cat__model_qx60 pure sport utility,0.0
cat__model_xts,0.0
cat__model_qx60 base awdsuv,0.0
cat__model_228i m sport package,0.0
cat__model_xts luxury,0.0
cat__model_qx56,0.0
cat__model_quest 3.5 se,0.0
"cat__model_quest 3.5 s - 3 months / 3,000 miles limited warranty",0.0
cat__model_quest 3.5 s,0.0
cat__model_xv crosstrek,0.0
cat__model_q60 3.0t premium coupe,0.0
cat__model_q60 3.0t luxe coupe 2d,0.0
cat__model_q60 2.0t pure coupe 2d,0.0
cat__model_q60 2.0t coupe 2d,0.0
cat__model_q60,0.0
cat__model_q50 sport,0.0
cat__model_xv crosstrek 2.0i premium,0.0
cat__model_q50 s,0.0
cat__model_q50 red sport 400 sedan,0.0
cat__model_q50 premium awd,0.0
cat__model_q50 premium,0.0
cat__model_q50 hybrid luxe sedan,0.0
cat__model_q50 base,0.0
cat__model_xv crosstrek hybrid,0.0
cat__model_q50 3.7 sedan 4d,0.0
cat__model_q60 3.0t pure coupe 2d,0.0
cat__model_xv crosstrek 2.0i,0.0
cat__model_q60 red sport 400 coupe,0.0
cat__model_q7 quattro awd gas suv auto,0.0
cat__model_xv crosstrek 2.0 limited cvt,0.0
cat__model_quad cab,0.0
cat__model_q70 hybrid,0.0
cat__model_q70 3.7 sedan 4d,0.0
cat__model_q70 3.7 luxe sedan 4d,0.0
cat__model_228i xdrive,0.0
cat__model_q7 55 tfsi premium plus,0.0
cat__model_q7,0.0
cat__model_q7 3.0t s line prestige,0.0
cat__model_q7 3.0t quattro premium,0.0
cat__model_q7 3.0t premuim plus,0.0
cat__model_q7 3.0t premium plus sport,0.0
cat__model_q7 3.0t premium plus,0.0
cat__model_q7 3.0 premium plus,0.0
cat__model_nv2500 hd cargo,0.0
cat__model_niro,0.0
cat__model_1500 slt crew cab 4x4,0.0
cat__model_lr 2,0.0
cat__model_lj rubicon,0.0
cat__model_lifted tundra sr5 4x4 gas,0.0
cat__model_lifted tacoma trd sport,0.0
cat__model_lifted tacoma trd off 4x4,0.0
cat__model_lifted tacoma sr5 4x4 gas,0.0
cat__model_lifted silverado 1500,0.0
cat__model_lifted sierra 1500 slt 4x4,0.0
cat__model_lifted sierra 1500 sle x31,0.0
cat__model_voyager lxi fwd,0.0
cat__model_lifted f350 xl 4x4 1 ton,0.0
cat__model_lifted f150 xlt fx4 4x4 gas,0.0
cat__model_w150,0.0
cat__model_voyager lxi minivan 4d,0.0
cat__model_lifted f150 svt raptor 4x4,0.0
cat__model_lifted f150 fx4 4x4 1/2 ton,0.0
cat__model_loyale,0.0
cat__model_lr 4,0.0
cat__model_ls430,0.0
cat__model_lr2,0.0
cat__model_ls 600h l,0.0
cat__model_2500hd duramax,0.0
cat__model_ls 460 lwb,0.0
cat__model_1500 big horn 4x4 crew cab,0.0
cat__model_volt 5dr hb,0.0
cat__model_1500 big horn,0.0
cat__model_1500 4x4 express 4dr quad cab 6.3 ft sb pickup truck clean carfax 2-owner local truck,0.0
cat__model_volt premium,0.0
cat__model_ls 400,0.0
cat__model_ls,0.0
cat__model_lr4 hse,0.0
cat__model_lr4,0.0
cat__model_lr3 se,0.0
cat__model_lr3,0.0
cat__model_lr2 se,0.0
cat__model_liberty trail rated,0.0
cat__model_1500 4wd,0.0
cat__model_liberty sport 4wd,0.0
cat__model_liberty sport 4+4,0.0
cat__model_lesabre custom,0.0
cat__model_lesabre 4dr sdn,0.0
cat__model_lesabre,0.0
cat__model_ler Voyager,0.0
cat__model_135i,0.0
cat__model_legend,0.0
cat__model_legacy wagon awd,0.0
cat__model_legacy wagon 5dr outback h6 vdc,0.0
cat__model_legacy wagon,0.0
cat__model_legacy premium,0.0
cat__model_legacy outback,0.0
cat__model_128i convertible,0.0
cat__model_124 spider lusso,0.0
cat__model_legacy limited sedan 4d,0.0
cat__model_124 spider classica,0.0
cat__model_lesabre customsedan,0.0
cat__model_lesabre custon,0.0
cat__model_135i convertible,0.0
cat__model_vue,0.0
cat__model_liberty sport,0.0
cat__model_liberty renegade 4x4,0.0
cat__model_liberty limited jet,0.0
cat__model_liberty limited,0.0
cat__model_1500 *4x4*slt 4dr *crew cab sb *pichup *local *truck,0.0
cat__model_liberty laredo 4x4,0.0
cat__model_liberty 4x4,0.0
cat__model_15 passenger shuttle van,0.0
cat__model_liberty 4wd 4dr sport,0.0
cat__model_2500hd lt duramax 4x4,0.0
cat__model_lexuse RX,0.0
cat__model_lesabre sedan,0.0
cat__model_lesabre ltd,0.0
cat__model_lesabre limited,0.0
cat__model_ls400,0.0
cat__model_1500 classic crew cab,0.0
cat__model_malibu ls,0.0
cat__model_1500 crew cab laramie,0.0
cat__model_1500 crew cab express pickup,0.0
cat__model_m550i,0.0
cat__model_m5 85k v10 500 hp 7 speed paddles moon roof m3,0.0
cat__model_1500 crew cab 140.5 larami,0.0
cat__model_m5,0.0
cat__model_m45,0.0
cat__model_m4,0.0
cat__model_m3cic,0.0
cat__model_volkswagon passat,0.0
cat__model_w250,0.0
cat__model_1500 classic warlock,0.0
cat__model_m37x,0.0
cat__model_m37 powerwagon mopar,0.0
cat__model_m37,0.0
cat__model_m35xs,0.0
cat__model_2500 st crew cab,0.0
cat__model_macan,0.0
cat__model_ls430 4.3l v8,0.0
"cat__model_macan s 67k msrp* premium package plus* gloss black window trim*roof rails in black* 20"" rs spyder wheels* navigation* heated and ventilated seats*tinted windows",0.0
cat__model_malibu limited ltz,0.0
cat__model_malibu limited lt,0.0
cat__model_volkswagon jetta,0.0
cat__model_malibu limited ls,0.0
cat__model_1500 crew cab rebel pickup,0.0
cat__model_malibu hybrid,0.0
cat__model_malibu classic,0.0
cat__model_malibu 2lt sedan,0.0
cat__model_2500 slt 4x4 cummins,0.0
cat__model_magnum sxt,0.0
cat__model_magnum,0.0
cat__model_1500 crew cab laramie pickup,0.0
cat__model_2500 slt* 4x4 * diesel 4dr mega cab clean carfax cummins,0.0
cat__model_macan sport utility 4d,0.0
cat__model_macan s sport utility 4d,0.0
cat__model_m35x,0.0
cat__model_1500 classic sport 4x4,0.0
cat__model_m35 base,0.0
cat__model_m35,0.0
cat__model_luv,0.0
cat__model_lumina ltz,0.0
cat__model_lumina,0.0
cat__model_lucerne cxl v6,0.0
cat__model_lucerne cxl premium sedan,0.0
cat__model_1500 classic slt,0.0
cat__model_lucerne cxl,0.0
cat__model_lucerne cx,0.0
cat__state_de,0.0
cat__model_1500 classic quad cab,0.0
cat__model_lucerne,0.0
cat__model_ltz tahoe,0.0
cat__model_1500 classic crew cab big,0.0
cat__model_lt sonic hatchback,0.0
cat__model_ls460 l,0.0
cat__model_2500hd classic,0.0
cat__model_1500 classic slt 4x4,0.0
cat__model_lx 570,0.0
cat__model_m-class ml 500,0.0
cat__model_m30,0.0
cat__model_m3 coupe 2d,0.0
cat__model_m3 coupe,0.0
cat__model_1500 classic slt crewcab,0.0
cat__model_2500 tradesman lifted 4wd cummins,0.0
cat__model_m2,0.0
cat__model_m-class ml 350,0.0
cat__model_lx450,0.0
cat__model_m-class ml 320,0.0
cat__model_m-class,0.0
cat__model_m roadster,0.0
cat__model_m models x6,0.0
cat__model_m m37x sedan 4d,0.0
cat__model_m coupe,0.0
cat__model_legacy limited 3.6r,0.0
cat__model_legacy gt limited,0.0
cat__model_legacy 2.5i premium,0.0
cat__model_3,0.0
cat__model_john cooper works,0.0
cat__model_jimmy sle,0.0
cat__model_jetta tsi turbo,0.0
cat__model_jetta trendline,0.0
cat__model_jetta tdi,0.0
cat__model_jetta sportwagen tdi,0.0
cat__model_jetta sportwagen 2.0l,0.0
cat__model_jetta sportwagen,0.0
cat__model_jetta sel pzev 4dr sedan,0.0
cat__model_jetta sedan,0.0
cat__model_jetta se pzev local car,0.0
cat__model_jetta se,0.0
cat__model_jetta s,0.0
cat__model_jetta r-line fwd gas,0.0
cat__model_jetta r- line,0.0
cat__model_jouney,0.0
cat__model_journey avp,0.0
cat__model_legacy 2.5i limited sedan,0.0
cat__model_journey crossroad,0.0
cat__model_jx jx35 sport utility,0.0
cat__model_junk,0.0
cat__model_juke sv,0.0
cat__model_juke s,0.0
cat__model_juke nismo,0.0
cat__model_2dr sedan,0.0
cat__model_journey sxt,0.0
cat__model_journey se value sport,0.0
cat__model_/mercury comet,0.0
cat__model_journey se,0.0
cat__model_journey r/t sport utility,0.0
cat__model_journey gt sport utility,0.0
cat__model_journey gt,0.0
cat__model_journey fwd 4dr se,0.0
cat__model_- Model S,0.0
cat__model_jetta gls,0.0
cat__model_jetta gli autobahn,0.0
cat__model_jetta gli 35th,0.0
cat__model_jetta gli,0.0
cat__model_isuzu nrr,0.0
cat__model_isuzu nqr,0.0
"cat__model_$362.47, $1000 down, oac, 2.9%apr $362.47,luxury low miles $1000 down, only 40k miles",0.0
cat__model_isuzu npr hd,0.0
cat__model_isuzu npr diesel,0.0
cat__manufacturer_land rover,0.0
cat__model_vue v6,0.0
cat__model_isuzu npr,0.0
cat__model_isuzu hombre,0.0
cat__model_isc 250,0.0
cat__model_is300,0.0
cat__manufacturer_datsun,0.0
cat__model_is250,0.0
cat__model_is is turbo f sport,0.0
cat__model_is is 300 f sport rwd,0.0
cat__model_isuzu trooper 2.6 4WD,0.0
cat__model_isuzu vehicross,0.0
cat__model_3 i touring,0.0
cat__model_jetta 1.4t se,0.0
cat__model_jetta gl,0.0
cat__model_jetta 2.5 se,0.0
cat__model_jetta 2.5,0.0
cat__model_jetta 2.0l tdi sedan,0.0
cat__model_jetta 2.0,0.0
cat__model_jetta 1.4t sel,0.0
cat__model_-,0.0
cat__model_jayco eagle,0.0
cat__model_jetta 1.4t s sedan,0.0
cat__model_jetta 1.4t s 6a,0.0
cat__model_jetta 1.4t s,0.0
cat__model_jetta 1.4t r-line,0.0
cat__model_jetta 1.4t - ac blows ice cold - gas saver -,0.0
cat__model_3 i grand touring,0.0
cat__model_jx35,0.0
cat__model_02 murcury mountaineer,0.0
cat__model_jx35 awd,0.0
cat__model_lacrosse cxl sedan,0.0
cat__model_lancer ralliart,0.0
cat__model_lancer oz rally,0.0
cat__model_lancer ls,0.0
cat__model_lancer le 2.0 fwd cvt,0.0
cat__model_lancer evolution gsr,0.0
cat__model_100,0.0
cat__model_lancer es sport,0.0
cat__model_lancer es,0.0
cat__model_lancer,0.0
cat__model_laguna,0.0
cat__model_lacrosse premium ii,0.0
cat__model_lacrosse premium,0.0
cat__model_lacrosse preferred sedan,0.0
cat__model_lacrosse preferred,0.0
cat__model_lacrosse leather,0.0
cat__model_280z,0.0
cat__model_land cruiser 100 series,0.0
cat__model_land cruiser 4x4 / leathe,0.0
cat__model_leaf sl hatchback 4d,0.0
cat__model_vue basesuv (3.5l v6 5a,0.0
cat__model_legacy 2.5i limited awd,0.0
cat__model_legacy 2.5i limited,0.0
cat__model_legacy 2.5i,0.0
cat__model_124 spider,0.0
cat__model_lecern,0.0
cat__model_leaf sl,0.0
cat__model_land cruiser kzj71,0.0
cat__model_leaf s,0.0
cat__model_leaf,0.0
cat__model_lcf 450,0.0
cat__model_landcruiser fj62 4wd,0.0
cat__model_100 cs quattro wagon,0.0
cat__model_landcruier,0.0
cat__model_lacrosse essence sedan 4d,0.0
cat__model_lacrosse cxl,0.0
cat__model_k10,0.0
cat__model_lacrosse cx,0.0
cat__model_kenworth t800,0.0
cat__model_05 Saab 93 convertible,0.0
cat__model_kenworth t680,0.0
cat__model_keep wrangler,0.0
cat__model_kc 1/2ton,0.0
cat__model_280zx,0.0
cat__model_04 chrayler 300m,0.0
cat__model_k900 luxury sedan 4d,0.0
cat__model_k3500,0.0
cat__model_k30,0.0
cat__model_k2500,0.0
cat__model_k20,0.0
cat__model_k1500,0.0
cat__model_k1000,0.0
cat__model_k10 4x4,0.0
cat__model_06 benz c280 4matic,0.0
cat__model_1 1/2 ton,0.0
cat__model_1 series,0.0
cat__model_l-series,0.0
cat__model_lacrosse,0.0
cat__model_lac XT5 Crossover,0.0
cat__model_1 series 2dr conv 128i,0.0
cat__model_l300,0.0
cat__model_1 series 135i coupe 2d,0.0
cat__model_l-series l300 sedan,0.0
cat__model_kona limited sport,0.0
cat__model_kicks,0.0
cat__model_1 series 135i 2dr coupe,0.0
cat__model_1 series 128i convertible 2d,0.0
cat__model_kodiak 4500,0.0
cat__model_kodiak,0.0
cat__model_1 series 128i,0.0
cat__model_kit car,0.0
cat__model_malibu limited t,0.0
cat__model_1500 crew cab slt pickup 4d,0.0
cat__model_nv200 sv cargo van,0.0
cat__model_murano le v6 awd,0.0
cat__model_murano le awd,0.0
cat__model_murano crosscabriolet awd,0.0
cat__model_2500 laramie 4x4 / 5.9,0.0
cat__model_mr2 spyder,0.0
cat__model_mr2,0.0
cat__model_1500 outdoorsman 4wd!,0.0
cat__model_mpv lx,0.0
cat__model_mpv es,0.0
cat__model_1500 outdoorsman,0.0
cat__model_mpv,0.0
cat__model_moutaineer awd,0.0
cat__model_mountaineer premier,0.0
cat__model_mountaineer,0.0
cat__model_monza,0.0
cat__model_montero sport,0.0
cat__model_murano le awd 3.5 v6,0.0
cat__model_murano platinum,0.0
cat__model_mustang ecoboost,0.0
cat__model_murano platinum awd,0.0
cat__model_mustang cs 6,0.0
cat__model_mustang coupe,0.0
cat__model_mustang convertible lx,0.0
cat__model_1500 outdoorsman 4x4,0.0
cat__model_mustang boss 302 coupe,0.0
cat__model_mustang boss,0.0
cat__model_mustang 5.0,0.0
cat__model_2500 hd 4x4 diesel,0.0
cat__model_murano.awd,0.0
cat__model_murano sv sport utility,0.0
cat__model_murano sl awdsuv,0.0
cat__model_murano sl awd,0.0
cat__model_murano sl,0.0
cat__model_murano s awd,0.0
cat__model_murano s,0.0
cat__model_montero,0.0
cat__model_monterey,0.0
cat__model_montego premium,0.0
cat__model_montego mx,0.0
cat__model_model a roadster,0.0
cat__model_2500 laramie mega cab,0.0
cat__model_model 57,0.0
"cat__model_1500 lone star, $435 month, $2000 down, oac, 2.9% $435 month, $2000 down, 2.9% apr, oac, 1 owner, 0 accidents, nice",0.0
cat__model_model 3 mid range sedan 4d,0.0
cat__model_model 3 long range sedan,0.0
cat__model_ml550,0.0
cat__model_ml350 4wd,0.0
cat__model_ml350 4matic awd s,0.0
cat__model_ml350 4matic,0.0
cat__model_ml350,0.0
cat__model_ml-class,0.0
cat__model_ml 350,0.0
cat__model_1500 lone star,0.0
cat__model_mkz select,0.0
cat__model_model b,0.0
cat__model_1500 longhorn 4x4 gas,0.0
cat__model_2500 laramie longhorn,0.0
cat__model_montana van,0.0
cat__model_montego,0.0
cat__model_monte crarlo,0.0
cat__model_monte carlo ss,0.0
cat__model_monte carlo ls,0.0
cat__model_monte carlo,0.0
cat__model_montclair,0.0
cat__model_montana sv6,0.0
cat__model_model s p85,0.0
cat__model_1500 orange,0.0
cat__model_montana,0.0
cat__model_model t,0.0
cat__model_2500 laramie cummins,0.0
cat__model_model s sedan 4d,0.0
cat__model_model s performance sedan,0.0
cat__model_mustang deluxe,0.0
cat__model_mustang ecoboost coupe 2d,0.0
cat__model_malibu lt 1lt,0.0
cat__model_1500 slt 4wd,0.0
cat__model_niro ex wagon 4d,0.0
cat__model_1500 slt 4dr quad cab,0.0
cat__model_niro ev ex wagon 4d,0.0
cat__model_rio grade,0.0
cat__model_nexo,0.0
cat__model_new sierra 1500,0.0
cat__model_new gti,0.0
cat__model_new beetle tdi,0.0
cat__model_1500 silverado titan,0.0
cat__model_new beetle gls,0.0
cat__model_1500 silverado,0.0
cat__model_new beetle,0.0
cat__model_neon sxt,0.0
cat__model_neon,0.0
cat__model_navigator sport utility,0.0
cat__model_niro fe,0.0
cat__model_niro plug-in hybrid,0.0
cat__model_mustang ecoboost premium,0.0
cat__model_viper rt/10,0.0
cat__model_nv200 s,0.0
cat__model_nv200 compact cargo,0.0
cat__model_nv200 cargo van,0.0
cat__model_1500 slt 4x4 81k v8 hemi crew cab 20s newer tires,0.0
cat__model_nv1500,0.0
cat__model_nv 3500 sl v8,0.0
cat__model_nv,0.0
cat__model_nova ss,0.0
cat__model_2500 diesel 4x4 5.9l cummins turbo diesel quad cab short bed low miles,0.0
cat__model_1500 slt 4wd!extended cab,0.0
cat__model_nitro slt,0.0
cat__model_nitro se,0.0
cat__model_nitro 4x4,0.0
cat__model_nitro 4wd 4dr sxt *ltd avail*,0.0
cat__model_nitro,0.0
cat__model_navigator select sport,0.0
cat__model_navigator l sport,0.0
cat__model_2500 diésel 4x4,0.0
cat__model_navigator l,0.0
cat__model_mustang roush rs3,0.0
cat__model_1500 quad cab big horn,0.0
cat__model_mustang premium rwd gas,0.0
cat__model_mustang mach 1,0.0
cat__model_mustang lx,0.0
cat__model_2500 hd,0.0
cat__model_mustang gt premium pp1,0.0
cat__model_vn,0.0
cat__model_mustang gt premium,0.0
cat__model_2500 hd 4x2 gas,0.0
cat__model_vnl,0.0
cat__model_mustang gt bullitt,0.0
cat__model_mustang gt,0.0
cat__model_mustang fox body,0.0
cat__model_1500 promaster - cargo van,0.0
cat__model_mustang svt cobra,0.0
cat__model_mustang v6,0.0
cat__model_mustang v6 convertible 2d,0.0
cat__model_nautilus reserve sport,0.0
cat__model_1500 short box 4x4,0.0
cat__title_status_parts only,0.0
cat__model_navigator 4x4,0.0
cat__model_2500 ext cab,0.0
cat__model_nautilus select sport,0.0
cat__model_1500 rt,0.0
cat__model_n Murano,0.0
cat__model_mustang v6 premium,0.0
cat__model_mx-5 miata touring,0.0
cat__model_mx-5 miata m-edition,0.0
cat__model_1500 quad cab slt pickup 4d,0.0
cat__model_vmi ♿,0.0
cat__model_1500 quad cab laramie pickup,0.0
cat__model_1500 quad cab express pickup,0.0
cat__model_2500 laramie mega cab 4x4,0.0
cat__model_mkz reserve ii sedan 4d,0.0
cat__model_vnl 670,0.0
cat__model_mazda3 i touring hatchback,0.0
cat__model_mazda3 i sv,0.0
cat__model_mazda3 i sport w/ navigation system,0.0
cat__model_mazda3 i sport hatchback,0.0
cat__model_mazda3 i sport 4-door,0.0
cat__model_mazda3 i sport,0.0
cat__model_mazda3 i grand touring,0.0
cat__model_mazda3 i,0.0
cat__model_mazda3 5-door,0.0
cat__model_1500 ext cab,0.0
cat__model_mazda3 4-door,0.0
cat__model_mazda3,0.0
cat__model_mazda2 sport,0.0
cat__model_mazda2,0.0
cat__model_maxima sv sedan 4d,0.0
cat__model_maxima sv (2017.5) sedan,0.0
cat__model_mazda3 i touring,0.0
cat__model_mazda3 s grand touring,0.0
cat__model_mkz reserve i sedan 4d,0.0
cat__model_mazda3 sport hatchback 4d,0.0
cat__model_mdx advance pkg sport,0.0
cat__model_2500 megacab laramie,0.0
cat__model_mdx 3.7l advance package,0.0
cat__model_2500 powerwagon,0.0
cat__model_mazdaspeed3 touring,0.0
cat__model_mazdaspeed3,0.0
cat__model_mazda6 touring sedan 4d,0.0
cat__model_mazda6 touring,0.0
cat__model_mazda6 grand touring sedan,0.0
cat__model_mazda6 4dr sdn auto i touring,0.0
cat__model_2500 quad cab,0.0
cat__model_mazda5 sport,0.0
cat__model_mazda5,0.0
cat__model_mazda3 touring sedan 4d,0.0
cat__model_mazda3 touring hatchback,0.0
cat__model_1500 express 4x4 gas,0.0
cat__model_maxima sr fwd gas sedan,0.0
cat__model_maxima sl,0.0
cat__model_maxima se,0.0
cat__model_maserati,0.0
cat__model_marquis,0.0
cat__model_mark viii,0.0
cat__model_mark vi,0.0
cat__model_mark lt,0.0
cat__model_mariner awd,0.0
cat__model_mariner 4x4,0.0
cat__model_mariner,0.0
cat__model_malibu maxx ls,0.0
cat__model_malibu maxx,0.0
cat__model_malibu ltz 4dr sedan,0.0
cat__model_malibu ltz,0.0
cat__model_malibu lt2,0.0
cat__model_malibu lt sedan 4d,0.0
cat__model_malibu lt automatic,0.0
cat__model_1500 crew cab tradesman,0.0
cat__model_maserati m128gt cambiocorsa,0.0
cat__model_maserati quattroporte,0.0
cat__model_maxima 3.5 se,0.0
cat__model_maxima s sedan 4d,0.0
cat__model_maxima s (2017.5) sedan,0.0
cat__model_1500 express,0.0
cat__model_maxima platinum (2017.5),0.0
cat__model_maxima platinum,0.0
cat__model_maxima 3.5 sv,0.0
cat__model_w3500,0.0
cat__model_master tow,0.0
cat__model_2500 slt 4x4,0.0
cat__model_matrix xr hatchback,0.0
cat__model_matrix xr,0.0
cat__model_matrix s awd,0.0
cat__model_1500 crewcab hemi 20inch,0.0
cat__model_1500 crew laramie,0.0
cat__model_mdx awd,0.0
cat__model_mdx awd tech pkg,0.0
cat__model_mdx basesuv,0.0
cat__model_mirage es,0.0
cat__model_mkt reserve sport,0.0
cat__model_mkt,0.0
cat__model_mks ecoboost sedan 4d,0.0
cat__model_mks awd,0.0
cat__model_2500 lone star,0.0
cat__model_mkc reserve sport,0.0
cat__model_mkc reserve,0.0
cat__model_mkc premiere sport,0.0
cat__model_mkc,0.0
cat__model_1500 limited,0.0
cat__model_1500 lifted big horn crew cab 5.7 liter hemi,0.0
cat__model_mirage g4 le sedan 4d,0.0
cat__model_vnm 64t200,0.0
cat__model_mirage g4 es sedan,0.0
cat__model_mirage g4 es,0.0
cat__model_mkt sport utility 4d,0.0
cat__model_mkt town car awd,0.0
cat__model_mkx,0.0
cat__model_mkz,0.0
cat__model_mkz reserve hybrid sedan,0.0
cat__model_vnl cummins isx engine,0.0
cat__model_mkz hybrid sedan 4d,0.0
cat__model_mkz hybrid reserve sedan,0.0
cat__model_mkz hybrid reserve ii,0.0
cat__model_mkz awd,0.0
cat__model_mkx select sport utility,0.0
cat__model_mkx 2wd,0.0
cat__model_vnl64t670,0.0
cat__model_mkx reserve,0.0
cat__model_mkx premiere,0.0
cat__model_mkx base awd! awd,0.0
cat__model_mkx awd 4dr,0.0
cat__model_mkx awd,0.0
cat__model_1500 laramie longhorn,0.0
cat__model_1500 laramie crew cab,0.0
cat__model_mdx sh-awd,0.0
cat__model_1500 laramie automatic,0.0
cat__model_meadowbrook,0.0
cat__model_mdx touring,0.0
cat__model_1500 hemi slt,0.0
cat__model_2500 mega cab laramie picku,0.0
cat__model_mdx technology entertain,0.0
cat__model_mdx technology,0.0
cat__model_mdx tech package,0.0
cat__model_1500 harvest,0.0
cat__model_mdx sport hybrid sh-awd,0.0
cat__model_vokaro,0.0
cat__model_mdx sh-awd w/technology,0.0
cat__model_mdx sh-awd w/tech,0.0
cat__model_mdx sh-awd w/advance pkg,0.0
cat__model_mdx sh-awd w/advance and,0.0
cat__model_mdx sh-awd sport utility,0.0
cat__model_mercedes-amg,0.0
cat__model_2500 mega cab 4x4,0.0
cat__model_mercedez benz c230,0.0
cat__model_miata mx-5,0.0
cat__model_mirage de,0.0
cat__model_mirage,0.0
cat__model_milan v6 premier,0.0
cat__model_milan,0.0
cat__model_miata touring,0.0
cat__model_miata mx5,0.0
cat__model_miata,0.0
cat__model_merkur xr4ti,0.0
cat__model_mgb convertible,0.0
cat__model_mg td,0.0
cat__model_mg midget,0.0
cat__model_1500 laramie,0.0
cat__model_metris passenger,0.0
cat__model_2500 mega cab,0.0
cat__model_xt4 premium luxury,0.0
cat__model_xkr,0.0
cat__model_1948 cheverlot 5 window,0.0
cat__model_tacoma access cab 4wd sr5,0.0
cat__model_tacoma 4x4 v6,0.0
cat__model_x-3,0.0
cat__model_tacoma 4wd sr5,0.0
cat__model_tacoma 4wd 1 owner,0.0
cat__model_tacoma 2wd double cab v6 at prerunner (natl),0.0
cat__model_tacoma 2wd,0.0
cat__model_tacoma 2dr xtracab,0.0
cat__model_tacoma 2dr regular cab,0.0
cat__model_200 4dr sdn limited,0.0
cat__model_x1 28i sport line pkg,0.0
cat__model_t6500,0.0
cat__model_t100 4x4,0.0
cat__model_t100,0.0
cat__model_t-bucket,0.0
cat__model_t-350 el super hi cargo,0.0
cat__model_wrx sti limited,0.0
cat__model_200 200s sedan 4d,0.0
cat__model_t 250,0.0
cat__model_1966 Volkswagan Convertible Bug,0.0
cat__model_tacoma prerunner 4x2,0.0
cat__model_tacoma prerunner,0.0
cat__model_tacoma pre-runner sr5 4x2,0.0
cat__model_tacoma pickup,0.0
cat__model_tacoma lifted trd sport,0.0
cat__model_tacoma hilux pickup,0.0
cat__model_tacoma double cab trd,0.0
cat__model_tacoma double cab sr5,0.0
cat__model_200 200c sedan 4d,0.0
cat__model_tacoma double cab limited,0.0
cat__model_tacoma double cab 4x4,0.0
cat__model_wrx premium sedan 4d,0.0
cat__model_tacoma access sr,0.0
cat__model_wrx premium**navi*back u,0.0
cat__model_wrx sedan 4d,0.0
cat__model_t campervan,0.0
cat__model_t,0.0
cat__model_super duty f-250 pickup,0.0
cat__model_200 4dr sdn s awd,0.0
cat__model_200 lx,0.0
cat__model_x1 xdrive28i sport utility,0.0
cat__model_200 s,0.0
cat__model_x1 xdrive35i,0.0
cat__model_200 series lx,0.0
cat__model_super duty f-350 srw king,0.0
"cat__model_super duty f-350 srw crew cab 172"" xlt 4wd",0.0
cat__model_200 series s 1-owner sport convertible navigation heated leather backup camera,0.0
cat__model_super duty f-350 drw xl,0.0
cat__model_super duty f-350 drw king,0.0
cat__model_x1 xdrive35i awdsuv,0.0
cat__model_x2,0.0
cat__model_super duty f-350 20k m/flat bed reg cab/,0.0
cat__model_super duty f-350,0.0
cat__model_super duty f-250 xlt,0.0
cat__model_super duty f-550 drw xl,0.0
cat__model_super duty f250 srw lariat,0.0
cat__model_syclone,0.0
cat__model_superbettle,0.0
cat__model_suzuki xl7,0.0
cat__model_x1 28i xdrive,0.0
cat__model_suzuki vitara 2.0,0.0
cat__model_x1 awd 4dr xdrive28i,0.0
cat__model_suzuki vitara,0.0
cat__model_suzuki sx4,0.0
cat__model_suzuki sidekick,0.0
cat__model_suzuki reno,0.0
cat__model_suzuki kizashi,0.0
cat__model_suzuki grand vitara jlx,0.0
cat__model_suzuki grand vitara,0.0
cat__model_supra,0.0
cat__model_x1 sdrive28i sport utility,0.0
cat__model_superior coach,0.0
cat__model_superchar,0.0
cat__model_tacoma prerunner v6,0.0
cat__model_tacoma sr access cab 4x2,0.0
cat__model_200 - good on gas - recently smogged - great commu,0.0
cat__model_taurus x limited awd,0.0
cat__model_taurus tl,0.0
cat__model_taurus sho awd,0.0
cat__model_taurus sho,0.0
cat__model_taurus ses,0.0
cat__model_taurus sel fwd gas sedan,0.0
cat__model_wranlger,0.0
cat__model_taurus se sedan 4d,0.0
cat__model_taurus se,0.0
cat__model_taurus police interceptor,0.0
cat__model_taurus police,0.0
cat__model_taurus limited sedan 4d,0.0
cat__model_taurus limited 4dr sedan,0.0
cat__model_taurus limited,0.0
cat__model_taurus gl,0.0
cat__model_taurus,0.0
cat__model_taurus x,0.0
cat__model_tbird convertible,0.0
cat__model_tacoma sr5 4x4 double cab,0.0
cat__model_tbucket,0.0
cat__model_terrain sle-2,0.0
cat__model_wagon,0.0
cat__model_terrain sle-1,0.0
cat__model_terrain sle sport utility 4d,0.0
cat__model_terrain sle awd,0.0
cat__model_terrain sle,0.0
cat__model_terrain denali awd,0.0
cat__model_terrain denali 4dr suv,0.0
cat__model_terrain denali,0.0
cat__model_1999 Suzuki Grand Vitara,0.0
cat__model_tempest lemans,0.0
cat__model_1GBHP32M1D3330075,0.0
cat__model_telluride,0.0
cat__model_tc5500,0.0
cat__model_tc by maserati,0.0
cat__model_tahoe z71,0.0
cat__model_tahoe premier 4x4 gas,0.0
cat__model_tahoe police,0.0
cat__model_tahoe ltz w/ 3rd row/ quad seating !,0.0
"cat__model_tacoma v6 4dr double cab 1-oregon owner* rust & accident free*timing belt service done*new full buid*bilstein lift*new 33""yokohama goo3*new 17""mk6 wheels*like new in & out",0.0
cat__model_tacoma v6 4dr double ca,0.0
cat__model_tacoma trd sport double cab 5' bed v6 4x2 at (natl),0.0
cat__model_2 series 230i coupe 2d,0.0
cat__model_tacoma trd sport 4x4,0.0
cat__model_tacoma trd sport,0.0
cat__model_tacoma trd pro 4x4 gas,0.0
cat__model_tacoma trd pro,0.0
cat__model_tacoma trd off road 4x4,0.0
cat__model_tacoma trd off road,0.0
cat__model_tacoma trd,0.0
cat__model_tacoma sr5 v6 4x4double,0.0
cat__model_1967 Dune Buggy,0.0
cat__model_tacoma sr5 double cab 5' bed v6 4x2 at (natl),0.0
cat__model_tacoma sr5 double cab 5 b,0.0
cat__model_tacoma v6 v6 4dr double cab,0.0
cat__model_tacoma xtracab v6 auto 4wd (natl),0.0
cat__model_2 series,0.0
cat__model_tahoe lt 4x4,0.0
cat__model_tahoe ltz 4x4,0.0
cat__model_tahoe ltz 4wd,0.0
cat__model_tahoe lt z71,0.0
cat__model_venza awd,0.0
cat__model_tahoe lt lt 4dr suv,0.0
cat__model_tahoe lt heated leath,0.0
cat__model_tahoe lt 4wd,0.0
cat__model_tahoe 1500 ltz,0.0
cat__model_2,0.0
cat__model_tahoe ls 4x4,0.0
cat__model_tahoe ls,0.0
cat__model_tahoe base,0.0
cat__model_tahoe 4x4,0.0
cat__model_tahoe 4wd,0.0
cat__model_200 touring,0.0
cat__model_200-series,0.0
cat__model_terrain slt,0.0
cat__model_soul exclaim,0.0
cat__model_x3 xdrive35i sport utility,0.0
cat__model_soul 5dr wgn man base,0.0
cat__model_soul + wagon 4d,0.0
cat__model_soul + hatchback,0.0
cat__model_venza le,0.0
cat__model_2004 JAUGAR S SERIES,0.0
cat__model_sorrento s,0.0
cat__model_sorrento lx,0.0
cat__model_sorento sxl,0.0
cat__model_sorento sx sport utility 4d,0.0
cat__model_sorento sx,0.0
cat__model_sorento lx v6,0.0
cat__model_x4 m40i sport utility 4d,0.0
cat__model_sorento lx - awd - rear camera - bluetooth -,0.0
cat__model_sorento lx,0.0
cat__model_soul ev,0.0
cat__model_soul gt-line wagon 4d,0.0
cat__model_sorento l sport utility 4d,0.0
cat__model_soul lx,0.0
cat__model_sport awd hse 3.0l supercharged v6 clean carfax,0.0
cat__model_x3 xdrive30i,0.0
cat__model_spider 124,0.0
cat__model_spectra,0.0
cat__model_spark lt,0.0
cat__model_spark ls,0.0
cat__model_spark ev 2lt hatchback,0.0
cat__model_x3 xdrive30i sport utility,0.0
cat__model_2002 pickup,0.0
cat__model_2003 4Runner,0.0
cat__model_venza awd v6 4dr,0.0
cat__model_x3 xdrive35i,0.0
cat__model_2004,0.0
cat__model_soul plus,0.0
cat__model_x3 xdrive35i awd,0.0
cat__model_x4 xdrive28i,0.0
cat__model_sorento base,0.0
cat__model_super duty f 250 srw,0.0
cat__model_sonata lx,0.0
cat__model_sonata limited sedan 4d,0.0
cat__model_sonata limited,0.0
cat__model_sonata liited hybrid,0.0
cat__model_sonata hybrid limited,0.0
cat__model_sonata hybrid,0.0
cat__model_sonata gls pzev,0.0
cat__model_sonata gls 4dr sedan,0.0
cat__model_x5 sdrive35d,0.0
cat__model_sonata eco sedan 4d,0.0
cat__model_x5 sdrive35i,0.0
cat__model_sonata 2013,0.0
cat__model_sonata 2.4l se,0.0
cat__model_x5 sport package,0.0
cat__model_2004 freightliner sprinter,0.0
cat__model_2004 international 4300,0.0
cat__model_sonata limted,0.0
cat__model_sonata plug-in hybrid,0.0
cat__model_sorento awd lx,0.0
cat__model_sonata se,0.0
cat__model_1963 MORRIS MINOR WOODY,0.0
cat__model_sonoma sls,0.0
cat__model_sonic ltz,0.0
cat__model_sonic lt fwd,0.0
cat__model_sonic lt 1.8,0.0
cat__model_x5 3.0i,0.0
cat__model_x5 3.5i premium,0.0
cat__model_x5 4.4i,0.0
cat__model_x5 4.4i 4.4i,0.0
cat__model_sonata sport sedan 4d,0.0
cat__model_sonata sport,0.0
cat__model_sonata sel sedan 4d,0.0
cat__model_venza le wagon 4d,0.0
cat__model_sonata sedan 4d,0.0
cat__model_x5 50i,0.0
cat__model_x3 xdrive28i sport utility,0.0
cat__model_sport hs,0.0
cat__model_sport hse,0.0
cat__model_1964,0.0
cat__model_suburban 1500 ls,0.0
cat__model_x3 3.0i,0.0
cat__model_2001 f250,0.0
cat__model_suburan k1500,0.0
cat__model_styleline,0.0
cat__model_studebaker champ,0.0
cat__model_sts,0.0
cat__model_stratus sdn,0.0
cat__model_stratus,0.0
cat__model_stinger gt2 sedan 4d,0.0
cat__model_x3 3.0si,0.0
cat__model_stinger gt1 sedan 4d,0.0
cat__model_x3 m40i sport utility 4d,0.0
cat__model_stinger gt sedan 4d,0.0
cat__model_stinger,0.0
cat__model_suburban 1500 ls 4wd v,0.0
cat__model_x2 xdrive28i sport utility,0.0
cat__model_sport trac,0.0
cat__model_suburban lt 1500,0.0
cat__model_super duty,0.0
cat__model_super deluxe,0.0
cat__model_super beetle,0.0
cat__model_super,0.0
cat__model_sunfire se,0.0
cat__model_sunfire,0.0
cat__model_suburu legacy,0.0
cat__model_suburu impreza,0.0
cat__model_suburban z71,0.0
cat__model_suburban premier,0.0
cat__model_suburban ltz sport,0.0
cat__model_suburban ltz 4wd,0.0
cat__model_suburban ltz,0.0
cat__model_suburban lt 4x4,0.0
cat__model_suburban lt 2500,0.0
cat__model_venza awd v6,0.0
cat__model_x3 sdrive28i sport utility,0.0
cat__model_x3 sdrive30i,0.0
cat__model_sterling acterra,0.0
cat__model_sq5 premium plus sport,0.0
cat__model_sq5,0.0
cat__model_sprinter cargo vans,0.0
cat__model_sprinter 3500,0.0
cat__model_sprinter 2500,0.0
cat__model_sprinter,0.0
cat__model_sportage sx,0.0
cat__model_2002,0.0
cat__model_sportage lx fwd,0.0
"cat__model_sportage lx awd, w/ lane warning",0.0
cat__model_sportage lx awd,0.0
cat__model_sportage lx,0.0
cat__model_sportage ex sport utility 4d,0.0
cat__model_2002 F150 4 WD,0.0
cat__model_sport v6,0.0
cat__model_sq5 quattro,0.0
cat__model_squareback,0.0
cat__model_x3 xdrive28i 28i,0.0
cat__model_ss,0.0
cat__model_x3 sdrive30i sport utility,0.0
cat__model_step van,0.0
cat__model_stealth r/t,0.0
cat__model_stealth es,0.0
cat__model_x3 sdrive30i suv,0.0
cat__model_ss sedan 4d,0.0
cat__model_srx~awesome colors~ navigation~ camera~ factory ch,0.0
cat__model_srx luxory collection,0.0
cat__model_srx sport utility 4d,0.0
cat__model_srx premium collection,0.0
cat__model_srx premium,0.0
cat__model_srx performance collect,0.0
cat__model_x3 sport,0.0
cat__model_srx luxury,0.0
cat__model_terrain sle-2 awd,0.0
cat__model_terrain slt awd,0.0
cat__model_rio lx,0.0
cat__model_wrangler jk unlimited,0.0
cat__model_tsx 2.4,0.0
cat__model_wrangler jk unlimited sport,0.0
cat__model_truck tacoma lx,0.0
cat__model_wrangler lj,0.0
cat__model_truck,0.0
cat__model_triumph tr6,0.0
cat__model_triumph tr 6,0.0
cat__model_triumph spitfire 1500,0.0
cat__model_wrangler rhd,0.0
cat__model_triumph gt6,0.0
cat__model_tribute lx,0.0
cat__model_wheelchair handicap van,0.0
cat__model_tribeca limited,0.0
cat__model_tribeca 3.6r limited,0.0
cat__model_tribeca,0.0
cat__model_tsx special edition,0.0
cat__model_tsx sport sedan,0.0
cat__model_trax ltz sport utility,0.0
cat__model_velorex oscar,0.0
cat__model_wrangler columbia edition,0.0
cat__model_tt rs quattro coupe 2d,0.0
cat__model_tt roadster,0.0
cat__model_tt coupe,0.0
cat__model_vanagon westfalia,0.0
cat__model_1994 Mustang GT Convertible,0.0
cat__model_tsx wagon 4d,0.0
cat__model_tsx wagon,0.0
cat__model_tsx w/tech,0.0
cat__model_tsx tech pkg automatic,0.0
cat__model_tsx tech pkg,0.0
cat__model_1979 Mustang Cobra,0.0
cat__model_wrangler golden eagle (jk),0.0
cat__model_tsx sport wagon,0.0
cat__model_wrangler jk,0.0
cat__model_wrangler rubicon,0.0
cat__model_wrangler rubicon hard rock,0.0
cat__model_transit passenger,0.0
cat__model_traverse - rear camera - bluetooth - third row sea,0.0
cat__model_1997 Eagle Talon Tsi AWD,0.0
cat__model_travelmaster,0.0
cat__model_transporter,0.0
cat__model_transit-350 xlt wagon,0.0
cat__model_transit-250 base cargo,0.0
cat__model_transit-250,0.0
cat__model_transit wagon xl,0.0
cat__model_transit wagon,0.0
cat__model_transit van,0.0
cat__model_transit t350 stakebed truck,0.0
cat__model_transit t350 148 hr,0.0
cat__model_transit t350,0.0
cat__model_transit t250 cargo van,0.0
cat__model_transit t 250,0.0
cat__model_1997 s10,0.0
cat__model_wrangler sahara,0.0
cat__model_traverse 2lt,0.0
cat__model_trax lt awd,0.0
cat__model_traverse ls w/ 3rd row seating,0.0
cat__model_1995 PIERCE SABER FIRE TRUCK,0.0
cat__model_trax ls sport utility,0.0
cat__model_veloster coupe 3d,0.0
cat__model_trax fwd 4dr ls,0.0
cat__model_1996,0.0
cat__model_traverse premium awd,0.0
cat__model_veloster hatchback,0.0
cat__model_traverse ltz awd,0.0
cat__model_wrangler rubicon sport,0.0
cat__model_traverse ltz,0.0
cat__model_traverse lt2 awd,0.0
cat__model_traverse lt sport,0.0
cat__model_1973 Opel GT,0.0
cat__model_traverse lt awd,0.0
cat__model_traverse lt,0.0
cat__model_tucson gl,0.0
cat__model_tucson gl sport,0.0
cat__model_tucson gls,0.0
cat__model_vanagon,0.0
cat__model_tundra sr5 trd off road,0.0
cat__model_tundra sr5 double cab 4x4,0.0
cat__model_tundra sr5 double cab 4wd,0.0
cat__model_tundra sr5 double cab,0.0
cat__model_tundra sr5 crewmax,0.0
cat__model_willys cj2a,0.0
"cat__model_tundra sr5 4dr 1-oregon owner*0-rust*never off road*new timing belt&water pump*new bilstein-toytec lift*new 33"" yokohama geolanders*new oem 17""toyota wheels*leer canopy",0.0
cat__model_wild rod hot rod,0.0
cat__model_tundra sr 4x4,0.0
cat__model_tundra rock warrior,0.0
cat__model_1979 stingray corvette,0.0
cat__model_tundra platinum,0.0
cat__model_tundra limited double cab,0.0
cat__model_windstar,0.0
cat__model_windstar lx,0.0
cat__model_tundra trd pro,0.0
cat__model_turcel sr5 4wd,0.0
cat__model_tucson limited awd,0.0
cat__model_u Crosstrek,0.0
cat__model_v60 t5 premier,0.0
cat__model_v60 t5 cross country wagon,0.0
cat__model_v50 t5,0.0
cat__model_v50 2.4i,0.0
cat__model_wildcat,0.0
cat__model_v50,0.0
cat__model_ux 250h sport utility 4d,0.0
cat__model_ux 200 sport utility 4d,0.0
cat__model_ux,0.0
cat__model_uplander ls,0.0
cat__model_uplander,0.0
cat__model_unibody pickup,0.0
cat__model_ud 2000,0.0
cat__model_u Outback,0.0
cat__model_u Legacy,0.0
cat__model_tundra limited crewmax lifted,0.0
cat__model_tundra limited 4x4 gas,0.0
cat__model_tundra limited 4x4,0.0
cat__model_tundra limited,0.0
cat__model_1992 freight liner,0.0
cat__model_wrangler 4x4 2dr. suv,0.0
cat__model_tundra 4wd,0.0
cat__model_tundra 2wd truck,0.0
cat__model_tundra 2wd,0.0
cat__model_tundra 1794 edition 1-owner* local oregon truck since new* blind spot* 2-keys* non smoker* like new in & out* new brakes and service,0.0
cat__model_1993 Corvette,0.0
cat__model_tucson walking dead,0.0
cat__model_tucson sport suv 4d,0.0
cat__model_wrangler all new rubicon,0.0
cat__model_tucson sport,0.0
cat__model_tucson sel,0.0
cat__model_tucson se sport utility,0.0
cat__model_wrangler cj7,0.0
cat__model_tucson limited sport,0.0
cat__model_tundra 4wd truck sr5,0.0
cat__model_tundra 4x2 double cab,0.0
cat__model_tundra 4x4,0.0
cat__model_1981 Cutlass,0.0
cat__model_tundra grade,0.0
cat__model_tundra double cab sr5,0.0
cat__model_windstar se,0.0
cat__model_windstar sel,0.0
cat__model_vanagon l bus,0.0
cat__model_1977 international scout,0.0
cat__model_wrangler 2dr sport,0.0
cat__model_wrangler 4x4,0.0
cat__model_tundra crewmax sr5,0.0
cat__model_wrangler 4wd 2dr sahara,0.0
cat__model_tundra crewmax limited,0.0
cat__model_tundra crewmax 1794,0.0
cat__model_tundra crewmax,0.0
cat__model_wrangler 4wd 2dr sport,0.0
cat__model_transit passenger 350 xl,0.0
cat__model_1998 Mack,0.0
cat__model_terrain slt awd leather,0.0
cat__model_1999 International,0.0
cat__model_1968 C10,0.0
cat__model_titan xd crew cab,0.0
cat__model_titan xd,0.0
cat__model_titan v8 4x4 platinum,0.0
"cat__model_titan sv,$392 month, 4x4 $1500 down, 3.9%apr, oac, only $392 month, 4x4 one owner,$1500 down, 3.9%apr, oac, only 65k miles",0.0
cat__model_wrangler unlimited sport s,0.0
"cat__model_titan sv,$392 month, 4x4 $1500 down, 3.9%apr, oac, only $392 month, 4x4 $1500 down, 3.9%apr, oac, only 65k miles",0.0
cat__model_titan sv,0.0
cat__model_titan sl 4x4 1/2 ton gas,0.0
cat__model_venture,0.0
cat__model_titan single cab,0.0
"cat__model_titan se crew cab 5'6""",0.0
cat__model_titan se,0.0
cat__model_titan s,0.0
cat__model_titan pro-4x 4x4 half ton,0.0
"cat__model_wrangler unlimited sahara, $374.52, $1500 down, 2.9% apr, $374.52, $1500 down, 2.9% apr,",0.0
cat__model_wrangler unlimited sahara lifted,0.0
cat__model_titan platinum 4x4 gas,0.0
cat__model_veloster turbo r-spec,0.0
cat__model_wrangler unlimited 4-door,0.0
cat__model_tlx 3.5l v6,0.0
cat__model_1998 mustang,0.0
cat__model_tlx 3.5 w/advance pkg,0.0
cat__model_wrangler unlimited 4x4,0.0
cat__model_1971 DeTomaso Pantera,0.0
cat__model_1999,0.0
cat__model_tl type-s,0.0
cat__model_tl type s,0.0
cat__model_tl special edition sedan,0.0
cat__model_veloster turbo coupe 3d,0.0
"cat__model_wrangler unlimited rubicon local trade* terra fles sport lift*37"" nitto trail grabblers*17"" kmc xd beadlock wheels* x2o winch* steel bumpers*led lights* never off roaded",0.0
cat__model_tl sh-awd,0.0
cat__model_tl 3.2 touring sedan,0.0
cat__model_1969 F250 f100,0.0
cat__model_venture van,0.0
cat__model_titan maxed out pro-4x,0.0
cat__model_transit connect xlt,0.0
cat__model_thunderbird turbo coupe,0.0
cat__model_thunderbird super coupe,0.0
cat__model_thunderbird premium,0.0
cat__model_wrangler unlmited sahara,0.0
cat__model_thunderbird lx,0.0
cat__model_thunderbird deluxe,0.0
cat__model_wrangler x,0.0
cat__model_thunderbird 50th anniversary,0.0
cat__model_wrangler x 2dr suv,0.0
cat__model_thing,0.0
cat__model_wrangler yj,0.0
cat__model_terrian sle awd,0.0
cat__model_terraza cxl,0.0
cat__model_terraza,0.0
cat__model_terran,0.0
cat__model_terrain slt-2,0.0
cat__model_wrangler unlimited x,0.0
cat__model_tiburon,0.0
cat__model_titan le,0.0
cat__model_tiburon gt,0.0
cat__model_titan king cab 4x4,0.0
cat__model_titan crew cab sv pickup,0.0
cat__model_wrangler unlimited sport**,0.0
cat__model_tiguan ssuv 6a w/,0.0
cat__model_tiguan sel,0.0
cat__model_tiguan se awd,0.0
cat__model_tiguan s suv,0.0
cat__model_tiguan s,0.0
cat__model_tiguan limited 2.0t,0.0
cat__model_tiguan limited,0.0
cat__model_tiguan 4motion,0.0
cat__model_tiguan 2.0t sel sport,0.0
cat__model_tiguan 2.0t se,0.0
cat__model_tiguan 2.0t s 4motion,0.0
cat__model_wrangler unlimited willys,0.0
cat__model_tlx a-spec fwd gas sedan,0.0
cat__model_tlx base fwd,0.0
cat__model_to 2017,0.0
cat__model_transit cargo,0.0
cat__model_transit 350,0.0
cat__model_transit 250 low roof extended cargo van,0.0
cat__model_transit 250 cargo van,0.0
cat__model_transit 250,0.0
cat__model_transit 150 medium roof 130 wb cargo van,0.0
cat__model_transit 150,0.0
cat__model_wrangler sport 4x4,0.0
cat__model_trans-am,0.0
cat__model_trans am ws6,0.0
cat__model_1998 itas,0.0
cat__model_wrangler sport 4x4 gas suv,0.0
cat__model_trailblazer ltz,0.0
cat__model_trailblazer lt w/1lt,0.0
cat__model_trailblazer lt,0.0
cat__model_trailblazer ls,0.0
cat__model_transit ada wheelchair van,0.0
cat__model_transit cargo 150,0.0
cat__model_todos marcas,0.0
cat__model_transit cargo van,0.0
cat__model_transit connect wagon xlt premium 1-owner high roof rear wheelchair ramp ada lowered floor van,0.0
cat__model_transit connect wagon,0.0
cat__model_wrangler sahara unlimited,0.0
cat__model_transit connect van xlt,0.0
cat__model_transit connect van,0.0
cat__model_transit connect passenger,0.0
cat__model_transit connect lwb/cargo,0.0
cat__model_wrangler se 4x4,0.0
cat__model_transit connect cargo xl v,0.0
cat__model_transit connect cargo xl,0.0
cat__model_transit connect cargo van xlt,0.0
cat__model_transit connect cargo van xl,0.0
cat__model_transit connect cargo van,0.0
cat__model_wrangler sport,0.0
cat__model_1998 Sebring Convertible,0.0
cat__model_trailblazer ext ls,0.0
cat__model_wrangler sport s utility 2d,0.0
cat__model_trailblazer ext,0.0
cat__model_trailblazer 4wd,0.0
cat__model_town & country touring,0.0
cat__model_town & country minivan,0.0
cat__model_town & country lx,0.0
cat__model_town & country limited,0.0
cat__model_wrangler unlimi,0.0
cat__model_town & country - rear camera - dvd entertainment -,0.0
cat__model_1998 jagure convertible xk8,0.0
cat__model_toureg,0.0
cat__model_1972 B-GT,0.0
cat__model_touareg tdi,0.0
cat__model_touareg,0.0
cat__model_torrent awd,0.0
cat__model_torrent,0.0
cat__model_torino gt,0.0
cat__model_topkick,0.0
cat__model_town & country touring wheelchair van fr conversions - manual fold out ramp rear loading conversion,0.0
cat__model_wrangler tj,0.0
cat__model_town and country s,0.0
cat__model_towncar,0.0
cat__model_trailblazer,0.0
cat__model_tradesman,0.0
cat__model_tracker,0.0
cat__model_townsman wagon,0.0
cat__model_towncar 120,0.0
cat__model_wrangler sport suv 2d,0.0
cat__model_town country touring l,0.0
cat__model_town and country tourin,0.0
cat__model_town country lwb,0.0
cat__model_wrangler sport unlimited,0.0
cat__model_town car signature,0.0
cat__model_town car executive,0.0
cat__model_town car cartier,0.0
cat__model_veloster turbo,0.0
cat__model_soltice,0.0
cat__model_solstice gxp,0.0
cat__model_venza limited,0.0
cat__model_santa fe gls awd,0.0
cat__model_santa fe 2.4 ultimate,0.0
cat__model_xe 25t prestige sedan 4d,0.0
cat__model_santa fe 2.4 limited,0.0
cat__model_xe 25t sedan 4d,0.0
cat__model_safari cargo,0.0
cat__model_versa 1.8 sl,0.0
cat__model_safari,0.0
cat__model_sable premier,0.0
cat__model_sable ls 4dr sedan,0.0
cat__model_sable ls,0.0
cat__model_xe 35t prestige sedan 4d,0.0
cat__model_saab 93 turbo,0.0
cat__model_saab 900 turbo convertible,0.0
cat__model_saab 9-7x,0.0
cat__model_w4500 14' stakebed,0.0
cat__model_santa fe gls,0.0
cat__model_santa fe limited,0.0
cat__model_saab 9-3 convertible,0.0
cat__model_santa fe limited awd,0.0
cat__model_savana cutaway,0.0
cat__model_2014,0.0
cat__model_xe 25t,0.0
cat__model_savana cargo 2500 3dr,0.0
cat__model_savana cargo,0.0
cat__model_savana 3500,0.0
cat__model_savana,0.0
cat__model_santa fe xl se sport,0.0
cat__model_wagen Golf GTI,0.0
cat__model_versa 1.8 shatchback 4a,0.0
cat__model_santa fe sport sport,0.0
cat__model_santa fe sport awd,0.0
cat__model_santa fe sport 2.4l,0.0
cat__model_xe 25t premium sedan 4d,0.0
cat__model_santa fe limited sport,0.0
cat__model_1950 Studebaker,0.0
cat__model_saab 9-3 Vector,0.0
cat__model_s60 2.4t,0.0
cat__model_s7 4.0 tfsi prestige,0.0
cat__model_s60r,0.0
cat__model_s60 t8 r-design sedan 4d,0.0
cat__model_s60 t6 r-design sedan 4d,0.0
cat__model_xf 35t premium sedan 4d,0.0
cat__model_xf 35t r-sport sedan 4d,0.0
cat__model_s60 t5 sedan 4d,0.0
cat__model_s60 t5 premier sedan 4d,0.0
cat__model_s60 t5 premier plus sedan,0.0
cat__model_xf approved certified,0.0
cat__model_2014 Outack 2.5i,0.0
cat__model_s60 t5 inscription,0.0
cat__model_s60 r,0.0
"cat__model_s60 platinum 53,000 miles",0.0
cat__model_xf portfolio sedan 4d,0.0
cat__model_s60 2.5t,0.0
cat__model_s7,0.0
cat__model_s7 4.0t quattro premium plus,0.0
cat__model_saab 9-3 2.0t convertible,0.0
cat__model_s7 prestige sedan 4d,0.0
cat__model_saab 9-3,0.0
cat__model_s90 t6 momentum sedan 4d,0.0
cat__model_s90 t6 inscription sedan,0.0
cat__model_s90 t6 inscription,0.0
cat__model_2014 Hyndia Veloster Coupe 3D,0.0
cat__model_s90,0.0
cat__model_s80-6 cyl. 3.2,0.0
cat__model_xf 20d premium sedan 4d,0.0
cat__model_s80 3.2,0.0
cat__model_s80 2.9,0.0
cat__model_s80,0.0
cat__model_s8,0.0
cat__model_s70 glt,0.0
cat__model_s70,0.0
cat__model_xf 20d sedan 4d,0.0
cat__model_savana g2500,0.0
cat__model_savana g3500,0.0
cat__model_savanah 2500,0.0
cat__model_xc90 awd,0.0
cat__model_xc90 t6 all services up to date,0.0
cat__model_xc90 t6 awd,0.0
cat__model_sentra sr sedan,0.0
cat__model_xc90 t6 momentum sport,0.0
cat__model_sentra sl sedan 4d,0.0
cat__model_sentra sl cvt,0.0
cat__model_sentra sl,0.0
cat__model_sentra ser spec v,0.0
cat__model_sentra se-r spec v,0.0
cat__model_xc90 t8 hybrid inscription,0.0
cat__model_sentra s sedan,0.0
cat__model_xc90 v8 awd,0.0
cat__model_verano,0.0
cat__model_xc90t6 awd 24733 miles,0.0
cat__model_xe,0.0
cat__model_sentra sv automatic,0.0
cat__model_sentra svsedan,0.0
cat__model_savanna dumptruck,0.0
cat__model_sentra xe,0.0
cat__model_seville sls,0.0
cat__model_seville,0.0
cat__model_serria 4x4,0.0
cat__model_series 75,0.0
cat__model_sequoia sr5 sport utility,0.0
cat__model_xc70 cross country,0.0
cat__model_xc70 cross country awd,0.0
cat__model_sequoia platinum,0.0
cat__model_2013 Smart Fortwo,0.0
cat__model_sequoia limited 4x4 gas,0.0
cat__model_sequoia limited 4wd,0.0
cat__model_1952 Kaiser Frazier Henry j,0.0
"cat__model_xc90 11,200 miles wwow",0.0
cat__model_xc90 3.2 awd,0.0
cat__model_sequioa,0.0
cat__model_sentra gxe,0.0
cat__model_sentra 2.0,0.0
cat__model_sentra 1.8 s,0.0
cat__model_2013chevy equinox lt,0.0
cat__model_scion xa base 4dr hatchback,0.0
cat__model_scion xa,0.0
cat__model_scion tc coupe,0.0
cat__model_scion tc 2.4 dohc,0.0
cat__model_scion tc,0.0
cat__model_scion frs,0.0
cat__model_scion fr-s,0.0
cat__model_school bus,0.0
cat__model_sc430,0.0
cat__model_sc400,0.0
cat__model_sc300,0.0
cat__model_sc2,0.0
cat__model_sc 430,0.0
cat__model_sc 400,0.0
cat__model_savanna g3500,0.0
cat__model_scion xb,0.0
cat__model_scion xd,0.0
cat__model_scrambler,0.0
cat__model_sedona ex,0.0
cat__model_sensing sedan cvt,0.0
cat__model_sedona sx minivan 4d,0.0
cat__model_sedona lx minivan 4d,0.0
cat__model_verano base,0.0
cat__model_sedona lx,0.0
cat__model_xe 20d sedan 4d,0.0
cat__model_verano premium group sedan,0.0
cat__model_1978 el camino,0.0
cat__model_sedan delivery,0.0
cat__model_sedan,0.0
cat__model_sebring touring,0.0
cat__model_sebring lx,0.0
cat__model_sebring convertible,0.0
cat__model_verano touring,0.0
cat__model_versa note sv,0.0
cat__model_s60,0.0
cat__model_x5 xdrive30i,0.0
cat__model_vue xe,0.0
cat__model_rouge,0.0
cat__model_rondo lx,0.0
cat__model_rondo ex,0.0
cat__model_xjs convertible,0.0
cat__model_romeo stelvio ti sport awd,0.0
cat__model_versa s hatchback 4d,0.0
cat__model_romeo stelvio sport utility,0.0
cat__model_romeo stelvio sport suv 4d,0.0
cat__model_romeo stelvio,0.0
cat__model_xjs coupe,0.0
cat__model_romeo giulia ti sedan 4d,0.0
cat__model_romeo giulia ti,0.0
cat__model_romeo giulia sport sedan 4d,0.0
cat__model_romeo giulia sedan 4d,0.0
cat__model_romeo giulia q4 awd gas,0.0
cat__model_rouge s,0.0
cat__model_routen,0.0
cat__model_rogue sv*,0.0
cat__model_royal custom lancer,0.0
cat__model_xj8,0.0
cat__model_rx 350 4dr,0.0
cat__model_rx 350 4d sport utility automatic,0.0
"cat__model_rx 350 ** awd,",0.0
cat__model_xjl,0.0
cat__model_xjl rwd supercharged,0.0
cat__model_rx 330 4wd 5-speed automatic,0.0
cat__model_rx 300 luxury suv,0.0
cat__model_rx 300,0.0
cat__model_2015 scion tc,0.0
cat__model_rv4,0.0
cat__model_rubicon,0.0
cat__model_rsx,0.0
cat__model_rs 5 coupe 2d,0.0
cat__model_rs 4,0.0
cat__model_romeo giulia,0.0
cat__model_rogue sv sport utility 4d,0.0
cat__model_s6 prestige quattro awd,0.0
cat__model_rogue awd,0.0
cat__model_2016 Smart for Two,0.0
cat__model_roadster cooper s 2d,0.0
cat__model_xlr convertible,0.0
cat__model_roadster,0.0
cat__model_roadmaster limited,0.0
cat__model_roadmaster estate wagon,0.0
cat__model_roMaster Cargo Van,0.0
cat__model_rlx sport hybrid sh-awd,0.0
cat__model_rl sh-awd,0.0
cat__model_rl 2.5,0.0
cat__model_rl,0.0
cat__model_riviera,0.0
cat__model_rio5,0.0
cat__model_rio s,0.0
cat__model_xlt f-350 diesel 4x4,0.0
cat__model_versa sl sedan 4d,0.0
cat__model_rogue awd 4dr s,0.0
cat__model_rogue sv awd,0.0
cat__model_v70 glt,0.0
cat__model_rogue sv 2.5l awd,0.0
cat__model_xk8,0.0
cat__model_rogue sport sl,0.0
cat__model_rogue sport s,0.0
cat__model_2015Mazda 6,0.0
cat__model_rogue special edition,0.0
cat__model_rogue sl sport utility 4d,0.0
cat__model_rogue sl awd hybrid,0.0
cat__model_rogue sl,0.0
cat__model_rogue select s,0.0
cat__model_rogue select,0.0
cat__model_xk8 convertible v8,0.0
cat__model_rogue s sport utility,0.0
cat__model_rogue s awd,0.0
cat__model_2016,0.0
cat__model_xj6l,0.0
cat__model_rx 350 awd,0.0
cat__model_rx 350 awd 5-speed automatic,0.0
cat__model_xf sedan 4d,0.0
cat__model_s40 2.4i,0.0
cat__model_s40,0.0
cat__model_versa s,0.0
cat__model_s4 quattro,0.0
cat__model_xg 350 l,0.0
cat__model_s4 prestige,0.0
cat__model_s4 premium plus sedan 4d,0.0
cat__model_s4 3.0t quattro premium plus,0.0
cat__model_s4,0.0
cat__model_s3 premium plus sedan 4d,0.0
cat__model_s10 zr2,0.0
cat__model_s10 pickup,0.0
cat__model_s10 blazer,0.0
cat__model_xg300,0.0
cat__model_xg350 l,0.0
cat__model_s420,0.0
cat__model_s430,0.0
cat__model_rx 350 f sport,0.0
cat__model_s5,0.0
cat__model_s6,0.0
cat__model_versa only 69k miles,0.0
cat__model_s550,0.0
cat__model_s500,0.0
cat__model_xf portfolio sport,0.0
cat__model_s5 sportback,0.0
cat__model_s5 quattro premium plus,0.0
cat__model_s5 quattro coupe 2d,0.0
cat__model_s5 quattro 2dr coupe 6a,0.0
cat__model_2014 TOYOYTA 4RUNNER LIMITED,0.0
cat__model_2014 Traverse LS FWD,0.0
cat__model_xf premium,0.0
cat__model_xf s sedan 4d,0.0
cat__model_s5 premium plus convertible,0.0
cat__model_s5 3.0t premium plus,0.0
cat__model_s-type r,0.0
cat__model_s-type 3.0,0.0
cat__model_s-type,0.0
cat__model_s-series sc2 3dr coupe,0.0
cat__model_rx330 awd,0.0
cat__model_rx330,0.0
cat__model_rx300 awd,0.0
cat__model_rx300,0.0
cat__model_rx-8,0.0
cat__model_rx-7,0.0
cat__model_rx 7,0.0
cat__model_rx 450h sport utility 4d,0.0
cat__model_rx 450h f sport suv 4d,0.0
cat__model_xj,0.0
cat__model_rx 400h,0.0
cat__model_xj6,0.0
cat__model_2015 Isuzu NQR,0.0
cat__model_rx 350 low miles nice,0.0
cat__model_rx 350 f sport suv 4d,0.0
cat__model_rx350,0.0
cat__model_rx350 awd,0.0
cat__model_rx350 awd gas suv auto,0.0
cat__model_s 85,0.0
cat__model_2014 freightliner M2-106,0.0
cat__model_2015,0.0
"cat__model_s-10 ext cab 123"" wb ls",0.0
cat__model_s-10 blazer,0.0
cat__model_s-10,0.0
cat__model_s 90d,0.0
cat__model_s 550,0.0
cat__model_rx350 awd suv,0.0
cat__model_s 10,0.0
cat__model_s,0.0
cat__model_rx8,0.0
cat__model_rx400h,0.0
cat__model_xg350l,0.0
cat__model_rx350 f sport,0.0
cat__model_shelby gt,0.0
cat__model_veracruz gls,0.0
cat__model_sienna awd,0.0
cat__model_silverado 3500 hd,0.0
cat__model_silverado 3500 classic,0.0
cat__model_silverado 3500 - 9ft,0.0
cat__model_2005 scion XA,0.0
cat__model_x5 xdrive40e iperformance,0.0
cat__model_x5 xdrive40e sport utility,0.0
cat__model_silverado 2500hd ltz,0.0
cat__model_silverado 2500hd lt,0.0
cat__model_silverado 2500hd lbz,0.0
cat__model_x5 xdrive50i,0.0
cat__model_silverado 2500hd heavy,0.0
cat__model_silverado 2500hd crew cab,0.0
cat__model_x5 xdrive50i m-sport 7-pass,0.0
cat__model_silverado 2500hd classic,0.0
cat__model_silverado 2500hd class,0.0
cat__model_silverado 2500hd built after aug 14,0.0
cat__model_silverado 3500 crew cab w/t utility bed drw 4x4,0.0
cat__model_x5 xdrive35i sport utility,0.0
cat__model_silverado 2500hd 4x2,0.0
cat__model_silverado 3500 hd cre,0.0
cat__model_silverado diesel 3500,0.0
cat__model_x5 xdrive35i premium,0.0
cat__model_silverado c2500,0.0
cat__model_silverado c20,0.0
cat__model_silverado c1500,0.0
cat__model_silverado 4x4 z71,0.0
cat__model_silverado 4x4,0.0
cat__model_venza wagon 4d,0.0
cat__model_silverado 3500hd wt,0.0
cat__model_silverado 3500hd work truck,0.0
cat__model_silverado 3500hd built after aug 14,0.0
cat__model_x5 xdrive35i premium awd,0.0
cat__model_2005 f150 fx4,0.0
cat__model_silverado 3500 high ct,0.0
cat__model_silverado 3500 hd crew,0.0
cat__model_silverado 2500hd 4x4,0.0
cat__model_x5 xdrive50i m-sport w/3rd r,0.0
cat__model_sienna ce,0.0
cat__model_silverado 2500 hd 4x4,0.0
cat__model_silverado 2500 duramax,0.0
cat__model_silverado 2500 diesel 4x4 6.6l lmm duramax turbo diesel crew cab long bed allison 1000 ltz,0.0
cat__model_silverado 2500 crew cab lt 4x4,0.0
cat__model_silverado 2500 4x4 chassis,0.0
cat__model_2007 Silverado crew cab 4x4,0.0
cat__model_x6 m,0.0
cat__model_silverado 1500 z71 4x4,0.0
cat__model_silverado 1500 z71 4dr crew cab z71,0.0
cat__model_silverado 1500 z71,0.0
cat__model_silverado 1500 z-71 ltz,0.0
cat__model_silverado 1500 wt,0.0
cat__model_silverado 1500 work truck v8 auto extended cab long bed 8ft,0.0
cat__model_silverado 1500 work tr,0.0
cat__model_silverado 1500 work,0.0
cat__model_silverado 1500 trail,0.0
cat__model_silverado 2500 hd,0.0
cat__model_2007 F0RD ESCAPE,0.0
cat__model_2006,0.0
cat__model_2006 Monte Carlo LS,0.0
cat__model_silverado 2500 work,0.0
cat__model_silverado 2500 ltz crew cab 6.6 duramax,0.0
cat__model_silverado 2500 lt 4x4,0.0
cat__model_1960 bel air,0.0
cat__model_venza xle awd,0.0
cat__model_silverado 2500 lt,0.0
cat__model_silverado 2500 heavy d,0.0
cat__model_silverado 2500 heavy,0.0
cat__model_silverado 2500 hd regular cab,0.0
cat__model_x6,0.0
cat__model_x6 5.0 sport package,0.0
cat__model_venza xle wagon 4d,0.0
cat__model_silverado 2500 hd ext,0.0
cat__model_silverado 2500 hd double cab,0.0
cat__model_silverado 2500 hd crew cab lt pickup 4d 6 1/2 ft,0.0
cat__model_silverado durmax 2500,0.0
cat__model_silverado ext cab,0.0
cat__model_venza v6 awd,0.0
cat__model_slk280 3.0l,0.0
cat__model_slk-class slk 350,0.0
cat__model_x5 xdrive35d diesel 3rd,0.0
cat__model_slk slk 300,0.0
cat__model_slk class,0.0
cat__model_slk 300 roadster,0.0
cat__model_slk 250,0.0
cat__model_slk,0.0
cat__model_sliverado 1500,0.0
cat__model_sl63 amg,0.0
cat__model_sl600,0.0
cat__model_sl550,0.0
cat__model_sl55,0.0
cat__model_sl500,0.0
cat__model_sl380,0.0
cat__model_sl2,0.0
cat__model_x5 xdrive35d diesel 122k navi camera pano heated wheel-front & rear seats,0.0
cat__model_slk350,0.0
cat__model_silverado ext cab ls 4x4,0.0
cat__model_sls,0.0
cat__model_solstice convertible,0.0
cat__model_solstice,0.0
cat__model_solara sle convertible,0.0
cat__model_solara sle,0.0
cat__model_solara,0.0
cat__model_sodona,0.0
cat__model_snata fe,0.0
cat__model_smart fortwo passion,0.0
cat__model_2005 PT CRUISER CONVERT,0.0
cat__model_smart fortwo,0.0
cat__model_smart car fortwo passion,0.0
cat__model_x5 xdrive35d,0.0
cat__model_slt crew cab,0.0
cat__model_x5 xdrive35d -- diesel w/ 3,0.0
cat__model_slt,0.0
cat__model_2005 SUSUKI BOULEVARD,0.0
cat__model_2005 f150,0.0
cat__model_x5 xdrive35d sport utility,0.0
cat__model_sl 500,0.0
cat__model_silverado ltz,0.0
cat__model_silverado lt z71,0.0
cat__model_silverado lt crew cab,0.0
cat__model_silverado lt 4x4,0.0
cat__model_silverado lt 2019,0.0
cat__model_silverado lt,0.0
cat__model_silverado ls,0.0
cat__model_silverado long box,0.0
cat__model_silverado k2500 4x4 pickup,0.0
cat__model_silverado k1500 ltz cr,0.0
cat__model_x5 xdrive35i awd suv,0.0
cat__model_silverado k1500,0.0
cat__model_silverado k15 cab chas,0.0
cat__model_silverado high,0.0
cat__model_silverado hd,0.0
cat__model_silverado ltz 3500 c,0.0
cat__model_silverado ltz crew ca,0.0
cat__model_silverado ltz z71,0.0
cat__model_sky redline,0.0
cat__model_skyline gtr r32 bnr32,0.0
cat__model_skyline gtr r32,0.0
cat__model_skyline,0.0
cat__model_skylark,0.0
cat__model_sky roadster 2d,0.0
cat__model_sky redline turbo,0.0
cat__model_sky,0.0
cat__model_silverado pick up,0.0
cat__model_silveradoo 1500,0.0
cat__model_silverado z71 4x4,0.0
cat__model_silverado z71,0.0
cat__model_silverado z-71 ltz 4x4,0.0
cat__model_silverado ss,0.0
cat__model_silverado rst,0.0
cat__model_silverado 1500 rst,0.0
cat__model_silverado 1500 regular cab,0.0
cat__model_2007 freightliner century,0.0
cat__model_sierra 1500 sle1,0.0
cat__model_sierra 1500 sle double cab,0.0
cat__model_sierra 1500 sle 4x4 1/2 ton,0.0
cat__model_sierra 1500 sle 4x4,0.0
cat__model_sierra 1500 sle,0.0
cat__model_xc60 t5 awd inscription,0.0
cat__model_xc60 t5 inscription sport,0.0
cat__model_xc60 t5 premier sport,0.0
cat__model_xc60 t6,0.0
cat__model_2012,0.0
cat__model_xc60 t6 awd inscription,0.0
cat__model_sierra 1500 limited base,0.0
cat__model_xc60 t6 momentum awdsuv,0.0
cat__model_sierra 1500 extended cab,0.0
"cat__model_sierra 1500 ext cab 143.5"" wb 4wd slt",0.0
cat__model_veracruz,0.0
cat__model_sierra 1500 sle z71,0.0
cat__model_2011 blue yaris,0.0
cat__model_2011 Outback Sport,0.0
cat__model_sierra 1500 slt 4x4 1/2 ton,0.0
cat__model_sierra 2500 sle,0.0
cat__model_sierra 2500 lifted denali 6.6 duramax crew cab,0.0
cat__model_sierra 2500 hd sle extende,0.0
cat__model_xc60 local lots of records,0.0
cat__model_xc60 r type,0.0
cat__model_sierra 2500 hd crew cab,0.0
cat__model_sierra 2500 hd,0.0
cat__model_xc60 t5,0.0
cat__model_sierra 2500 denali,0.0
cat__model_2011 Scion tc,0.0
cat__model_sierra 1500hd,0.0
cat__model_sierra 1500 sltextended,0.0
cat__model_sierra 1500 sltcrew cab,0.0
cat__model_sierra 1500 slt 4x4 half ton,0.0
cat__model_xc60 t5 all wheel drive,0.0
cat__model_sierra 1500 double cab slt,0.0
cat__model_xc60 t6 momentum sport,0.0
cat__model_xc60 t6 platinum sport,0.0
cat__model_xc60 t6 sport utility 4d,0.0
cat__model_sienna xle limited,0.0
cat__model_sienna xle automatic,0.0
cat__model_sienna xle 7 passenger au,0.0
cat__model_sienna xle 7 passenger,0.0
cat__model_sienna xle,0.0
cat__model_sienna se premium minivan,0.0
cat__model_sienna se,0.0
cat__model_sienna limited premium,0.0
cat__model_sienna limited awd,0.0
cat__model_sienna limited,0.0
cat__model_sienna le minivan 4d,0.0
cat__model_sienna le fwd 8-passenger (natl),0.0
cat__model_sienna le 8 pass.,0.0
cat__model_2013,0.0
cat__model_sienna l fwd 7-passenger (natl),0.0
cat__model_sienna xle limited awd,0.0
cat__model_2012 Peterbilt 389/Cottrell's,0.0
cat__model_2012 Camaro RS,0.0
cat__model_xc70 awd,0.0
cat__model_xc70,0.0
cat__model_sierra 1500 denali crew,0.0
cat__model_sierra 1500 denali,0.0
cat__model_2012 Camaro 2SS,0.0
cat__model_sierra 1500 crew cab denali,0.0
cat__model_sierra 1500 crew cab,0.0
cat__model_sierra 1500 at4 4x4 half ton,0.0
"cat__model_sierra 1500 2wd reg cab 133.0""",0.0
cat__model_sierra 1500 at4 4x4 1/2 ton,0.0
cat__model_sierra 1500 all terrain 4x4,0.0
cat__model_sierra 1500 4x4 half ton gas,0.0
cat__model_sierra 1500 4x4,0.0
cat__model_sierra 1500 4wd crew cab 143,0.0
cat__model_sierra 1500 4wd,0.0
cat__model_2011 Saab 9-3 I2.4 turbo manual,0.0
cat__model_xc60 inscription,0.0
cat__model_silverado 1500 regula,0.0
cat__model_2008 scion tc,0.0
cat__model_silverado 1500 ld,0.0
cat__model_1952 Plymouth Cranbrook,0.0
cat__model_silverado 1500 hd crew,0.0
cat__model_silverado 1500 extended cab,0.0
cat__model_silverado 1500 double cab,0.0
cat__model_2008 suzuki sx4,0.0
cat__model_silverado 1500 custom,0.0
cat__model_silverado 1500 crewcab,0.0
cat__model_2008ford f250,0.0
cat__model_silverado 1500 crew ca,0.0
cat__model_2009 Saab 9-3,0.0
cat__model_xc,0.0
cat__model_silverado 1500 classic,0.0
cat__model_silverado 1500 4x4 ext lt,0.0
cat__model_silverado 1500 4x4,0.0
cat__model_silverado 1500 ls,0.0
cat__model_silverado 1500 lt 2wd,0.0
cat__model_sierra 2500hd crew cab 159,0.0
cat__model_silverado 1500 lt 4wd,0.0
cat__model_silverado 1500 ltz z71,0.0
cat__model_2008,0.0
cat__model_silverado 1500 ltz ext. cab 4wd,0.0
cat__model_silverado 1500 ltz double cab 4wd,0.0
cat__model_silverado 1500 ltz 4x4,0.0
cat__model_2008 raptor,0.0
cat__model_silverado 1500 lt2,0.0
cat__model_silverado 1500 lt1,0.0
cat__model_silverado 1500 lt z71,0.0
cat__model_x6 xdrive 50i xdrive50i,0.0
cat__model_silverado 1500 lt w/1,0.0
cat__model_silverado 1500 lt lt2,0.0
cat__model_silverado 1500 lt lifted 4x4 5.3 v8,0.0
cat__model_silverado 1500 lt crew,0.0
cat__model_x6 xdrive35i,0.0
cat__model_silverado 1500 4wd,0.0
cat__model_2010,0.0
cat__model_2010 ESCALADE,0.0
cat__model_silverad0 1500,0.0
cat__model_sierra 3500hd crew cab,0.0
cat__model_sierra 3500hd cc,0.0
cat__model_xc40 momentum,0.0
cat__model_sierra 3500 sle 4x4 diesel,0.0
cat__model_xc40 save demo loaner,0.0
cat__model_xc40 t5 r-design sport,0.0
cat__model_sierra 3500 hd crew cab,0.0
cat__model_2010 Freightliner Altes Bucket,0.0
cat__model_sierra 3500 diesel trucks 6.6l duramax sle allison 1000,0.0
cat__model_xc60,0.0
cat__model_sierra 3500,0.0
cat__model_sierra 2500hd sle,0.0
cat__model_xc60 3.2 awd,0.0
cat__model_sierra 2500hd lbz duramax,0.0
cat__model_xc60 3.2 sport utility 4d,0.0
cat__model_sierra 3500hd denali,0.0
cat__model_sierra 3500hd denali 4dr c,0.0
cat__model_xc 90,0.0
cat__model_sierra hd sle2,0.0
cat__model_silver streak,0.0
cat__model_sierra slt 6.2l crew cab,0.0
cat__model_sierra slt 4x4 leather,0.0
cat__model_xc 60,0.0
cat__model_sierra sle2,0.0
cat__model_sierra sle 3500,0.0
cat__model_sierra dually turbo,0.0
cat__model_sierra c2500,0.0
cat__model_sierra diesel durmax 2500,0.0
cat__model_sierra denali 3500hd,0.0
cat__model_sierra denali,0.0
cat__model_sierra crew cab 4x4,0.0
cat__model_sierra classic jimmy,0.0
cat__model_sierra c3,0.0
cat__model_routan,0.0
cat__model_highlander hybrid xle,0.0
cat__model_is 350,0.0
cat__model_c4500 4x4,0.0
cat__model_c3500,0.0
cat__model_c320 wagon,0.0
cat__model_c300 4matic,0.0
cat__model_c300,0.0
cat__model_c30 t5,0.0
cat__model_c30,0.0
cat__model_c250,0.0
cat__model_c230,0.0
cat__model_c20 silverado,0.0
cat__model_370z w/ sport package,0.0
cat__model_c1500,0.0
cat__model_c10 truck,0.0
cat__model_c/v tradesman cargo van 101k miles no rear windows,0.0
cat__model_c/v cargo van,0.0
cat__model_c/k 1500 short bed,0.0
cat__model_4 door 4door 4-dr 4dr,0.0
cat__model_c.o.e,0.0
cat__model_c4500,0.0
cat__model_c5500 ladder bucket truck,0.0
cat__model_c-max hybrid sel wagon 4d,0.0
cat__model_c6500,0.0
cat__model_cadia,0.0
cat__model_cadenza premium sedan 4d,0.0
cat__model_370z touring coupe 2d,0.0
cat__model_cadenza limited sedan 4d,0.0
cat__model_cadenza,0.0
cat__model_caddilac srx,0.0
cat__model_caddilac cts,0.0
cat__model_caddilac,0.0
cat__model_cabriolet,0.0
cat__model_caballero,0.0
cat__model_c8500 tandem dump truck,0.0
cat__model_c8500,0.0
cat__model_c7500,0.0
cat__model_c70 t5 platinum,0.0
cat__model_c70 t5 convertible,0.0
cat__model_c70 convertible,0.0
cat__model_c70,0.0
cat__model_c-max se,0.0
cat__model_c-max hybrid sel,0.0
cat__model_bolt ev,0.0
cat__model_business coupe,0.0
cat__model_bus,0.0
cat__model_bug,0.0
cat__model_brz,0.0
cat__model_bronco xlt,0.0
cat__model_bronco sport badlands 4x4,0.0
cat__model_bronco ii,0.0
cat__model_bronco eddie bauer,0.0
cat__model_4 series 428i gran coupe,0.0
cat__model_bradley gt,0.0
cat__model_boxster s,0.0
cat__model_boxster roadster w/power,0.0
cat__model_boxster roadster 2d,0.0
cat__model_boxster convertible 2d,0.0
cat__model_4 series 428i xdrive,0.0
cat__model_box van,0.0
cat__model_box truck,0.0
cat__model_borrego,0.0
cat__model_bus camper,0.0
cat__model_c,0.0
cat__model_c-max hybrid se,0.0
cat__model_c 250,0.0
cat__model_c-max energi sel,0.0
cat__model_c-max energi,0.0
cat__model_c-max,0.0
cat__model_c-hr xle fwd (natl),0.0
cat__model_c-hr xle,0.0
cat__model_4 runner,0.0
cat__model_c-class c300,0.0
cat__model_c-class c250 luxury sedan,0.0
cat__model_c-class c 63 s am,0.0
cat__model_4 series 428i,0.0
cat__model_c-class c 250,0.0
cat__model_4 series 428i convertible 2d,0.0
cat__model_c-3500 encloed utility service truck,0.0
cat__model_c-10,0.0
cat__model_c class,0.0
cat__model_4 series 428i coupe 2d,0.0
cat__model_c 250 sport,0.0
cat__model_caliber,0.0
cat__model_caliber mainstreet,0.0
cat__model_caliber se,0.0
cat__model_camry xlesedan,0.0
cat__model_camry xle v6,0.0
cat__model_camry xle sedan 4d,0.0
cat__model_camry xle hybrid,0.0
cat__model_camry xle,0.0
cat__model_camry solara sle v6,0.0
cat__model_camry solara sle convertible,0.0
cat__model_camry solara sle,0.0
cat__model_camry solara se,0.0
cat__model_camry solara convertible,0.0
cat__model_camry solara,0.0
cat__model_camry sesedan,0.0
cat__model_camry se v-6,0.0
cat__model_camry se sport,0.0
cat__model_camry se sedan 4d,0.0
cat__model_camry se sedan,0.0
cat__model_camry se auto (natl),0.0
cat__model_camry se 4dr sedan,0.0
cat__model_camry xle4,0.0
cat__model_camry xse sedan 4d,0.0
cat__model_caliber srt4,0.0
cat__model_350z roadster,0.0
cat__model_captiva sport,0.0
cat__model_captiva,0.0
cat__model_caprice classic wagon,0.0
cat__model_caprice,0.0
cat__model_capri,0.0
cat__model_canyon slt 4x4 1/4 ton gas,0.0
cat__model_canyon sle1,0.0
cat__model_canyon sle 4x4 1/4 ton gas,0.0
cat__model_canyon sle,0.0
cat__model_canyon extended cab sle,0.0
cat__model_350z enthusiast coupe,0.0
cat__model_canyon denali 4x4 4dr crew c,0.0
cat__model_canyon crew cab slt pickup,0.0
cat__model_canyon crew cab sle pickup,0.0
cat__model_canyon crew cab sle all,0.0
cat__model_canyon crew cab,0.0
cat__model_canyon 4wd slt,0.0
cat__model_350z touring,0.0
cat__model_camry lx,0.0
cat__model_camry lg,0.0
cat__model_camry lesedan w/,0.0
cat__model_camaro lt convertible,0.0
cat__model_camaro lt 2dr,0.0
cat__model_camaro lt,0.0
cat__model_camaro ls rwd gas,0.0
cat__model_camaro ls coupe 2d,0.0
cat__model_camaro ls coupe,0.0
cat__model_camaro ls,0.0
cat__model_camaro convertible,0.0
cat__model_camaro base model,0.0
cat__model_camaro 6 speed manual transmission - v6 - recently,0.0
cat__model_camaro 2ss 6-spd,0.0
cat__model_camaro 2ss,0.0
cat__model_camaro 2dr cpe 1lt,0.0
cat__model_camaro 1ls,0.0
cat__model_370z sport touring coupe,0.0
cat__model_calvier,0.0
cat__model_caliber sxt,0.0
cat__model_370z roadster 2d,0.0
cat__model_camaro ss 2ss/rs,0.0
cat__model_370z roadster,0.0
cat__model_camry hybrid se sedan 4d,0.0
cat__model_camry lesedan,0.0
cat__model_camry le sedan 4d,0.0
cat__model_camry le sedan,0.0
cat__model_camry le auto (natl),0.0
cat__model_camry le 4dr sedan,0.0
cat__model_3600 pick up,0.0
cat__model_camry hybrid sedan,0.0
cat__model_camry hybrid se,0.0
cat__model_camper van pleasure-way,0.0
cat__model_camry hybrid le sedan 4d,0.0
cat__model_camry hybrid le,0.0
cat__model_camry ce,0.0
cat__model_camry base 4dr sedan 6a,0.0
cat__model_camry 4dr sedan 5a,0.0
cat__model_camry 4dr sdn le auto (natl),0.0
cat__model_camry 4dr sdn i4 auto xl,0.0
cat__model_bonneville,0.0
cat__model_bolt,0.0
cat__model_captiva sport ls,0.0
cat__model_b2200,0.0
cat__model_b-series,0.0
cat__model_b-class,0.0
cat__model_azera sedan 4d,0.0
cat__model_azera limited,0.0
cat__model_azera,0.0
cat__model_aviator lux,0.0
cat__model_aviator,0.0
cat__model_aveo lt,0.0
cat__model_aveo ls,0.0
cat__model_aveo hatchback,0.0
cat__model_aveo aveo lt,0.0
cat__model_aveo 5,0.0
cat__model_aveo,0.0
cat__model_avenger sxt,0.0
cat__model_avenger se,0.0
cat__model_avenger r/t,0.0
cat__model_avenger lux,0.0
cat__model_b-series 4wd truck,0.0
cat__model_b2500,0.0
cat__model_avante quattro,0.0
cat__model_b2600,0.0
cat__model_beetle convertible,0.0
cat__model_beetle bug,0.0
cat__model_beetle 2.5l,0.0
cat__model_beetle 2.0t se,0.0
cat__model_beetle 2.0t coast,0.0
cat__model_beetle 1.8t se,0.0
cat__model_beetle 1.8t,0.0
cat__model_beetle - new tires - leather and heated seats -,0.0
cat__model_base,0.0
cat__model_baja sport arizona rust free* all service records since new*new timing belt*new brakes&rotors*new tune up*new tires*new struts*smoke free*zero oil leaks*rare find,0.0
cat__model_baja sport,0.0
cat__model_baja,0.0
cat__model_b9 tribeca limited,0.0
cat__model_b9 tribeca,0.0
cat__model_b4000,0.0
cat__model_b3000,0.0
cat__model_b300,0.0
cat__model_avenger heatsedan,0.0
cat__model_avalon ylimited,0.0
cat__model_bmw330i,0.0
cat__model_auru xr,0.0
cat__model_aura xe 3.6,0.0
cat__model_aura xe,0.0
cat__model_aura,0.0
cat__model_ats4 luxury,0.0
cat__model_ats sedan 4d,0.0
cat__model_ats sedan,0.0
cat__model_ats luxury sedan 4d,0.0
cat__model_ats luxury coupe 2d,0.0
cat__model_ats luxury collection,0.0
cat__model_ats 2.0l turbo standard,0.0
cat__model_ats 2.0l turbo luxury,0.0
cat__model_4 series 430i convertible 2d,0.0
cat__model_atlas sel premium,0.0
cat__model_atlas se sport,0.0
cat__model_atlas se 4motion,0.0
cat__model_atlas s 4motion sport,0.0
cat__model_atlas cross sport se,0.0
cat__model_aura xr,0.0
cat__model_avalanch z66,0.0
cat__model_avalon xls,0.0
cat__model_avalanche 1500,0.0
cat__model_avalon xle sedan 4d,0.0
cat__model_avalon xle plus,0.0
cat__model_avalon xle,0.0
cat__model_avalon xl,0.0
cat__model_avalon limited w/ navigation / moon roof,0.0
cat__model_avalon limited hybrid,0.0
cat__model_avalon limited,0.0
cat__model_avalon hybrid xse sedan,0.0
cat__model_avalon hybrid limited,0.0
cat__model_avalanche z71,0.0
cat__model_avalanche z66,0.0
cat__model_avalanche ltz truck,0.0
cat__model_avalanche ltz,0.0
cat__model_avalanche lt 1500,0.0
cat__model_avalanche ls,0.0
cat__model_avalanche black,0.0
cat__model_avalanche 1500 lt,0.0
cat__model_beetle w/sunroof,0.0
cat__model_beetle-classic 2.5l e,0.0
cat__model_4 series 428i xdrive gran,0.0
cat__model_benz s55,0.0
cat__model_benz s500,0.0
cat__model_benz s430,0.0
cat__model_benz r350 4matic,0.0
cat__model_benz r350,0.0
cat__model_benz ml350 4matic,0.0
cat__model_benz ml350 4 matic,0.0
cat__model_benz ml350,0.0
cat__model_benz ml320 cdi,0.0
cat__model_benz ml320,0.0
cat__model_benz ml,0.0
cat__model_benz l350,0.0
cat__model_benz glk350 4matic,0.0
cat__model_benz glk 350,0.0
cat__model_benz glc300,0.0
cat__model_benz gla250,0.0
cat__model_benz gl450,0.0
cat__model_benz g550,0.0
cat__model_benz s500 4matic,0.0
cat__model_benz s550,0.0
cat__model_bends slk230,0.0
cat__model_benz s550 4-matic,0.0
cat__model_blue bird bus,0.0
cat__model_blazer rs,0.0
cat__model_blazer premier sport,0.0
cat__model_blazer lt,0.0
cat__model_blazer 2lt sport,0.0
cat__model_blazer 1lt sport,0.0
cat__model_blazer 1lt,0.0
cat__model_blazer,0.0
cat__model_blackwood,0.0
cat__model_benz sprinter 2500,0.0
cat__model_benz slk350,0.0
cat__model_benz slk 250,0.0
cat__model_benz sl550 amg,0.0
cat__model_benz sl500 convertible,0.0
cat__model_benz sl500,0.0
cat__model_benz sl 500,0.0
cat__model_benz s550 4matic,0.0
cat__model_benz e500,0.0
cat__model_benz e350 4matic,0.0
cat__model_benz e350,0.0
cat__model_benz e320 wagon,0.0
cat__model_benz c280 4matic,0.0
cat__model_benz c280,0.0
cat__model_benz c250 coupe,0.0
cat__model_benz c250,0.0
cat__model_benz c240 4matic,0.0
cat__model_benz c230,0.0
cat__model_benz a220,0.0
cat__model_benz 600 sel,0.0
cat__model_benz 450sl,0.0
cat__model_benz 450 sl,0.0
cat__model_benz 380sl,0.0
cat__model_benz 300d turbo,0.0
cat__model_benz 300ce,0.0
cat__model_benz 280s,0.0
cat__model_benz 200d,0.0
cat__model_benz,0.0
cat__model_bentley continental gt speed,0.0
cat__model_benz c300,0.0
cat__model_benz c300 4matic,0.0
cat__model_benz c32 amg,0.0
cat__model_benz cls 550,0.0
cat__model_benz e320 cdi,0.0
cat__model_benz e320,0.0
cat__model_benz e300,0.0
cat__model_benz e 350 luxury,0.0
cat__model_benz cls63 amg,0.0
cat__model_benz cls550,0.0
cat__model_benz cls500,0.0
cat__model_benz clk500 convertible,0.0
cat__model_benz c320,0.0
cat__model_benz clk 320,0.0
cat__model_benz cla 250 edition 1,0.0
cat__model_benz cla 250 4matic sport,0.0
cat__model_benz cla 250,0.0
cat__model_benz cl600,0.0
cat__model_benz cl550 amg,0.0
cat__model_benz cl500,0.0
cat__model_captiva sport fleet,0.0
cat__model_captiva sport lt,0.0
cat__model_atlas 3.6l v6 se w/t,0.0
cat__model_contour se sport,0.0
cat__model_continental select sedan,0.0
cat__model_3500 cutaway van,0.0
cat__model_3500 dually,0.0
cat__model_continental mark v,0.0
cat__model_continental mark lv,0.0
cat__model_concorde,0.0
cat__model_compass trailhawk,0.0
cat__model_compass ltd,0.0
cat__model_compass limited,0.0
cat__model_compass latitude fwd gas,0.0
cat__model_compass latitude fwd *ltd,0.0
cat__model_compass latitude 4x4 *ltd avail*,0.0
cat__model_compass latitude 4wd,0.0
cat__model_compass latitude,0.0
cat__model_compass 4x4,0.0
cat__model_compass 4wd 4dr sport,0.0
cat__model_compass 2007,0.0
cat__model_contour,0.0
cat__model_contour svt,0.0
cat__model_commander limited,0.0
cat__model_3500 cutaway,0.0
cat__model_cooper s hardtop 2 door,0.0
cat__model_cooper s hardtop,0.0
cat__model_cooper s countryman all4,0.0
cat__model_cooper s countryman,0.0
cat__model_cooper s clubman,0.0
cat__model_cooper s,0.0
cat__model_cooper mt convertible,0.0
cat__model_cooper hardtop s,0.0
cat__model_cooper hardtop 4 door,0.0
cat__model_cooper hardtop 2 door,0.0
cat__model_cooper convertible,0.0
cat__model_cooper clubman,0.0
cat__model_cooper 6 spd convertible,0.0
cat__model_cooper,0.0
cat__model_convt,0.0
cat__model_convertible sebring,0.0
cat__model_3500 cummins laramie,0.0
cat__model_commercial f650,0.0
cat__model_commander base,0.0
cat__model_clk350 3.5l,0.0
cat__model_cobalt ls sedan,0.0
cat__model_cobalt ls,0.0
cat__model_cobalt 1-lt,0.0
cat__model_cmax hybrid,0.0
cat__model_cmax energi,0.0
cat__model_clubman cooper s hatchback,0.0
cat__model_clubman cooper hatchback 4d,0.0
cat__model_clubman,0.0
cat__model_club wagon,0.0
cat__model_club car precedent prec 48v,0.0
cat__model_cls550 executive s,0.0
cat__model_cls-class cls 550,0.0
cat__model_cls-class cls 400,0.0
cat__model_cls-class 4dr sdn,0.0
cat__model_cls-class,0.0
cat__model_cls-550,0.0
cat__model_cls,0.0
cat__model_clk550,0.0
cat__model_cobalt ls automatic,0.0
cat__model_cobalt lt,0.0
cat__model_commander 4x4,0.0
cat__model_cobalt lt special edition,0.0
cat__model_commander,0.0
cat__model_comet caliente,0.0
cat__model_colorado zr2,0.0
cat__model_colorado work truck automatic,0.0
cat__model_colorado work truck,0.0
cat__model_colorado lt,0.0
cat__model_3500 laramie cummins,0.0
cat__model_colorado crew cab zr2,0.0
cat__model_colorado crew cab z71,0.0
cat__model_colorado crew cab work,0.0
cat__model_colorado crew cab lt,0.0
cat__model_colorado crew cab,0.0
cat__model_colorado 4wd z71,0.0
cat__model_colorado 2wd,0.0
cat__model_colorado 2004,0.0
cat__model_colorado 1lt 4x4,0.0
cat__model_cobalt sport,0.0
cat__model_cooper s jcw,0.0
cat__model_3500 cummins 4x4 crew cab,0.0
cat__model_corolla 4dr sdn auto,0.0
cat__model_cr-v ex-l sport utility 4d,0.0
cat__model_cr-v ex-l awd,0.0
cat__model_cr-v ex-l 4x4,0.0
cat__model_cr-v ex-l 4wd 5-speed at,0.0
cat__model_cr-v ex-l,0.0
cat__model_cr-v ex sport utility 4d,0.0
cat__model_cr-v ex l w/navi 4dr suv,0.0
cat__model_cr-v ex l 4dr suv,0.0
cat__model_cr-v ex awd,0.0
cat__model_cr-v ex,0.0
cat__model_cr-v awd manual 5speed,0.0
cat__model_cr-v awd ex-l,0.0
cat__model_cr-v 2wdlx,0.0
cat__model_340i xdrive m sport head-up,0.0
cat__model_cr v,0.0
cat__model_covette,0.0
cat__model_coupe john cooper works 2d,0.0
cat__model_coupe deville 62,0.0
cat__model_cr-v ex-l black,0.0
cat__model_cr-v exl,0.0
cat__model_corolla camry,0.0
cat__model_cr-v exl suv,0.0
cat__model_crosstrek 2.0i base,0.0
cat__model_crosstour ex-l sport,0.0
cat__model_crosstour,0.0
cat__model_crossfire limited,0.0
cat__model_crossfire coupe,0.0
cat__model_crossfire,0.0
cat__model_cross country,0.0
cat__model_crew cab,0.0
cat__model_crestline sedan,0.0
cat__model_crestline,0.0
cat__model_cressida,0.0
cat__model_cr-z,0.0
cat__model_cr-v- ex,0.0
cat__model_cr-v se awd,0.0
cat__model_cr-v lx 4wd 5-speed at,0.0
cat__model_cr-v lx,0.0
cat__model_cr-v exl with navigation,0.0
cat__model_coupe deville,0.0
cat__model_350 z,0.0
cat__model_countryman plug-in hybrid,0.0
cat__model_countryman cooper se all4,0.0
cat__model_corolla.le,0.0
cat__model_corolla s sedan 4d,0.0
cat__model_corolla s plus,0.0
cat__model_corolla s,0.0
cat__model_corolla matrix,0.0
cat__model_corolla le sport,0.0
cat__model_corolla le sedan,0.0
cat__model_corolla le plus sedan 4d,0.0
cat__model_corolla le eco sedan 4d,0.0
cat__model_corolla le eco,0.0
cat__model_corolla le 4dr sedan 4a,0.0
cat__model_corolla le 1.8l,0.0
cat__model_corolla im hatchback 4d,0.0
cat__model_corolla im,0.0
cat__model_corolla hybrid le sedan,0.0
cat__model_corolla ce sedan,0.0
cat__model_corolla ce,0.0
cat__model_corrola le,0.0
cat__model_corsair,0.0
cat__model_corsica,0.0
cat__model_3500 4x4 *laramie 4dr crew cab 6.3 ft sb pickup,0.0
cat__model_countryman cooper s all4,0.0
cat__model_countryman cooper s,0.0
cat__model_countryman cooper hatchback,0.0
cat__model_country squire,0.0
cat__model_cougar xr7,0.0
cat__model_cougar,0.0
cat__model_corvette z06,0.0
cat__model_corvette lt1,0.0
cat__model_corvair greenbrier,0.0
cat__model_corvette coupe lt1🌟,0.0
cat__model_3500 crew 4x4 dually,0.0
cat__model_corvette coupe,0.0
cat__model_3500 crew cab cummins engine,0.0
cat__model_corvette c6,0.0
cat__model_corvette 1986,0.0
cat__model_3500 crew cab tradesman 4x4,0.0
cat__model_clk430,0.0
cat__model_clk350,0.0
cat__model_captiva sport ltz,0.0
cat__model_charger scat pack sedan 4d,0.0
cat__model_charger r/t scat pack,0.0
cat__model_charger r/t,0.0
cat__model_charger police sxt,0.0
cat__model_charger police,0.0
cat__model_charger gt sedan 4d,0.0
cat__model_charger gt,0.0
cat__model_charger daytona 392 sedan,0.0
cat__model_3500 tradesmancrew cab,0.0
cat__model_challenger sxt plus w/ super sport group,0.0
cat__model_challenger sxt plus,0.0
cat__model_challenger sxt coupe 2d,0.0
cat__model_challenger sxt coupe,0.0
cat__model_challenger srt8 6.1l hemi,0.0
cat__model_challenger srt8,0.0
cat__model_challenger srt hellcat,0.0
cat__model_challenger srt 392 coupe,0.0
cat__model_challenger se,0.0
cat__model_charger rt,0.0
cat__model_charger scat pack wdiebody,0.0
cat__model_3500hd,0.0
cat__model_charger sdn sxt rwd,0.0
cat__model_cherokee latitude plus fwd,0.0
cat__model_cherokee latitude 4wd,0.0
cat__model_cherokee classic,0.0
cat__model_cherokee chief,0.0
cat__model_cherokee carryall,0.0
cat__model_cherokee altitude 4x4,0.0
cat__model_cherokee 80th anniversary,0.0
cat__model_3500 tradesman crew cab sho,0.0
cat__model_chassis cab,0.0
cat__model_chassis 3500 st,0.0
cat__model_chassis 3500,0.0
cat__model_chargers,0.0
cat__model_charger sxt sedan 4d,0.0
cat__model_charger sxt plus sedan 4d,0.0
cat__model_charger sxt awd! awd,0.0
cat__model_charger sxt awd,0.0
cat__model_charger se sedan 4d,0.0
cat__model_challenger r/t plus shaker,0.0
cat__model_challenger r/t,0.0
cat__model_clk320,0.0
cat__model_cayenne s hybrid,0.0
cat__model_cayenne s,0.0
cat__model_cayenne platinum edition,0.0
cat__model_cayenne gts,0.0
"cat__model_cayenne 1-owner* local trade* convenience pkg* panoramic roof* dealer serviced, new tires* 2-keys* front & rear sensors*back up cam",0.0
cat__model_350z convertible,0.0
cat__model_cavalier z24,0.0
cat__model_cavalier sport,0.0
cat__model_cavalier,0.0
cat__model_catalina convertible,0.0
cat__model_cars and suvs,0.0
cat__model_carolla le,0.0
cat__model_cargo van,0.0
cat__model_cargo,0.0
cat__model_caravan/grand caravan,0.0
cat__model_caravan sxt passenger,0.0
cat__model_caravan se,0.0
cat__model_caravan,0.0
cat__model_cayenne s awd,0.0
cat__model_cayenne s v8,0.0
cat__model_challenger gt coupe 2d,0.0
cat__model_cayenne sport utility 4d,0.0
cat__model_certified,0.0
cat__model_century limited,0.0
cat__model_century,0.0
cat__model_celica gts,0.0
cat__model_celica gt,0.0
cat__model_ce300,0.0
cat__model_cclass,0.0
cat__model_350z,0.0
cat__model_cc102,0.0
cat__model_cc sport,0.0
cat__model_cc r-line,0.0
cat__model_cc luxury sedan,0.0
cat__model_cc 3.6 vr6 4motion,0.0
cat__model_cc 2.0t sport sedan,0.0
cat__model_cc 2.0t r-line sedan,0.0
cat__model_350z - fairlady z,0.0
cat__model_cayenne turbo,0.0
cat__model_cherokee latitude sport,0.0
cat__model_cherokee limited,0.0
cat__model_cherokee limited 4wd,0.0
cat__model_civic sport touring,0.0
cat__model_civic sport hatchback,0.0
cat__model_civic sport coupe cvt,0.0
cat__model_civic si sedan,0.0
cat__model_civic si coupe,0.0
cat__model_civic sedan touring,0.0
cat__model_civic sedan lx,0.0
cat__model_civic sedan 4dr cvt lx,0.0
cat__model_civic se sedan 4d,0.0
cat__model_civic se,0.0
cat__model_civic sdn lx mt manual,0.0
cat__model_civic sdn lx,0.0
cat__model_civic sdn dx manual,0.0
cat__model_civic sdn,0.0
cat__model_civic lx-s,0.0
cat__model_civic lx sedan 4d,0.0
cat__model_civic lx se,0.0
cat__model_civic lx fwd gas sedan,0.0
cat__model_civic sport hatchback 4d,0.0
cat__model_civic type r,0.0
cat__model_cherokee limited 4x4,0.0
cat__model_cj,0.0
cat__model_clk-class,0.0
cat__model_classic,0.0
cat__model_3500 regular cab,0.0
cat__model_clarity,0.0
cat__model_3500 service,0.0
cat__model_cla-class cla 45,0.0
cat__model_cla-class,0.0
cat__model_cla 250 coupe 4d,0.0
cat__model_cla 250 amg equipment,0.0
cat__model_cla 250,0.0
cat__model_cl type s,0.0
cat__model_cl 600,0.0
cat__model_cl 55 amg,0.0
cat__model_cj7 laredo,0.0
cat__model_cj-7,0.0
cat__model_cj-5,0.0
cat__model_cj 7,0.0
cat__model_civic lx coupe,0.0
cat__model_civic lx 2dr coupe 5a,0.0
cat__model_civic lx 2d coupe,0.0
cat__model_civic hybrid sedan 4d,0.0
cat__model_chieftain,0.0
cat__model_cheyenne,0.0
cat__model_chevorlet malibu,0.0
cat__model_chevorlet,0.0
cat__model_chevolet corvette,0.0
cat__model_chevelle malibu,0.0
cat__model_chevelle,0.0
cat__model_cherokee trailhawk sport,0.0
cat__model_cherokee trailhawk 4x4 gas,0.0
cat__model_cherokee trailhawk 4wd,0.0
cat__model_cherokee trailhawk,0.0
cat__model_cherokee traihawk,0.0
cat__model_cherokee sport 4x4,0.0
cat__model_cherokee sport,0.0
cat__model_cherokee police,0.0
cat__model_cherokee limited luxury,0.0
cat__model_cherokee limited 4x4 gas,0.0
cat__model_chr,0.0
cat__model_chysler 300,0.0
cat__model_chysler town and country,0.0
cat__model_civic ex coupe,0.0
cat__model_civic hybrid,0.0
cat__model_civic hatchback,0.0
cat__model_civic ex-l,0.0
cat__model_civic ex sedan 4d,0.0
cat__model_civic ex sedan,0.0
cat__model_civic ex fwd gas sedan,0.0
cat__model_civic ex cvt,0.0
cat__model_civic dx,0.0
cat__model_cimarron,0.0
cat__model_civic del sol,0.0
cat__model_civic coupe ex,0.0
cat__model_civic coupe,0.0
cat__model_civic 4dr cvt ex,0.0
cat__model_cive se,0.0
cat__model_city express cargo van,0.0
cat__model_city express,0.0
cat__model_4 series 430i gran coupe,0.0
cat__model_astro van,0.0
cat__model_crosstrek 2.0i premium,0.0
cat__model_GMC* ACADIA*,0.0
cat__model_GCM Acadia,0.0
cat__model_G20,0.0
cat__model_Fusion Energi,0.0
cat__model_Freightliner flc120,0.0
cat__model_Freightliner M2 106 Plow/ Dump with Sander,0.0
cat__model_Freightliner M2 106 Medium Duty,0.0
cat__model_4500hd,0.0
cat__model_Freightliner FL70,0.0
cat__model_Freightliner FL60,0.0
cat__model_4runner 4wd,0.0
cat__model_Freightliner Cascadia,0.0
cat__model_Freightliner 3500,0.0
cat__model_4runner limited,0.0
cat__model_Fountaine 2014,0.0
cat__model_FordE350,0.0
"cat__model_Ford, Chevy, and Jeeps",0.0
cat__model_For Ranchero GT Brougham,0.0
cat__model_GEHL R220,0.0
"cat__model_GMC, Ford, Freightliner & More",0.0
cat__model_Focus,0.0
cat__model_Genesis G70,0.0
cat__model_HOT DOG  CART,0.0
cat__model_HONDACCORD EX,0.0
cat__model_HONDA/PILOT,0.0
cat__model_HONDA* CIVIC*,0.0
cat__model_HODA 2 DOOR,0.0
cat__model_HINO 338,0.0
cat__model_H3 Hummer,0.0
cat__model_Grand Cherokee,0.0
cat__model_450 sl,0.0
cat__model_Gm,0.0
cat__model_Geo prizm,0.0
cat__model_Geo Prizm,0.0
cat__model_Genesis G90,0.0
cat__model_Genesis G80 3.8 Sedan 4D,0.0
cat__model_Genesis G70 3.3T Sedan 4D,0.0
cat__model_Genesis G70 3.3T Dynamic Edition,0.0
cat__model_4500,0.0
cat__model_Fod shuttle Bus,0.0
cat__model_4runner limited 4x2,0.0
cat__model_Che y Silverado 4x4,0.0
cat__model_ESCALADE,0.0
cat__model_E320 Cabriolet,0.0
cat__model_Durango Explorer Expedition,0.0
cat__model_Daihatsu Hijet,0.0
cat__model_Dad he Caravan,0.0
cat__model_DT-466,0.0
cat__model_Custom cab C20,0.0
cat__model_Crhysler 200,0.0
cat__model_Coleman Lantern,0.0
cat__model_Civic Coupe,0.0
cat__model_Chevrolet/Chevy Express 2500,0.0
cat__model_Chevr Exp,0.0
cat__model_Chevorlet Optra 5,0.0
cat__model_Cheverolet Volt,0.0
cat__model_Cheverlot C3500,0.0
cat__model_Chevelle  s10,0.0
cat__model_Chevelle,0.0
cat__model_Chev.cruze,0.0
cat__model_E350 4matic,0.0
cat__model_Eagle Custom,0.0
cat__model_Fisker Karma,0.0
cat__model_Eagle Summit,0.0
cat__model_Fff,0.0
cat__model_Fakery LE,0.0
cat__model_FREIGHTLINER THOMAS,0.0
cat__model_FREIGHTLINER SPRINTER,0.0
cat__model_FREIGHTLINER M2,0.0
cat__model_FREIGHTLINER CENTURY,0.0
cat__model_FIAT-34 MPG HWY!! STRONG FUN DRIVE!! AUTO! 500-2 OWNER!,0.0
cat__model_F800 DUMP TRUCK,0.0
cat__model_F350 DRW,0.0
cat__model_F150 STEPSIDE,0.0
cat__model_F100,0.0
cat__model_F-150 X-CAB,0.0
cat__model_4runner limited 4x4 gas,0.0
cat__model_Explorer Limited,0.0
cat__model_Explorer,0.0
cat__model_Envision,0.0
cat__model_Edsel Ranger,0.0
cat__model_HTLD NORTH TRAIL,0.0
cat__model_435i gran coupe m-sport,0.0
cat__model_HUMMER H2 SUT,0.0
cat__model_KOHLER DIESEL GENERATOR,0.0
cat__model_KIA/SPECTRA,0.0
cat__model_KIA/SORENTO,0.0
cat__model_KEYSTONE RV LAREDO,0.0
cat__model_Jetta,0.0
cat__model_430i,0.0
cat__model_JEEP* RENEGADE*,0.0
cat__model_Isuzu Trooper,0.0
cat__model_Isuzu Rodeo LS,0.0
cat__model_Isuzu NRR/NPR BOX TRUCK 16 FT SU,0.0
cat__model_Isuzu NQR,0.0
cat__model_Isuzu NPR diesel,0.0
cat__model_Isuzu NPR HD REG,0.0
cat__model_Isuzu NPR HD,0.0
cat__model_Isuzu FVR,0.0
cat__model_International metro,0.0
cat__model_International Terrastar,0.0
cat__model_430i convertible,0.0
cat__model_KM8JUCACXCU492595,0.0
cat__model_Keep Gladiator Overland,0.0
cat__model_HUMMER H3,0.0
cat__model_Kenworth T800,0.0
cat__model_MG C GT,0.0
cat__model_MERZ BENZ SLK230,0.0
cat__model_MERCEDS-BENZ CLK,0.0
cat__model_MERCEDES-BENZ/S-CLASS,0.0
cat__model_MB BRABUS SMART,0.0
cat__model_MASERATI QUATTROPORTE,0.0
cat__model_MASERATI LEVANTE,0.0
cat__model_MASERATI GRANTURISMO S,0.0
cat__model_M-932,0.0
cat__model_Lotus Elan S130,0.0
cat__model_London Roadster MG TD TRD,0.0
cat__model_Lexis Is250,0.0
cat__model_LEXUS/ES 350,0.0
cat__model_LEXUS/ES 300,0.0
cat__model_LESUS ES 330,0.0
cat__model_Keystone LAREDO,0.0
cat__model_428i xdrive gran coupe,0.0
cat__model_International School Bus,0.0
cat__model_International S-1900,0.0
cat__model_International Hybrid 4300,0.0
cat__model_International F650,0.0
cat__model_INTERNATIONAL ALTEC BUCKET TRUCK,0.0
cat__model_INTERNATIONAL 7300 BUCKET TRUCK,0.0
cat__model_INTERNATIONAL 4700,0.0
cat__model_INTERNATIONAL 4300 BUCKET TRUCK,0.0
cat__model_435i,0.0
cat__model_IC CE PB105,0.0
cat__model_I BUY CARS,0.0
cat__model_Hummer H3 H3x 4x4,0.0
cat__model_Hummer H3,0.0
cat__model_Hummer H2 SUT Luxury,0.0
cat__model_Hummer H2 SUT 4WD,0.0
cat__model_Hummer H2 SUT,0.0
cat__model_Hummer H2,0.0
cat__model_435i gran coupe,0.0
cat__model_Hino 195,0.0
cat__model_Hino,0.0
cat__model_HYUNDAI/SANTA FE,0.0
cat__model_INTERNATIONAL DURASTAR 4200,0.0
cat__model_ISUZU NPR,0.0
"cat__model_ISUZU NPR 6.0L Gas,14Ft box,1600Lb Power lift gate!",0.0
cat__model_International 4700,0.0
cat__model_International DuraStar 4400,0.0
cat__model_International DuraStar 4300,0.0
cat__model_International DuraStar 4200,0.0
cat__model_International DURASTAR 4300,0.0
cat__model_International Box Truck,0.0
cat__model_International 7400,0.0
cat__model_International 4900,0.0
cat__model_International 4300 Reg Cab W/ 12' Flat-bed,0.0
cat__model_ISUZU NPR-HD 16' BOXTRUCK,0.0
cat__model_International 4300 -,0.0
cat__model_430i xdrive,0.0
cat__model_International 4200,0.0
cat__model_International,0.0
cat__model_Infintiti G35,0.0
cat__model_ISUZU NRR,0.0
cat__model_ISUZU NPR/NPR-HD,0.0
cat__model_Chev. Corvette,0.0
cat__model_Cars and SUVs,0.0
cat__model_MGB GT,0.0
cat__model_6,0.0
cat__model_560-class,0.0
cat__model_550i xdrive 550xi,0.0
cat__model_550i,0.0
cat__model_5500 chassis cab,0.0
cat__model_550,0.0
cat__model_544,0.0
cat__model_540i,0.0
cat__model_535xi,0.0
cat__model_535i xdrive,0.0
cat__model_535i 6-spd sport sedan,0.0
cat__model_535 i,0.0
cat__model_535 gran turismo,0.0
cat__model_530xi,0.0
cat__model_530i,0.0
cat__model_530e,0.0
cat__model_528xi xdrive awd,0.0
cat__model_528xi,0.0
cat__model_560sec,0.0
cat__model_6 grand touring,0.0
cat__model_528 xi,0.0
cat__model_6 sedan,0.0
cat__model_650i xdrive,0.0
cat__model_650i m sport gran coupe,0.0
cat__model_650i gran coupe,0.0
cat__model_650i convertible,0.0
cat__model_650i,0.0
cat__model_6500,0.0
cat__model_645ci,0.0
cat__model_640i,0.0
cat__model_64 Hawk,0.0
cat__model_626 sdn lx 4-cyl auto,0.0
cat__model_6-series,0.0
cat__model_6 sport,0.0
cat__model_6 series 650i convertible 2d,0.0
cat__model_6 series 640i gran coupe 4d,0.0
cat__model_4runner sr5 premium 4x4,0.0
cat__model_6 series 640i,0.0
cat__model_6 sedan i touring,0.0
cat__model_528i xdrive,0.0
cat__model_528 i,0.0
cat__model_Cadilac Escalade,0.0
cat__model_5 series 540i xdrive,0.0
cat__model_5 series 535i sedan 4d,0.0
cat__model_5 series 535i m sport,0.0
cat__model_5 series 535d sedan 4d,0.0
cat__model_5 series 530i xdrive sedan,0.0
cat__model_5 series 530e iperformance,0.0
cat__model_5 series 528i xdrive sedan,0.0
cat__model_5 series 528i sedan 4d,0.0
cat__model_5 series 528i,0.0
cat__model_4runner sr5 sport awd,0.0
cat__model_5,0.0
cat__model_4x4,0.0
cat__model_4runner trd pro sport,0.0
cat__model_4runner trd pro,0.0
cat__model_4runner trd premium,0.0
"cat__model_4runner trd off-road premium new bilstein-toytec lift*new 17""trd pro wheels*new 33"" yokohama geolander goo3 m/t tires*tyger rock sliders*tyger roof basket*leather*nav*back up cam",0.0
cat__model_4runner trd off road 4x4,0.0
cat__model_4runner sr5 v6 4x4,0.0
cat__model_5 series 535i xdrive,0.0
cat__model_5 series 540i xdrive sedan,0.0
cat__model_528,0.0
cat__model_5 series 550i sedan 4d,0.0
cat__model_525i,0.0
cat__model_500x lounge sport utility,0.0
cat__model_500x,0.0
cat__model_500sl,0.0
cat__model_500l easy,0.0
cat__model_500-class,0.0
cat__model_500 sport,0.0
cat__model_500 pop hatchback 2d,0.0
cat__model_500 pop 2dr hatchback,0.0
cat__model_500 pop,0.0
cat__model_500 abarth hatchback 2d,0.0
cat__model_500 2dr conv pop,0.0
cat__model_50,0.0
cat__model_5-series,0.0
cat__model_5 yard dump,0.0
cat__model_5 van,0.0
cat__model_5 series iperformance,0.0
cat__model_4runner sr5 premium 4wd (natl),0.0
cat__model_66 Rambler Ambassador 990 4-dr,0.0
cat__model_67 International Loadstar,0.0
cat__model_4runner limited sport,0.0
cat__model_BMW-SHOWROOM CONDITION! LOADED WITH LEATHER! 528i-LOW MILES!! BHPH OFFERED!,0.0
cat__model_BENTLEY GT/GTR,0.0
cat__model_Avanti II,0.0
cat__model_Austin cooper,0.0
cat__model_Astro vsn AWD,0.0
cat__model_All cars,0.0
cat__model_Accord Sedan,0.0
cat__model_AUTI A5 CONVERTIBLE,0.0
cat__model_ASTRO VAN,0.0
cat__model_4runner sport edition,0.0
cat__model_AND UP,0.0
cat__model_AND NEWER ALL MAKES AND MODELS,0.0
cat__model_AMC SPIRIT,0.0
cat__model_AMC Javelin AMX,0.0
cat__model_AM General M49A2,0.0
cat__model_AM GENERAL H1 HUMVEE,0.0
cat__model_ALL MAKES & MODELS,0.0
cat__model_BRUICK ROADMASTER LIMITED,0.0
cat__model_BWM 535xi Premium Sport,0.0
cat__model_67 olds,0.0
cat__model_Bentley Arnage,0.0
cat__model_Cadilac DTS Luxury,0.0
cat__model_CX-5,0.0
cat__model_CUSTOM,0.0
cat__model_CTEC 83-38-VTF-HFT-79,0.0
cat__model_CRANE TRUCK,0.0
cat__model_COTTRELL c-7510ST,0.0
cat__model_CHRYSLEWR 300,0.0
cat__model_CHRYSLER/ASPEN,0.0
cat__model_CHRYSLER-VMI-♿,0.0
cat__model_CHRYSER 200 C SEDAN,0.0
cat__model_CHEVROLET* COLORADO*,0.0
cat__model_CHEVORLET TRAVERSE 2LT,0.0
cat__model_CHEVORLET EXPRESS 3500 1 TON,0.0
cat__model_CADILAC XTS-4 AWD,0.0
cat__model_Blue Bird All American,0.0
cat__model_Bix Tex Trailer,0.0
cat__model_Big Dog Bulldog,0.0
cat__model_ACURA* MDX*,0.0
cat__model_97 F250 HD,0.0
cat__model_944 s2,0.0
cat__model_944,0.0
cat__model_750il,0.0
cat__model_750i xdrive,0.0
cat__model_750i / alpina b7,0.0
cat__model_750i,0.0
cat__model_7500 dump,0.0
cat__model_745 li,0.0
cat__model_740li xdrive awd,0.0
cat__model_740li,0.0
cat__model_740il,0.0
cat__model_4runner sr5 4wd (natl),0.0
cat__model_7-series m package,0.0
cat__model_7-series,0.0
cat__model_7 series 750li,0.0
cat__model_4runner sr5 4x2,0.0
cat__model_4runner sr5 4x4,0.0
cat__model_7 series 740e xdrive sedan,0.0
cat__model_7 series,0.0
cat__model_750li / alpina b7,0.0
cat__model_750li sport,0.0
cat__model_750lxi,0.0
cat__model_911 c4,0.0
cat__model_940 turbo,0.0
cat__model_940 se turbo,0.0
cat__model_924s special edition,0.0
cat__model_924,0.0
cat__model_914,0.0
cat__model_911sc,0.0
cat__model_911 c4s gt2 wing ims done,0.0
cat__model_911,0.0
cat__model_4runner sr5 2wd (natl),0.0
cat__model_87 s-10,0.0
cat__model_86,0.0
cat__model_850 wagon,0.0
cat__model_79 L82,0.0
cat__model_760li sedan v12 leather moon 109 service records,0.0
cat__model_760li,0.0
cat__model_760,0.0
cat__model_MGB,0.0
cat__model_MS250 Mack Midliner,0.0
cat__model_astro ls,0.0
cat__model_acadia slt- 2 awd,0.0
cat__model_acadia sle-1 sport utility,0.0
cat__model_acadia sle-1,0.0
cat__model_acadia sle sport utility 4d,0.0
cat__model_acadia sle awd,0.0
cat__model_acadia sle,0.0
cat__model_acadia awd slt-1,0.0
cat__model_acadia awd 4dr slt w/slt-2,0.0
cat__model_acadia awd 4dr sle w/sle-2,0.0
cat__model_acadia awd,0.0
cat__model_acadia - new tires - third row seat - 8 seater -,0.0
cat__model_4 series 440i coupe 2d,0.0
cat__model_a8l quattro,0.0
cat__model_a8 quattro,0.0
cat__model_a8 l tdi sedan 4d,0.0
cat__model_a8 l 4dr sdn,0.0
cat__model_a8 l 4.2 quattro sedan 4d,0.0
cat__model_a8 l 4.0t sport sedan 4d,0.0
cat__model_acadia sle-2 sport utility,0.0
cat__model_acadia slt1,0.0
cat__model_a8,0.0
cat__model_accent gls,0.0
cat__model_accord ex-l coupe,0.0
cat__model_accord ex-l 3.5l v6,0.0
cat__model_accord ex wagon,0.0
cat__model_accord ex w/honda sensing,0.0
cat__model_accord ex v6,0.0
cat__model_accord ex v-6,0.0
cat__model_accord ex coupe at,0.0
cat__model_accord crosstour ex-l,0.0
cat__model_accord crosstour,0.0
cat__model_accord cpe,0.0
cat__model_accord coupe ex-l,0.0
cat__model_accord coupe,0.0
cat__model_4 series 435i xdrive coupe,0.0
cat__model_accent se,0.0
cat__model_accent hatchback,0.0
cat__model_accent gs,0.0
cat__model_accent gls 4dr sedan,0.0
cat__model_a8 l 4.0t sedan 4d,0.0
cat__model_a7 quattro,0.0
cat__model_a4 4wd,0.0
cat__model_a5 manual,0.0
cat__model_a5 2.0t quattro,0.0
cat__model_a5 2.0t premium plus quattr,0.0
cat__model_a5 2.0t premium plus coupe,0.0
cat__model_a5 2.0t premium plus,0.0
cat__model_a4 s line se 2.0t,0.0
cat__model_a4 quattro premium plus,0.0
cat__model_a4 quattro premium,0.0
cat__model_a4 quattro awd,0.0
cat__model_a4 quattro,0.0
cat__model_a4 premium sedan 4d,0.0
cat__model_a4 premium plus,0.0
cat__model_a4 convertible,0.0
cat__model_a4 avant wagon,0.0
cat__model_a4 avant awd wagon,0.0
cat__model_a4 avant,0.0
cat__model_a4 allroad prestige wagon,0.0
cat__model_a4 allroad premium wagon 4d,0.0
cat__model_a5 a6,0.0
cat__model_a5 premium coupe 2d,0.0
cat__model_a7 prestige sedan 4d,0.0
cat__model_a5 premium plus sedan 4d,0.0
cat__model_a7 prestige,0.0
cat__model_a7 premium plus sedan 4d,0.0
cat__model_a7 3.0t quattro prestige awd,0.0
cat__model_a7 3.0t quattro,0.0
cat__model_4 series 440i gran coupe,0.0
cat__model_a6 quattro,0.0
cat__model_a6 premium plus quattro awd,0.0
cat__model_a6 45 tfsi premium sedan 4d,0.0
cat__model_a6 3.2 quattro,0.0
cat__model_a6 3.0t quattro sedan 4d,0.0
cat__model_a6 3.0t prestige sedan 4d,0.0
cat__model_a6 3.0 t,0.0
cat__model_a6 3.0 quattro prestige,0.0
cat__model_4 series 440i xdrive gran,0.0
cat__model_a6,0.0
cat__model_a5 quattro,0.0
cat__model_a5 premium sedan 4d,0.0
cat__model_4 series 435i xdrive,0.0
cat__model_accord ex-l sedan 4d,0.0
cat__model_accord exl v6,0.0
cat__model_altima-sport-coupe,0.0
cat__model_altima sr,0.0
cat__model_altima s fwd gas sedan,0.0
cat__model_altima s 2.5,0.0
cat__model_altima hybrid,0.0
cat__model_altima coupe,0.0
cat__model_altima 4dr sdn i4 2.5 sl,0.0
cat__model_altima 4dr sdn i4 2.5 s,0.0
cat__model_altima 4 door,0.0
cat__model_altima 3.5se,0.0
cat__model_altima 3.5 sv,0.0
cat__model_altima 3.5 sl sedan,0.0
cat__model_altima 3.5 se,0.0
cat__model_altima 2.5sl,0.0
cat__model_altima 2.5s coupe,0.0
cat__model_altima 2.5s,0.0
cat__model_altima 2.5 sv,0.0
cat__model_altima 2.5 sr sedan,0.0
cat__model_altima sv sedan,0.0
cat__model_amanti,0.0
cat__model_accord hybrid,0.0
cat__model_amc javelin,0.0
cat__model_astro,0.0
cat__model_astra xr,0.0
cat__model_aspin,0.0
cat__model_aspen limited 4x4,0.0
cat__model_aspen limited,0.0
cat__model_ascent,0.0
cat__model_armada sl,0.0
cat__model_armada se,0.0
cat__model_armada platinum sport,0.0
cat__model_armada platinum automatic,0.0
cat__model_armada platinum 4wd 5-speed automatic,0.0
cat__model_armada platinum,0.0
cat__model_armada 2wd 4dr titanium,0.0
cat__model_arcadia,0.0
cat__model_any,0.0
"cat__model_amg, s63,4matic",0.0
cat__model_amc rebel machine,0.0
cat__model_altima 2.5 sr,0.0
cat__model_altima 2.5 sl sedan 4d,0.0
cat__model_altima 2.5 s w/ power seat,0.0
cat__model_altima 2.5 s sedan,0.0
cat__model_accord sport sedan 4d,0.0
cat__model_accord sport se,0.0
cat__model_accord sport 4d,0.0
cat__model_accord sport 1.5t,0.0
cat__model_accord sedan sport 1.5t,0.0
cat__model_accord sedan lx 1.5t,0.0
cat__model_accord sedan lx,0.0
cat__model_4 series 435i,0.0
cat__model_accord sdn lx-p,0.0
cat__model_accord sdn ex-l v6 at,0.0
cat__model_accord sdn ex-l,0.0
cat__model_accord sdn,0.0
cat__model_accord lx-s,0.0
cat__model_accord lx*back up cam*fue,0.0
cat__model_accord lx sedan 4d,0.0
cat__model_accord lx coupe,0.0
cat__model_accord hybrid ex-l sedan,0.0
cat__model_accord touring,0.0
cat__model_accord touring coupe 2d,0.0
cat__model_accord touring sedan 4d,0.0
cat__model_4 series 430i xdrive,0.0
cat__model_altima 2.5 s,0.0
cat__model_altima 2.5 4dr sedan,0.0
cat__model_4 series 430i gran coupe 4d,0.0
cat__model_allroad quattro,0.0
cat__model_allroad prestige wagon 4d,0.0
cat__model_allroad premium plus wagon,0.0
cat__model_allroad 2.0t quattro,0.0
cat__model_allante,0.0
cat__model_accrod,0.0
cat__model_all-new wrangler unlimited,0.0
cat__model_all-new 1500,0.0
cat__model_all,0.0
cat__model_ai Tucson,0.0
cat__model_ai Sonata,0.0
cat__model_aerostar van,0.0
cat__model_aero 750cc shadow,0.0
cat__model_a4 allroad premium plus,0.0
cat__model_a4 3.0 cabriolet,0.0
cat__model_Mack,0.0
cat__model_SCION TC,0.0
cat__model_SAAB 9-3,0.0
cat__model_Rochester,0.0
cat__model_Renault Fuego 5 Speed manual,0.0
cat__model_RX 300,0.0
cat__model_RX,0.0
cat__model_Pt cruiser,0.0
cat__model_Porshe Boxster 986,0.0
cat__model_Police Interceptor P7B,0.0
cat__model_Plymouth Voyager,0.0
cat__model_Plymouth Neon,0.0
cat__model_Plymouth Duster,0.0
cat__model_Plymouth Barracuda,0.0
cat__model_Plymouth,0.0
cat__model_428i,0.0
cat__model_Pierce Model Tilt Cab,0.0
cat__model_Pickup,0.0
cat__model_Peterbilt 387,0.0
cat__model_SAAB 9-5,0.0
cat__model_SCION XB,0.0
cat__model_Peterbilt 337,0.0
cat__model_SCION XD,0.0
cat__model_428,0.0
cat__model_Scion iA,0.0
cat__model_Scion XB,0.0
cat__model_Scion TC,0.0
cat__model_Scion FR-S Release Series 2.0,0.0
cat__model_Satuurn Ion,0.0
cat__model_Saab 900,0.0
cat__model_Saab 9-3,0.0
cat__model_SUZUKI XL7,0.0
cat__model_SUZUKI SIDEKICK,0.0
cat__model_SUZUKI GRAND VITARA,0.0
cat__model_SUPER EASY FINANCE,0.0
cat__model_STERLING ACTERRA,0.0
cat__model_SPECIAL FINANCE PROGRAM 2020,0.0
cat__model_SL 4X4,0.0
cat__model_SILVERADO 2500,0.0
cat__model_SCION tC,0.0
cat__model_428i convertible,0.0
cat__model_PROGRAMS as little as $500!,0.0
cat__model_a4 2dr cabriolet 1.8t cvt,0.0
cat__model_Mercedez Benz CL500,0.0
cat__model_Merceces Benz E350 4matic Wagon,0.0
cat__model_Merccedes E350,0.0
cat__model_Mazda3,0.0
cat__model_Mazda-AWD! LOW MILES! BHPH! CX-7-CARMARTSOUTH.COM,0.0
cat__model_Maserati Quattroporte S,0.0
cat__model_Maserati Levante,0.0
cat__model_428i xdrive,0.0
cat__model_Maserati GranTurismo,0.0
cat__model_Maserati Gran Turismo Sport,0.0
cat__model_Maserati Ghibli Sedan 4D,0.0
cat__model_Maserati Ghibli,0.0
cat__model_Mariela Morales,0.0
cat__model_Malibu n accord,0.0
cat__model_Madza CX-5,0.0
cat__model_Mack Granite GU713,0.0
cat__model_Mack DM600,0.0
cat__model_Mack CL713,0.0
cat__model_Mercedes-Benz-E 350 4dr Sedan,0.0
cat__model_Merceds CLA 250,0.0
cat__model_428i gran coupe,0.0
cat__model_Mini-T Camper Van,0.0
cat__model_Oldsmobile Silhouette,0.0
cat__model_Oldsmobile Cutlass Supreme,0.0
cat__model_Oldsmobile Bravada,0.0
cat__model_Oldsmobile 88 LS,0.0
cat__model_Oldsmobile 442,0.0
cat__model_Oldsmobile,0.0
cat__model_Olds delta 88,0.0
cat__model_OLDSMOBILE AURORA,0.0
cat__model_Nissian 350Z,0.0
cat__model_Nash,0.0
cat__model_NISSIAN CUBE,0.0
cat__model_NISSAN*ALTIMA*GXE,0.0
cat__model_NEW MODELS,0.0
cat__model_Mustang,0.0
cat__model_Morris Minor 1000,0.0
cat__model_Mobility Ventures MV-1 SE Wheel,0.0
cat__model_Mitubishi Outlander,0.0
cat__model_Scion tC Hatchback Coupe 2D,0.0
cat__model_Scion tc,0.0
cat__model_Scion xA,0.0
cat__model_a3 2.0t premium cabriolet,0.0
cat__model_a3 2.0 tdi wagon 4d,0.0
cat__model_a3,0.0
cat__model_a-class a 220,0.0
cat__model_a RAV4,0.0
cat__model_a C-HR,0.0
cat__model_a 4Runner,0.0
cat__model_ZX2,0.0
cat__model_YAMAHA XVS650/A/C/AC/AT/ATC/V ST,0.0
cat__model_Wrangler unlimited Sport S,0.0
cat__model_Wrangler,0.0
cat__model_Workhorse p42,0.0
cat__model_Workhorse W42,0.0
cat__model_Workhorse P42 Step Van,0.0
cat__model_Winnebago Winnie Drop 1710,0.0
cat__model_WRX SPORT WAGON 4D,0.0
cat__model_WPOAA2993XS620614,0.0
cat__model_WORKHORSE W42,0.0
cat__model_a3 2.0 turbo,0.0
cat__model_a3 2.0t premium plus pzev,0.0
cat__model_Scion xB,0.0
cat__model_a3 2.0t quattro premium,0.0
cat__model_a4 2.0t quattro premium plus,0.0
cat__model_a4 2.0t quattro premium plu,0.0
cat__model_a4 2.0t quattro,0.0
cat__model_a4 2.0t premiumsedan,0.0
cat__model_a4 2.0t premium plus,0.0
cat__model_a4 2.0t premium awd,0.0
cat__model_a4 2.0 quattro,0.0
cat__model_a4 1.8t avant quattro,0.0
cat__model_a4 1.8t,0.0
cat__model_a3 wagon,0.0
cat__model_a3 sedan,0.0
cat__model_a3 s line premium sedan 4d,0.0
cat__model_a3 quattro premium plus,0.0
cat__model_a3 prestige sedan 4d,0.0
cat__model_a3 premium sedan 4d,0.0
cat__model_a3 premium plus sedan 4d,0.0
cat__model_a3 premium,0.0
cat__model_WOLF ISLANDER,0.0
cat__model_WOLF EX-150,0.0
cat__model_WBAPN7C53AA778446,0.0
cat__model_Volskwagen Jetta TDI,0.0
cat__model_TOYOTA* CAMRY*,0.0
cat__model_Suzuki XL-7 Luxury 3-Row,0.0
cat__model_Suzuki SX4,0.0
cat__model_Suzuki Grand Vitara,0.0
cat__model_Suzuki Forenza,0.0
cat__model_Subari STi,0.0
cat__model_Studebaker President,0.0
cat__model_Studebaker GT Hawk's,0.0
cat__model_Sterling Truck Acterra M5500,0.0
cat__model_Sterling SC8000,0.0
cat__model_Sterling L8511 Sterling Plow/Dump Truck with Sander,0.0
cat__model_4-door,0.0
cat__model_Sonata GLS,0.0
cat__model_Shasta,0.0
cat__model_Sedan,0.0
cat__model_Scion xD Base,0.0
cat__model_Scion xB 5dr Wgn Auto (Natl),0.0
cat__model_TRD,0.0
cat__model_TUNDRA  SR5  4WD  CREW MAX,0.0
cat__model_Thomas Saf-T-Liner,0.0
cat__model_VOLK JETTA,0.0
cat__model_Volkwagen Jetta,0.0
cat__model_Volkswagon Passat SE,0.0
cat__model_Volkswagon Passat 2.0 T Wagon,0.0
cat__model_Volk,0.0
cat__model_Vanguard Citicar,0.0
cat__model_VOLVO* XC60*,0.0
cat__model_VOLKSWAGON GTI,0.0
cat__model_Utilimaster Aeromate,0.0
cat__model_Thomas School Bus,0.0
cat__model_Unknown,0.0
cat__model_Truck,0.0
cat__model_Transit Van,0.0
cat__model_Trans Am Convertible,0.0
cat__model_Toyoya Tacoma,0.0
cat__model_Tommy Gate,0.0
cat__model_Thor Turricane,0.0
cat__model_crosstrek 2.0i limited,0.0
cat__model_crosstrek hybrid,0.0
cat__model_is 300 sedan 4d,0.0
cat__model_forester (natl),0.0
cat__model_fords f650,0.0
cat__model_focus zx4 ses,0.0
cat__model_focus zx4 se,0.0
cat__model_focus zx4,0.0
cat__model_focus zx3 premium,0.0
cat__model_focus zx3,0.0
cat__model_focus titanium hatchback 4d,0.0
cat__model_focus titanium hatchback,0.0
cat__model_focus titanium,0.0
cat__model_3 touring,0.0
cat__model_focus st,0.0
cat__model_focus ses,0.0
cat__model_focus sel,0.0
cat__model_focus se!,0.0
cat__model_focus se sport,0.0
cat__model_focus se sedan 4d,0.0
cat__model_focus se sedan,0.0
cat__model_forerunner,0.0
cat__model_forester 2.0i premium,0.0
cat__model_focus se automatic,0.0
cat__model_forester 2.0xt premium,0.0
cat__model_forester x awd 4runner,0.0
cat__model_forester x,0.0
cat__model_forester touring sport,0.0
cat__model_forester sport suv 4d,0.0
cat__model_forester s,0.0
cat__model_forester limited sport,0.0
cat__model_forester limited,0.0
cat__model_forester awd,0.0
cat__model_forester 2.5xt turbo 133k,0.0
cat__model_forester 2.5x wagon,0.0
cat__model_forester 2.5x premium,0.0
cat__model_forester 2.5x limited!,0.0
cat__model_forester 2.5x,0.0
cat__model_forester 2.5i premium awd,0.0
cat__model_forester 2.5i premium,0.0
cat__model_forester 2.5i limited,0.0
cat__model_forester 2.5 x awd,0.0
cat__model_focus se hatchback,0.0
cat__model_focus s sedan 4d,0.0
cat__model_firebird transam,0.0
cat__model_fleetline,0.0
cat__model_fj40 land cruiser,0.0
cat__model_fj cruiser upgrade pkg 2*convenience pkg*preferred premium accessory pkg*roof rack*rear lockers*rust free*level lifted*black out pkg,0.0
cat__model_fj cruiser base 4x2suv,0.0
cat__model_fj cruiser base,0.0
cat__model_fj cruiser 4x4 bad credit,0.0
cat__model_fj cruiser 4wd auto,0.0
cat__model_fj cruiser 4wd,0.0
cat__model_300 'l',0.0
cat__model_fj,0.0
cat__model_five hundred sel,0.0
cat__model_five hundred,0.0
cat__model_300 300c sedan 4d,0.0
cat__model_fit sport hatchback,0.0
cat__model_fit sport automatic,0.0
cat__model_fit sport,0.0
cat__model_fit lx -,0.0
cat__model_fit ex-l,0.0
cat__model_flat bed,0.0
cat__model_fleetmaster,0.0
cat__model_focus s,0.0
cat__model_fleetmaster coupe,0.0
cat__model_focus coupe,0.0
cat__model_focus 5dr hb st,0.0
cat__model_focus 4dr sdn se,0.0
cat__model_3-series 328i,0.0
cat__model_flhtkse,0.0
cat__model_flex sel sport – 3rd row,0.0
cat__model_flex sel sport utility 4d,0.0
cat__model_flex sel awd,0.0
cat__model_flex sel,0.0
cat__model_flex platinum,0.0
cat__model_flex limited sport utility,0.0
cat__model_flex limited awd,0.0
cat__model_flex limited 4dr crossover,0.0
cat__model_flex limited,0.0
cat__model_flex 4dr sel fwd,0.0
cat__model_300,0.0
cat__model_fleetwood,0.0
cat__model_forester x sport utility,0.0
cat__model_forester xt,0.0
cat__model_3 sires 328xi,0.0
cat__model_fusion se fwd,0.0
cat__model_fusion s,0.0
cat__model_fusion platinum sedan 4d,0.0
cat__model_fusion i-4 se,0.0
cat__model_fusion hybrid se,0.0
cat__model_fusion hybrid,0.0
cat__model_fusion energi plug-in,0.0
cat__model_fusion energi,0.0
cat__model_fusion buy here pay here,0.0
cat__model_fusion 4dr sdn se fwd,0.0
cat__model_3 series 340i sedan 4d,0.0
cat__model_frontier xe new tires 5 speed manual transmission,0.0
cat__model_frontier sv crew cab,0.0
cat__model_frontier sv 85k ml.1owner well maint clean car-fax toolbox,0.0
cat__model_frontier sv,0.0
cat__model_3 series 340i xdrive sedan,0.0
cat__model_frontier sl crew cab,0.0
cat__model_frontier sl,0.0
cat__model_fusion se ecoboost,0.0
cat__model_fusion se sedan 4d,0.0
cat__model_forte 4dr sdn auto lx,0.0
cat__model_3 series 335is 2dr,0.0
cat__model_g-class g500,0.0
cat__model_g-class,0.0
cat__model_g wagon,0.0
cat__model_3 series 335i xdrive sedan,0.0
cat__model_g g37x sedan 4d,0.0
cat__model_g g37 sport coupe 2d,0.0
cat__model_g g37 journey sedan 4d,0.0
cat__model_g 37c,0.0
cat__model_g 35x awd,0.0
cat__model_fxstdi,0.0
cat__model_fx37,0.0
cat__model_fx35,0.0
cat__model_fuso fh211,0.0
cat__model_fuso fe180,0.0
cat__model_fuso fe145,0.0
cat__model_fuso,0.0
cat__model_fusion titanium,0.0
cat__model_frontier se 4x4,0.0
cat__model_frontier se,0.0
cat__model_frontier s king cab,0.0
cat__model_frontier king cab se,0.0
cat__model_freestar vans sel,0.0
cat__model_freestar ses,0.0
cat__model_freestar se,0.0
cat__model_freestar,0.0
cat__model_forte5 lx hatchback 4d,0.0
cat__model_forte5 lx,0.0
cat__model_forte5,0.0
cat__model_forte sx,0.0
cat__model_forte s automatic,0.0
cat__model_forte lx sedan 4d,0.0
cat__model_3 series m3,0.0
cat__model_forte koup,0.0
cat__model_forte fe cvt,0.0
cat__model_forte ex hatchback,0.0
cat__model_forte 5-door,0.0
cat__model_forte 5 lx,0.0
cat__model_forte 4dr sdn lx,0.0
cat__model_freestyle,0.0
cat__model_freestyle limited,0.0
cat__model_freightliner bluebird,0.0
cat__model_frontier 2wd crew cab swb auto sv,0.0
cat__model_frontier king cab s,0.0
cat__model_frontier king cab 4x2 s auto,0.0
cat__model_frontier king cab,0.0
cat__model_frontier crew cab sl,0.0
cat__model_frontier crew cab s,0.0
cat__model_frontier crew cab,0.0
cat__model_frontier 4x4,0.0
cat__model_frontier 2wd,0.0
cat__model_freightliner bus,0.0
cat__model_3 series 4dr sdn 328i rwd,0.0
cat__model_freightliner m2 106,0.0
cat__model_freightliner m2,0.0
cat__model_freightliner columbia,0.0
cat__model_freightliner cascadia sleeper,0.0
cat__model_3 series gran turismo,0.0
cat__model_freightliner business class m2,0.0
cat__model_firehawk,0.0
cat__model_firebird trans am,0.0
cat__model_g20,0.0
cat__model_f25,0.0
cat__model_f150 xlt supercrew 4x4,0.0
cat__model_f150 xlt sport 4x4 half ton,0.0
cat__model_f150 xlt sport 4x4 1/2 ton,0.0
cat__model_f150 xlt fx4 4x4 half ton,0.0
cat__model_f150 xlt fx4 4x4 1/2 ton,0.0
cat__model_f150 xlt ext cab,0.0
cat__model_f150 xlt 4x4 half ton gas,0.0
cat__model_f150 xlt 4wd f-150 4x4,0.0
cat__model_f150 xlt 4wd,0.0
cat__model_f150 xl reg cab,0.0
cat__model_f150 xl,0.0
cat__model_f150 supercrew fx4 4x4,0.0
cat__model_f150 supercrew cab xl,0.0
cat__model_300 touring,0.0
cat__model_300 touring l sedan 4d,0.0
cat__model_f150 supercrew 4x4,0.0
cat__model_f150 supercrew,0.0
cat__model_f150 xlt xtr 4x4 1/2 ton,0.0
cat__model_300 series touring,0.0
cat__model_f150 super crew 4x4 xlt,0.0
cat__model_300 series limited,0.0
cat__model_f250 super duty crew,0.0
cat__model_f250 super duty cab xl,0.0
cat__model_f250 super duty 7.3 diesel,0.0
cat__model_300 s awd,0.0
cat__model_300 sedan 4d,0.0
cat__model_f250 srw,0.0
cat__model_f250 sd xlt,0.0
cat__model_f250 r/cabl/bed,0.0
cat__model_f250 powerstroke lariat,0.0
cat__model_f250 powerstroke diesel,0.0
cat__model_300 series,0.0
cat__model_f250 lariat crew cab sd lb,0.0
cat__model_f250 king ranch,0.0
cat__model_f250 extra cab 4x4 diesel,0.0
cat__model_f250 ext cab 4x4,0.0
cat__model_f250 ext cab,0.0
cat__model_f250 diesel,0.0
cat__model_f150 super crew cab 4x4,0.0
cat__model_f150 super crew,0.0
cat__model_firebird t-top,0.0
cat__model_f150 lariat 4x4 1/2 ton gas,0.0
cat__model_f150 lariat 4wd f-150,0.0
cat__model_300 touring édition,0.0
cat__model_f150 fx4 off road,0.0
cat__model_f150 fx4 4x4,0.0
cat__model_f150 fx2 rwd half ton gas,0.0
cat__model_f150 fx/2 sport,0.0
cat__model_f150 extra cab,0.0
cat__model_f150 cab fx2,0.0
cat__model_f150 4x4 platinum,0.0
cat__model_f150 4x4,0.0
cat__model_300-series,0.0
cat__model_f100 custom,0.0
cat__model_3000gt vr-4,0.0
cat__model_f-type r,0.0
cat__model_f-type coupe 2d,0.0
cat__model_f-pace 35t r-sport suv 4d,0.0
cat__model_f-pace 35t premium sport,0.0
cat__model_f150 lariat 4x4,0.0
cat__model_f150 lariat 4x4 half ton,0.0
cat__model_f150 super cab xlt pickup,0.0
cat__model_f150 lariat ecoboost 4wd,0.0
cat__model_f150 super cab xlt,0.0
cat__model_300 touring sedan 4d,0.0
cat__model_f150 super cab lariat,0.0
cat__model_f150 stx 4x4 half ton gas,0.0
cat__model_f150 stx 4wd,0.0
cat__model_f150 stx,0.0
cat__model_f150 regular cab xlt pickup,0.0
cat__model_f150 regular cab,0.0
cat__model_f150 raptor,0.0
cat__model_f150 platinum fx4 4x4 gas,0.0
cat__model_f150 platinum 4x4 1/2 ton,0.0
cat__model_f150 platinum 4x4,0.0
cat__model_f150 platinum,0.0
cat__model_f150 lightning svt,0.0
cat__model_f150 lariat supercrew 4x4,0.0
cat__model_f150 lariat sport 4x4 gas,0.0
cat__model_f150 lariat fx4 4x4 1/2 ton,0.0
cat__model_f250 super duty crew cab xl,0.0
cat__model_f250 super duty diesel,0.0
cat__model_f250 super duty lariat,0.0
cat__model_f800,0.0
cat__model_f700,0.0
cat__model_f650,0.0
cat__model_f59,0.0
cat__model_f550 xl - 12ft flatbed -,0.0
cat__model_f550 superduty xl,0.0
cat__model_f550 super duty regular cab & chassis,0.0
cat__model_f550 mechanics truck,0.0
cat__model_f550 bus,0.0
cat__model_f550 4x4 crew cab,0.0
cat__model_f550 4x4,0.0
cat__model_300 john varvatos,0.0
cat__model_f5,0.0
cat__model_300 limited,0.0
cat__model_f450 super duty crew cab & chassis,0.0
cat__model_300 limited awd,0.0
cat__model_f450 super duty crew,0.0
cat__model_f450 super duty,0.0
cat__model_f750 dump,0.0
cat__model_f800 dump truck,0.0
cat__model_f250 super duty regular cab,0.0
cat__model_f800 flatbed stakebed truck,0.0
cat__model_firebird formula,0.0
cat__model_fiesta st line,0.0
cat__model_fiesta st,0.0
cat__model_fiesta ses manual,0.0
cat__model_fiesta ses,0.0
cat__model_fiesta sel,0.0
cat__model_fiesta se w/ backup camera,0.0
cat__model_fiesta se sedan,0.0
cat__model_fiesta se - new tires - gas saver - just smogged -,0.0
cat__model_fiesta s sedan,0.0
cat__model_fiesta s,0.0
cat__model_fiesta hb s,0.0
cat__model_fiero,0.0
cat__model_falcon sprint,0.0
cat__model_falcon,0.0
cat__model_fairlane 500,0.0
cat__model_fairlane,0.0
cat__model_f450 sd,0.0
cat__model_f450,0.0
cat__model_f350 xlt lariat 6.2gas,0.0
cat__model_f350 xl crew 4x4 diesel,0.0
cat__model_f350 diesel,0.0
cat__model_f350 deisel powerstroke 4x4,0.0
cat__model_f350 crew flatbed dually,0.0
cat__model_f350 crew dually,0.0
cat__model_f350 crew cab,0.0
cat__model_f350 4x4,0.0
cat__model_f350 4x2 reg cab,0.0
cat__model_f350 2wd,0.0
cat__model_300 s,0.0
cat__model_f250sd,0.0
cat__model_f250 xlt super cab,0.0
cat__model_f250 xlt,0.0
cat__model_f250 xl crew sb,0.0
cat__model_f250 xl,0.0
cat__model_f250 supercrew,0.0
cat__model_f250 super duty xlt,0.0
cat__model_f250 super duty super cab,0.0
cat__model_f350 diesel dually,0.0
cat__model_f350 diesel powerstroke 4x4,0.0
cat__model_f350 diesels powerstroke,0.0
cat__model_f350 super duty diesel,0.0
cat__model_f350 xl,0.0
cat__model_f350 super duty super cab,0.0
cat__model_f350 super duty regular cab & chassis,0.0
cat__model_f350 super duty regular ca,0.0
cat__model_f350 super duty lariet,0.0
cat__model_f350 super duty lariat,0.0
cat__model_f350 super duty drw,0.0
cat__model_f350 super duty crew cab x,0.0
cat__model_f350 dually,0.0
cat__model_f350 super duty crew cab,0.0
cat__model_f350 super duty 4x4,0.0
cat__model_300 limited sedan 4d,0.0
cat__model_f350 lariat,0.0
cat__model_f350 king ranch 6.0,0.0
cat__model_f350 king ranch,0.0
cat__model_f350 flatbed,0.0
cat__model_g10,0.0
cat__model_g20 van,0.0
cat__model_f-pace 25t prestige sport,0.0
cat__model_hyndai santa fe,0.0
cat__model_huyndai sonata,0.0
cat__model_hundai sonata,0.0
cat__model_hummer h3 alpha,0.0
cat__model_hummer h3,0.0
cat__model_3 series 325xi 4dr wagon,0.0
"cat__model_hse**v8,",0.0
cat__model_hse 4x4 s,0.0
cat__model_hse,0.0
cat__model_hs,0.0
cat__model_hr-v touring sport utility,0.0
cat__model_hr-v ex-l w/navi,0.0
cat__model_hr-v ex-l awd,0.0
cat__model_hr-v ex,0.0
cat__model_hiunday elantra,0.0
cat__model_hino 338,0.0
cat__model_hino 268,0.0
cat__model_hino 165,0.0
cat__model_hyndai elantra,0.0
cat__model_hyndai sonata,0.0
cat__model_highlander xle v-6,0.0
cat__model_hyundia elantra,0.0
cat__model_impala ls,0.0
cat__model_impala limited ltz,0.0
cat__model_3 series 320i,0.0
cat__model_imapla limited lt,0.0
cat__model_ilx special edition sedan,0.0
cat__model_3 series 325i,0.0
cat__model_ilx sedan,0.0
cat__model_ilx premium,0.0
cat__model_ilx prem atech,0.0
cat__model_ilx 2.0l sedan 4d,0.0
cat__model_3 series 325xi,0.0
cat__model_i8,0.0
cat__model_i35,0.0
cat__model_i3 range extender hatchback,0.0
cat__model_i3 hatchback 4d,0.0
cat__model_i3 base w/range extender,0.0
cat__model_i3,0.0
cat__model_higlander,0.0
cat__model_highlander xle sport,0.0
cat__model_gs350,0.0
cat__model_3 series 328i,0.0
cat__model_hardtop 2 door cooper,0.0
cat__model_hardtop 2 door,0.0
cat__model_hardtop,0.0
cat__model_gx470 awd,0.0
cat__model_gx470,0.0
cat__model_gx460,0.0
cat__model_gx 470 4wd,0.0
cat__model_gx 470 4dr suv,0.0
cat__model_gx 460 luxury sport,0.0
cat__model_gx 460,0.0
cat__model_gx,0.0
cat__model_3 series 328i gran turismo,0.0
cat__model_gti wolfsburg edition,0.0
cat__model_gti se,0.0
cat__model_gti golf s se,0.0
cat__model_gti 2.0l turbo pzev 2,0.0
cat__model_gt-r,0.0
cat__model_hardtop 2 door cooper s,0.0
cat__model_hardtop 4 door cooper,0.0
cat__model_highlander xle,0.0
cat__model_hardtop convertible,0.0
cat__model_highlander sport 4x4,0.0
cat__model_highlander sport,0.0
cat__model_highlander se,0.0
cat__model_highlander limited,0.0
cat__model_highlander le sport,0.0
cat__model_highlander le,0.0
"cat__model_4runner sr5 sport* full new build* new bilstein toytec lift* new 33"" bf goodrich ko2 tires*new 17"" black rhino wheels*new timing belt &water pump* full service*like new in & out",0.0
cat__model_highlander hybrid limited,0.0
cat__model_highlander hybrid le,0.0
cat__model_highlander hybrid awd,0.0
cat__model_3 series 328d xdrive sport,0.0
cat__model_hiace van,0.0
cat__model_hiace,0.0
cat__model_hhr lt,0.0
cat__model_hhr ls_panel 4dr wagon,0.0
cat__model_hd2500,0.0
cat__model_hardtop cooper hatchback,0.0
cat__model_impala lt fleetsedan,0.0
cat__model_impala lt limited,0.0
cat__model_impala lt sedan,0.0
cat__model_ion,0.0
cat__model_intrepid,0.0
cat__model_international terrastar,0.0
cat__model_international prostar,0.0
cat__model_international durastar 4200,0.0
cat__model_international 9200i eagle,0.0
cat__model_international 9200i,0.0
cat__model_international 7500,0.0
cat__model_international 4900,0.0
cat__model_international 4700,0.0
cat__model_international 4400,0.0
cat__model_international 4300 dt466,0.0
cat__model_international 4300,0.0
cat__model_international 4200,0.0
cat__model_international,0.0
cat__model_integra type r,0.0
cat__model_integra,0.0
cat__model_insight touring,0.0
cat__model_invita,0.0
cat__model_ion 2,0.0
cat__model_impala lt sedan 4d,0.0
cat__model_ion 3,0.0
cat__model_is 300,0.0
cat__model_is 250c convertible 2d,0.0
cat__model_is 250 nav 1 owner,0.0
cat__model_is 250 crafted line sedan,0.0
cat__model_is 250 awd,0.0
cat__model_is 250 4dr sport sdn auto,0.0
cat__model_is 200t,0.0
cat__model_is 200 turbo,0.0
cat__model_is,0.0
cat__model_ioniq plug-in hybrid,0.0
cat__model_ioniq hybrid limited,0.0
cat__model_ioniq hybrid,0.0
cat__model_ion sedan,0.0
cat__model_ion redline,0.0
cat__model_ion quad coupe,0.0
cat__model_ion level 2,0.0
cat__model_ion ion 2,0.0
cat__model_insight hybrid,0.0
cat__model_insight ex sedan 4d,0.0
cat__model_insight ex,0.0
cat__model_insight,0.0
cat__model_impreza hatchback,0.0
cat__model_impreza awd gas wagon,0.0
cat__model_impreza awd 4d sedan,0.0
cat__model_impreza awd,0.0
cat__model_impreza 2.5i premium,0.0
cat__model_impreza 2.5i,0.0
cat__model_impreza 2.0i sport premiu,0.0
cat__model_impreza 2.0i sedan 4d,0.0
cat__model_impreza 2.0i premium,0.0
cat__model_impreza 2.0i limited,0.0
cat__model_impreza 2.0i,0.0
cat__model_3 series 318isa,0.0
cat__model_impala ss,0.0
cat__model_impala premier sedan,0.0
cat__model_impala police package,0.0
cat__model_impala police,0.0
cat__model_impala ltz,0.0
"cat__model_impreza limited awd, w/ leather, navigation",0.0
cat__model_impreza outback sport,0.0
cat__model_impreza premium,0.0
cat__model_impreza wrx limited sedan,0.0
cat__model_imprza limited wagon,0.0
cat__model_impreza wrx wagon,0.0
cat__model_impreza wrx sti limited build engine gt35 turbo leather moon 600hp,0.0
cat__model_impreza wrx sti,0.0
cat__model_impreza wrx sport wagon,0.0
cat__model_impreza wrx sedan 4d,0.0
cat__model_impreza wrx premium hatch,0.0
cat__model_impreza wrx,0.0
cat__model_impreza sedan,0.0
cat__model_impreza wagon wrx wrx,0.0
cat__model_impreza wagon wrx,0.0
cat__model_impreza sport wagon awd,0.0
cat__model_impreza sport - awd - rear camera - lane keep assi,0.0
cat__model_impreza sport,0.0
"cat__model_3 series **navigation,",0.0
cat__model_impreza sedan 4d,0.0
cat__model_gs400,0.0
cat__model_gs300 awd,0.0
cat__model_g25,0.0
cat__model_gla250,0.0
cat__model_gla-class,0.0
cat__model_gla gla 250,0.0
cat__model_gla 250 sport,0.0
cat__model_3 series 335i convertible 2d,0.0
cat__model_gl450 4matic 4wd l,0.0
cat__model_gl450 4matic,0.0
cat__model_gl450 4 matic,0.0
cat__model_gl450,0.0
cat__model_gl-class gl 450,0.0
cat__model_3 series 335i sedan 4d,0.0
cat__model_gl class,0.0
cat__model_gl 550,0.0
cat__model_gl 450,0.0
cat__model_gl 350 bluetec local trade*80k msrp*prem pkg*lighting pkg*pano roof* appearance pkg* brown black leather* dvd* tow pkg,0.0
cat__model_geo prizm,0.0
cat__model_geo prism,0.0
cat__model_genesis sedan,0.0
cat__model_gla-class gla 45,0.0
cat__model_3 series 335i,0.0
cat__model_genesis coupe 3.8 track,0.0
cat__model_gladiator overland,0.0
cat__model_gle-class,0.0
cat__model_gle 350 sport,0.0
cat__model_gle 350 4matic,0.0
cat__model_gle 350,0.0
cat__model_glc-class glc300,0.0
cat__model_glc-class,0.0
cat__model_glc glc 300 4matic awd,0.0
cat__model_glc glc 300 4mati,0.0
cat__model_3 series 330i,0.0
cat__model_glc 300 sport,0.0
cat__model_glc 300 4matic awd,0.0
cat__model_glc 300 4matic,0.0
cat__model_3 series 330i gran turismo,0.0
cat__model_glb 250 sport,0.0
cat__model_gladiator sport pickup 4d 5,0.0
cat__model_gladiator rubicon only 9k,0.0
cat__model_gladiator rubicon,0.0
cat__model_genesis g80,0.0
cat__model_genesis coupe 3.8,0.0
cat__model_gs300,0.0
cat__model_g5 gt,0.0
cat__model_g37x awd luxury car,0.0
cat__model_g37x awd,0.0
cat__model_g37x,0.0
cat__model_g37 sedan x,0.0
cat__model_g37 sedan,0.0
cat__model_g37 coupe,0.0
cat__model_g37 convertible,0.0
cat__model_g37,0.0
cat__model_g35s,0.0
cat__model_g3500 express van,0.0
cat__model_g3500,0.0
cat__model_g35 coupe,0.0
cat__model_g35,0.0
cat__model_g30 van,0.0
cat__model_g3,0.0
cat__model_g2500 vans,0.0
cat__model_g25 sedan,0.0
cat__model_g37x coupe,0.0
cat__model_g6,0.0
cat__model_genesis coupe,0.0
cat__model_g6 114k miles ecotec 2.4l i4 169hp 160ft.,0.0
cat__model_genesis 3.8l v6 4d sedan,0.0
cat__model_genesis,0.0
cat__model_general,0.0
cat__model_gem,0.0
cat__model_geand cherokee overland,0.0
cat__model_galaxie convertible 500,0.0
cat__model_galaxie 500 xl,0.0
cat__model_galaxie 500 2 door,0.0
cat__model_galaxie 500,0.0
cat__model_galaxie,0.0
cat__model_galant sport,0.0
cat__model_galant es 4dr sedan,0.0
cat__model_galant,0.0
cat__model_g8 gt,0.0
cat__model_g8,0.0
cat__model_g63,0.0
cat__model_g6 gt,0.0
cat__model_gle350,0.0
cat__model_glk 350,0.0
cat__model_glk-class,0.0
cat__model_grand cherokee overland 4x4,0.0
cat__model_grand cherokee overland 4d sport utility automatic,0.0
cat__model_grand cherokee overland,0.0
cat__model_grand cherokee limited x,0.0
cat__model_grand cherokee limited 5.9,0.0
cat__model_grand cherokee limited 4x4,0.0
cat__model_grand cherokee limited 4wd,0.0
cat__model_grand cherokee limited,0.0
cat__model_grand cherokee laredo sport,0.0
cat__model_grand cherokee laredo e,0.0
cat__model_grand cherokee laredo 4wd,0.0
cat__model_grand cherokee high 4x4,0.0
cat__model_grand cherokee altitude 4,0.0
cat__model_grand cherokee altitude,0.0
cat__model_grand cherokee 4x4,0.0
cat__model_grand cherokee 4wd 4dr laredo,0.0
cat__model_grand cherokee 4dr overla,0.0
cat__model_grand carvan,0.0
cat__model_grand cherokee overland 4wd,0.0
cat__model_grand cherokee se wj,0.0
cat__model_glk-class glk 350,0.0
cat__model_grand cherokee srt,0.0
cat__model_gs 455,0.0
cat__model_gs 400,0.0
cat__model_gs 350 sedan 4d,0.0
cat__model_gs 350 base,0.0
cat__model_gs 350 awd,0.0
cat__model_gs 300,0.0
cat__model_gs 200t sedan 4d,0.0
cat__model_gs,0.0
cat__model_grand wagoneer,0.0
cat__model_grand prix gtp,0.0
cat__model_grand prix,0.0
cat__model_grand marquis ls,0.0
cat__model_grand marquis gs,0.0
cat__model_3 series 328i sedan 4d,0.0
cat__model_grand cherokee trailhawk,0.0
cat__model_grand cherokee summit,0.0
"cat__model_grand cherokee srt-8*v8,6.",0.0
cat__model_grand caravan wheelchair,0.0
cat__model_grand caravan wgn,0.0
cat__model_grand caravan sxt handicap,0.0
cat__model_grand caravan sxt automatic,0.0
cat__model_golf tdi,0.0
cat__model_golf sportwagen tdi s,0.0
cat__model_golf sportwagen,0.0
cat__model_golf s,0.0
cat__model_golf r 4motion,0.0
cat__model_golf r,0.0
cat__model_golf gti se hatchback,0.0
cat__model_golf gti rabbit,0.0
cat__model_3 series 328ix,0.0
cat__model_golf awd sportwagon,0.0
cat__model_golf alltrack tsi se,0.0
cat__model_golf alltrack tsi s,0.0
cat__model_gls-class,0.0
cat__model_gls gls 450,0.0
cat__model_3 series 328xi,0.0
cat__model_gls 450 4matic,0.0
cat__model_glk350 4matic awd,0.0
cat__model_golf tdi hatchback 4d,0.0
cat__model_golf tdi se hatchback,0.0
cat__model_golf tsi se hatchback,0.0
cat__model_grand caravan cargo van,0.0
cat__model_grand caravan se,0.0
cat__model_grand caravan rt,0.0
cat__model_grand caravan passenger,0.0
cat__model_grand caravan mainstreet,0.0
cat__model_grand caravan hero,0.0
cat__model_grand caravan gt,0.0
cat__model_grand caravan crew,0.0
cat__model_3 series 328i xdrive awd,0.0
cat__model_golf tsi sel,0.0
cat__model_grand am gt,0.0
cat__model_grand am,0.0
cat__model_granada,0.0
cat__model_gran cherokee laredo 4x4,0.0
cat__model_gr supra,0.0
cat__model_gr cherokee limited 4x4,0.0
cat__model_golf wagon 4motion,0.0
cat__model_f-pace 25t sport utility,0.0
cat__model_f-pace 25t premium,0.0
cat__model_crosstrek limited,0.0
cat__model_e350 4matic awd,0.0
cat__model_e350,0.0
cat__model_e320 4matic,0.0
cat__model_e300,0.0
cat__model_e250 econoline van,0.0
cat__model_e250 econoline cargo van,0.0
cat__model_e250 econoline,0.0
cat__model_e250 cargo van,0.0
cat__model_e200 a econoline van,0.0
cat__model_e150 econoline van,0.0
cat__model_e150 econoline,0.0
cat__model_e150 cargo van,0.0
cat__model_e-series wagon e-350 sd xl,0.0
cat__model_e-series cutaway,0.0
cat__model_e-series chassis,0.0
cat__model_e-series cargo,0.0
cat__model_330 xi,0.0
cat__model_e-pace p300 r-dynamic s,0.0
cat__model_e350 2016,0.0
cat__model_e350 4matic sport,0.0
cat__model_e-pace p250 se sport,0.0
cat__model_e350 box truck,0.0
cat__model_eclipse cross es 4x4,0.0
cat__model_eclipse convertible,0.0
cat__model_eclipse,0.0
cat__model_echo,0.0
cat__model_eagle talon,0.0
cat__model_eacape,0.0
cat__model_e500 4-matic,0.0
cat__model_e450 bus,0.0
cat__model_e450,0.0
cat__model_e350 van,0.0
cat__model_e350 super duty,0.0
cat__model_e350 sport 4matic,0.0
cat__model_e350 sport 3.5l,0.0
cat__model_e350 sport,0.0
cat__model_e350 sd extended cargo van,0.0
cat__model_e350 luxury 3.5l,0.0
cat__model_e350 cutaway,0.0
cat__model_e-pace p250 sport utility,0.0
cat__model_e-pace p250 s sport,0.0
cat__model_durango r/t,0.0
cat__model_e-150,0.0
cat__model_e 400 4matic wago,0.0
cat__model_e 400,0.0
cat__model_e 3500 10 ft.box comme,0.0
cat__model_e 350 super duty,0.0
cat__model_e 350 luxury,0.0
cat__model_e 350,0.0
cat__model_e 300,0.0
cat__model_e 250,0.0
cat__model_e 150,0.0
cat__model_durango sxt sport utility,0.0
cat__model_durango sxt awd gas suv,0.0
cat__model_durango sxt awd,0.0
cat__model_330xi xdrive awd sport sedan,0.0
cat__model_durango srt,0.0
cat__model_durango sport,0.0
cat__model_durango slt,0.0
cat__model_durango r/t awd gas suv,0.0
cat__model_e class 4matic,0.0
cat__model_e-150 cargo van,0.0
cat__model_e-golf sel premium,0.0
cat__model_e-150 transit,0.0
cat__model_e-golf se hatchback,0.0
cat__model_e-golf,0.0
cat__model_e-class e350 sport,0.0
cat__model_e-class e350 4matic luxury sedan,0.0
cat__model_e-class e350,0.0
cat__model_330ci,0.0
cat__model_330ci convertible,0.0
cat__model_330i,0.0
cat__model_330xi,0.0
cat__model_e-class e 320,0.0
cat__model_e-class 2dr,0.0
cat__model_330xi awd,0.0
cat__model_e-450,0.0
cat__model_e-350sd commercial,0.0
cat__model_e-320 sedan,0.0
cat__model_e-250 xlt econoline van,0.0
cat__model_e-250,0.0
cat__model_eclipse cross le,0.0
cat__model_eclipse cross sel,0.0
cat__model_eclipse cross sp,0.0
cat__model_eldorado etc,0.0
"cat__model_elantra value edition - 3 months / 3,000 miles limited warranty",0.0
cat__model_elantra touring wagon,0.0
cat__model_elantra sesedan 6a,0.0
cat__model_elantra sel auto,0.0
cat__model_elantra sel,0.0
cat__model_elantra se sedan 4d,0.0
cat__model_elantra se,0.0
cat__model_elantra limited pzev,0.0
cat__model_elantra limited,0.0
cat__model_elantra gt sport,0.0
cat__model_elantra gt hatchback 4d,0.0
cat__model_elantra gt hatchback,0.0
cat__model_328xdrive,0.0
cat__model_elantra gls pzev,0.0
cat__model_elantra gls 4dr sedan 6,0.0
cat__model_elantra gls 4dr sedan,0.0
cat__model_elantra gls 4 dr sedan,0.0
cat__model_eldorado esc,0.0
cat__model_eldorodo,0.0
cat__model_eclipse gs,0.0
cat__model_element,0.0
cat__model_enclave leather,0.0
cat__model_enclave essence awd,0.0
cat__model_enclave cxl-1,0.0
cat__model_enclave cxl fwd 6-speed automatic,0.0
cat__model_enclave cxl awd,0.0
cat__model_enclave cxl,0.0
cat__model_enclave convenience sport,0.0
cat__model_enclave awd gas suv auto,0.0
cat__model_enclave awd,0.0
cat__model_328ic,0.0
cat__model_em50vc,0.0
cat__model_elr coupe 2d,0.0
cat__model_element sc,0.0
cat__model_element lx,0.0
cat__model_element ex sport utility,0.0
cat__model_element ex 4wd at w/ front side airbags,0.0
cat__model_element ex,0.0
cat__model_elantra gls,0.0
cat__model_elantra 4dr sdn auto sport (ulsan plant),0.0
cat__model_328xi,0.0
cat__model_el camino conquista,0.0
cat__model_edge limited 4dr crossove,0.0
cat__model_edge 4dr se,0.0
cat__model_328xi wagon,0.0
cat__model_ecosport titanium suv,0.0
cat__model_ecosport titanium awd,0.0
cat__model_ecosport ses 4wd,0.0
cat__model_ecosport ses,0.0
cat__model_ecosport se,0.0
cat__model_econoline wagon,0.0
cat__model_328xi xdrive awd,0.0
cat__model_econoline commercial cutaw,0.0
cat__model_econoline commercial,0.0
cat__model_328xi xdrive coupe,0.0
cat__model_330 ci convertible,0.0
cat__model_eclipse spyder gt,0.0
cat__model_eclipse spyder,0.0
cat__model_eclipse gs-t,0.0
cat__model_edge limited awd,0.0
cat__model_edge limited wagon,0.0
cat__model_edge se,0.0
cat__model_edge sel turbo,0.0
cat__model_edsel,0.0
cat__model_edge titanium awd 4dr,0.0
cat__model_edge titanium,0.0
cat__model_edge st line,0.0
cat__model_edge sport awd gas suv auto,0.0
cat__model_edge sport awd,0.0
cat__model_edge sport,0.0
cat__model_edge sel suv,0.0
cat__model_edge se 74k ecoboost backup camera,0.0
cat__model_edge sel sport utility 4d,0.0
cat__model_edge sel plus awd,0.0
cat__model_edge sel plus,0.0
cat__model_edge sel awd gas suv auto,0.0
cat__model_edge sel awd,0.0
cat__model_edge se suv,0.0
cat__model_edge se awd,0.0
cat__model_durango r/t awd,0.0
cat__model_durango limited,0.0
cat__model_enclave premium,0.0
cat__model_cts 2.0 luxury sedan 4d,0.0
cat__model_ct6 plug-in sedan 4d,0.0
cat__model_ct6 platinum,0.0
cat__model_ct6 2.0 turbo luxury,0.0
cat__model_ct6,0.0
cat__model_ct5 premium luxury,0.0
cat__model_ct5 luxury sedan 4d,0.0
cat__model_ct4 sport sedan 4d,0.0
cat__model_335i xdrive,0.0
cat__model_ct4,0.0
cat__model_ct200h hybrid,0.0
cat__model_ct 200h premium hatchback,0.0
cat__model_ct 200h premium,0.0
cat__model_ct 200h hybrid,0.0
cat__model_ct 200h hatchback 4d,0.0
cat__model_ct 200h,0.0
cat__model_ct 200,0.0
cat__model_ct,0.0
cat__model_cts 2.0 luxury,0.0
cat__model_cts 2.0 standard sedan,0.0
cat__model_crv-l,0.0
cat__model_cts 3.6 luxury sedan 4d,0.0
cat__model_custom,0.0
cat__model_cummins 2500 laramie,0.0
cat__model_cummins 2500,0.0
cat__model_cube s,0.0
cat__model_cube 1.8 sl,0.0
cat__model_cts4,0.0
cat__model_cts-v coupe,0.0
cat__model_cts sedan sedan 3.0l,0.0
cat__model_cts sedan 4d,0.0
cat__model_cts sedan,0.0
cat__model_cts luxury collection,0.0
cat__model_cts luxury,0.0
cat__model_cts cts-v sedan 4d,0.0
cat__model_335i sport,0.0
cat__model_cts coupe,0.0
cat__model_cts 4,0.0
cat__model_cts 3.6 premium,0.0
cat__model_crz,0.0
cat__model_crv touring awd,0.0
cat__model_durango gt sport utility,0.0
cat__model_cruze ls sedan 4d,0.0
cat__model_cruze ls auto,0.0
cat__model_cruze ls,0.0
cat__model_cruze limited ltz,0.0
cat__model_cruze limited 4dr sdn auto lt w/1lt,0.0
cat__model_cruze diesel,0.0
cat__model_cruze 1lt,0.0
cat__model_cruze - new tires - gas saver - great commuter car,0.0
cat__model_335xi,0.0
cat__model_cruise,0.0
cat__model_crown victoria police inter,0.0
cat__model_340i m sport package,0.0
cat__model_crown victoria p71,0.0
cat__model_crown victoria lx sport,0.0
cat__model_crown victoria interceptor,0.0
cat__model_crown vic,0.0
cat__model_crosstrek xv,0.0
cat__model_crosstrek premium,0.0
"cat__model_cruze ls automatic, g",0.0
cat__model_cruze lt automatic,0.0
cat__model_crv lx,0.0
cat__model_cruze lt diesel sedan,0.0
cat__model_crv exl 4wd,0.0
cat__model_crv ex-l awd,0.0
cat__model_crv ex-l,0.0
cat__model_crv ex awd,0.0
cat__model_crv ex 4wd,0.0
cat__model_crv ex,0.0
cat__model_crv awd,0.0
cat__model_crv 4x4,0.0
cat__model_crv 4wd,0.0
cat__model_cruze rs,0.0
cat__model_cruze ltz auto,0.0
cat__model_cruze ltz,0.0
cat__model_cruze lt w/1lt full p,0.0
cat__model_cruze lt turbo,0.0
cat__model_cruze lt sedan 4d,0.0
cat__model_cruze lt hatchback 4d,0.0
cat__model_cruze lt fwd gas sedan,0.0
cat__model_custom sedan v8 flathead fwd,0.0
cat__model_customline,0.0
cat__model_cw5500,0.0
cat__model_diesel cummins 1500,0.0
cat__model_deville dts,0.0
cat__model_des-Benz CLA,0.0
cat__model_denali,0.0
cat__model_deluxe hardtop convertible,0.0
cat__model_delica space gear,0.0
cat__model_del sol,0.0
cat__model_deisel cummins 3500,0.0
cat__model_defender 90,0.0
cat__model_defender 110,0.0
cat__model_decota,0.0
cat__model_dealer* luxury pkg* rear dvd* preffered pkg*mark levinson*2-keys*like new,0.0
cat__model_de ville,0.0
cat__model_daytona 1500,0.0
cat__model_davidson heritage,0.0
cat__model_davidson dyna v,0.0
cat__model_davidson dyna fat bob,0.0
cat__model_davidson,0.0
cat__model_diamante vrx,0.0
cat__model_diesel cummins 3500,0.0
cat__model_cx 30,0.0
cat__model_discovery,0.0
cat__model_durango gt plus sport,0.0
cat__model_durango gt awd gas suv,0.0
cat__model_durango crew awd gas suv,0.0
cat__model_durango crew awd,0.0
cat__model_durango crew,0.0
cat__model_durango citadel awd gas,0.0
cat__model_durango 4dr crew,0.0
"cat__model_335 x-drive, saddle brown interior, sharp & serviced",0.0
cat__model_dump truck,0.0
cat__model_dually,0.0
cat__model_dts sedan 4d,0.0
cat__model_335i,0.0
cat__model_discovery sport hse,0.0
cat__model_discovery sport,0.0
cat__model_discovery se sport,0.0
cat__model_discovery ii,0.0
cat__model_discovery hse,0.0
cat__model_dart swinger,0.0
cat__model_dart srt,0.0
cat__model_dart rallye,0.0
cat__model_dart ltd,0.0
cat__model_cx-9,0.0
cat__model_cx-7 touring,0.0
cat__model_cx-7 sv,0.0
cat__model_cx-7 sport,0.0
cat__model_cx-7,0.0
cat__model_cx-5 touring sport utility,0.0
cat__model_cx-5 touring awd,0.0
cat__model_cx-5 touring,0.0
cat__model_cx-5 sport suv 4d,0.0
cat__model_cx-5 sport,0.0
cat__model_cx-5 grand touring sport,0.0
cat__model_cx-5 grand touring blind,0.0
cat__model_cx-5 grand touring,0.0
cat__model_335i convertible,0.0
cat__model_cx-30 premium sport,0.0
cat__model_cx-30 preferred sport,0.0
cat__model_cx-3 touring sport utility,0.0
cat__model_cx-9 grand touring,0.0
cat__model_cx-9 grand touring sport,0.0
cat__model_cx-9 touring awd,0.0
cat__model_dakota quad cab,0.0
cat__model_dart limited,0.0
cat__model_dart gt,0.0
cat__model_dart 4dr sdn gt,0.0
cat__model_dakota sport 4x4,0.0
cat__model_dakota sport,0.0
cat__model_dakota slt quad cab,0.0
cat__model_dakota slt 2dr slt,0.0
cat__model_dakota crew cab sport,0.0
cat__model_cx5 grand touring awd gas,0.0
cat__model_dakota crew cab,0.0
cat__model_dakota club cab,0.0
cat__model_dakota 4x4,0.0
cat__model_d21 hardbody,0.0
cat__model_d100,0.0
cat__model_cx9 awd,0.0
cat__model_cx9,0.0
cat__model_enclave leather group,0.0
cat__model_enclave premium awd,0.0
cat__model_f-pace 20d prestige sport,0.0
cat__model_f-150 platinum 4x4,0.0
cat__model_f-150 limited ecoboost,0.0
cat__model_f-150 lifted supercrew xlt 4x4 v6 twin turbo financing,0.0
cat__model_f-150 lariat supercrew,0.0
cat__model_f-150 lariat fx4,0.0
cat__model_f-150 lariat ecoboost 4x4,0.0
cat__model_320i xdrive awd,0.0
cat__model_f-150 lariat 4x4 loaded,0.0
cat__model_f-150 lariat 4x4,0.0
cat__model_f-150 lariat 4wd!crew cab,0.0
cat__model_f-150 lariat,0.0
cat__model_f-150 king ranch 4x4 ecoboo,0.0
cat__model_f-150 king ranch,0.0
cat__model_f-150 fx4 supercrew,0.0
cat__model_f-150 fx4 lifted crew ecoboost 3.5liter,0.0
cat__model_f-150 fx4,0.0
cat__model_f-150 fx2,0.0
cat__model_f-150 fx-4,0.0
cat__model_f-150 platinum,0.0
cat__model_f-150 platinum crew cab 4x4,0.0
cat__model_f-150 custom,0.0
cat__model_f-150 quad cab short box,0.0
cat__model_f-150 xlt automatic,0.0
cat__model_f-150 xlt 4x4 4dr supercrew,0.0
cat__model_f-150 xlt 4x4,0.0
cat__model_f-150 xlt 4wd!crew cab,0.0
cat__model_f-150 xlt 4wd supercrew 5.5' box,0.0
cat__model_318i,0.0
cat__model_f-150 xl standard cab,0.0
cat__model_f-150 xl 4x4,0.0
cat__model_f-150 xl 4wd supercab 6.5' box,0.0
cat__model_320i,0.0
cat__model_320i xdrive,0.0
cat__model_f-150 supercrew platinum 4x,0.0
"cat__model_f-150 supercrew 139"" lariat 4wd",0.0
cat__model_f-150 super cab xlt,0.0
"cat__model_f-150 stx,only 28k miles, almost new, save thousands!!! stx,one owner, only 28k miles, save thousands compared to new!!!",0.0
cat__model_f-150 stx,0.0
cat__model_f-150 raptor,0.0
cat__model_f-150 extended cab,0.0
cat__model_f-150 crew cab xlt 4x4,0.0
cat__model_explorer xlt 4x4,0.0
cat__model_323i,0.0
cat__model_express cargo 3500,0.0
cat__model_325i,0.0
cat__model_express 4500 bus,0.0
cat__model_express 4500,0.0
cat__model_express 3500 handicap van,0.0
cat__model_express 3500 cargo van,0.0
cat__model_express 3500 cargo,0.0
cat__model_express 3500 15 pass,0.0
cat__model_express 3500,0.0
cat__model_express 2500 extended,0.0
cat__model_express 2500 carpet c,0.0
cat__model_express 2500 cargo van,0.0
cat__model_express 2500 - leather seats - recently smogged -,0.0
cat__model_express 1500 cargo van,0.0
cat__model_express 1500,0.0
cat__model_explorer xlt4wd suv,0.0
cat__model_explorer xlt fwd,0.0
cat__model_325ci,0.0
cat__model_express cutaway,0.0
cat__model_f-150 crew cab,0.0
cat__model_express g1500,0.0
cat__model_f-150 4x4,0.0
"cat__model_f-150 4wd supercrew 145"" platinum",0.0
cat__model_f-150 4wd supercrew,0.0
cat__model_323ci,0.0
cat__model_f-100,0.0
cat__model_f super duty,0.0
cat__model_f 750.,0.0
cat__model_f 550,0.0
cat__model_f 150 xlt 4x4 supercrew,0.0
cat__model_f 150 fx4 4x4 supercrew,0.0
cat__model_f,0.0
cat__model_exterra,0.0
cat__model_express van,0.0
cat__model_express passenger ls 2,0.0
cat__model_express lt 3500,0.0
cat__model_express g3500 van,0.0
cat__model_express g3500,0.0
cat__model_f-150 xlt crew cab,0.0
cat__model_f-150 xlt crew cab short b,0.0
cat__model_f-150 xlt fx4crew cab,0.0
cat__model_f-350 xlt crew cab only,0.0
cat__model_f-350 xl cab & chassis,0.0
cat__model_f-350 xl,0.0
cat__model_f-350 super duty xlt 4x4 4d,0.0
cat__model_f-350 super duty xlt 4dr supercab xlt,0.0
cat__model_f-350 super duty xlt 4dr s,0.0
cat__model_f-350 super duty xlt,0.0
cat__model_f-350 super duty super duty,0.0
cat__model_f-350 super duty lariat 4dr crew cab lb drw,0.0
cat__model_f-350 super duty drw,0.0
cat__model_300s,0.0
cat__model_f-350 super dut,0.0
cat__model_f-350 sd xl crew cab lwb,0.0
cat__model_f-350 sd,0.0
cat__model_f-350 lariat,0.0
cat__model_f-350 ext cab xl 4x4,0.0
cat__model_f-350 dually diesel 4x4,0.0
cat__model_f-350 diesel 4x4 7.3l power stroke turbo diesel crew cab dually xlt,0.0
cat__model_f-350 xlt 4x4,0.0
cat__model_f-350.,0.0
cat__model_f-150 xlt lariat,0.0
cat__model_300m,0.0
cat__model_f-pace 20d premium sport,0.0
cat__model_f-pace 20d,0.0
cat__model_3000gt vr4,0.0
cat__model_300c,0.0
cat__model_f-650 sd,0.0
cat__model_300c awd,0.0
cat__model_f-550 xl,0.0
cat__model_f-550 4x4 flatbed,0.0
cat__model_f-450sd,0.0
cat__model_f-450 xlt,0.0
cat__model_f-450 super duty lariat,0.0
cat__model_f-450 super cab,0.0
cat__model_300c hemi,0.0
cat__model_f-450 crew cab xl 4x2 dump bed drw,0.0
cat__model_f-450 crew cab dump truck 6,0.0
cat__model_f-450 4x4 flatbed truck,0.0
cat__model_300d sedan,0.0
cat__model_f-350 crew cab dump bed 4x4 drw,0.0
cat__model_f-350 crew cab,0.0
cat__model_f-350 crane,0.0
cat__model_f-350 6.7 powerstroke diesel 4x4 dually with utility bed,0.0
cat__model_f-250 stx,0.0
cat__model_f-250 sd king ranch,0.0
cat__model_f-250 platinum crew cab 4wd,0.0
cat__model_f-250 lifted,0.0
cat__model_f-250 diesel truck 6.7l super duty lariat,0.0
cat__model_f-250 diesel truck 6.7l lariat ext cab long bed,0.0
cat__model_f-250 crew cab xl 4x4,0.0
cat__model_f-250 crew cab king ranch 4x4,0.0
cat__model_f-250 4x4 super duty 5.4l triton v8 ext cab short bed fabtech lift one owner,0.0
cat__model_f-250 4x4 7.3,0.0
cat__model_f-250 4x2 service utility truck,0.0
cat__model_f-250 4wd highboy f250,0.0
cat__model_300zx coupe with t-tops,0.0
cat__model_f-150 xlt supercrew ecoboost 3.5l premium,0.0
cat__model_f-150 xlt supercrew 6.5-ft. bed 4wd,0.0
cat__model_f-150 xlt supercab,0.0
cat__model_f-150 xlt sport lifted,0.0
cat__model_300te,0.0
cat__model_f-250 super duty 4x2 2dr re,0.0
cat__model_f-250 super duty 4x4,0.0
cat__model_300sd,0.0
cat__model_300s awd,0.0
cat__model_f-250sd lariat 4wd!crew,0.0
cat__model_f-250 xlt maxed out 4x4,0.0
cat__model_f-250 xlt 4x4,0.0
cat__model_f-250 xlt,0.0
cat__model_f-250 xl regular cab,0.0
cat__model_f-250 v10,0.0
cat__model_f-250 superduty lariat,0.0
cat__model_f-250 super duty crew 4x4 32k ml.1owner*new wheels 6.2l,0.0
cat__model_f-250 super duty xlt lifted crew,0.0
cat__model_f-250 super duty xlt,0.0
cat__model_f-250 super duty xl,0.0
cat__model_300se,0.0
cat__model_f-250 super duty powerstr,0.0
cat__model_f-250 super duty platinum,0.0
cat__model_f-250 super duty lariat,0.0
cat__model_explorer xlt 4x4 gas suv,0.0
cat__model_explorer xlt 4wd,0.0
cat__model_enclave premium awd w/3rd,0.0
cat__model_escalade 2wd,0.0
cat__model_es350 fwd gas sedan auto,0.0
cat__model_es350,0.0
cat__model_es330,0.0
cat__model_es300,0.0
cat__model_es 350 luxury sedan 4d,0.0
cat__model_es 350 4dr sdn,0.0
cat__model_es 330,0.0
cat__model_es 300h hybrid,0.0
cat__model_es 300h,0.0
cat__model_es 300,0.0
cat__model_es 250,0.0
cat__model_equus signature sedan 4d,0.0
cat__model_equus signature,0.0
cat__model_equinox premier awd,0.0
cat__model_equinox premier,0.0
cat__model_equinox ltz awd,0.0
cat__model_equinox ltz,0.0
cat__model_328i sport,0.0
cat__model_escalade awd 4dr premiu,0.0
cat__model_equinox lt fwd gas suv,0.0
cat__model_escalade esv,0.0
cat__model_escape 4x4,0.0
cat__model_328d xdrive awd tdi,0.0
cat__model_escalate,0.0
cat__model_escalade premium sport,0.0
cat__model_escalade premium,0.0
cat__model_escalade platinum edit,0.0
cat__model_escalade platinum,0.0
cat__model_escalade luxury awd,0.0
cat__model_escalade luxury,0.0
cat__model_escalade ext sport,0.0
cat__model_escalade ext luxury,0.0
cat__model_escalade ext,0.0
cat__model_escalade esv premium luxury,0.0
cat__model_escalade esv premium,0.0
cat__model_328i m3 coupe,0.0
cat__model_escalade esv base,0.0
cat__model_escalade esv awd,0.0
cat__model_equinox lt suv,0.0
cat__model_equinox lt awd,0.0
cat__model_explorer xlt 4dr xlt,0.0
cat__model_envoy,0.0
cat__model_envision preferred sport,0.0
cat__model_envision essence sport,0.0
cat__model_entourage limited,0.0
cat__model_endeavor,0.0
cat__model_encore sport touring,0.0
cat__model_encore preferred sport,0.0
cat__model_encore preferred ii sport,0.0
cat__model_encore preferred,0.0
cat__model_encore leather,0.0
cat__model_328i xdrive,0.0
cat__model_encore gx preferred sport,0.0
cat__model_encore gx preferred,0.0
cat__model_encore gx essence sport,0.0
cat__model_encore gx,0.0
cat__model_encore essence sport,0.0
cat__model_328i xdrive gt,0.0
cat__model_enclave premium sport,0.0
cat__model_envision premium ii,0.0
cat__model_envoy 4x4,0.0
cat__model_equinox lt 1lt,0.0
cat__model_envoy sle 4x4,0.0
cat__model_equinox ls awd,0.0
cat__model_equinox awdlt,0.0
cat__model_equinox awd ls,0.0
cat__model_equinox awd 4dr lt w/1lt,0.0
cat__model_equinox 4dr lt,0.0
cat__model_equinox 1owner 88k ml. new tires well maint&clean carfax!!,0.0
cat__model_equinox 1 owner,0.0
cat__model_328i x-drive,0.0
cat__model_eqinox ls,0.0
cat__model_eos sport convertible,0.0
cat__model_eos final edition,0.0
cat__model_eos 2.0 turbo,0.0
cat__model_eos,0.0
cat__model_envoy xl 4wd,0.0
cat__model_envoy xl,0.0
cat__model_envoy slt 4x4,0.0
cat__model_envoy slt,0.0
cat__model_escape awd,0.0
cat__model_escape hybrid,0.0
cat__model_escape limited,0.0
cat__model_325i e46,0.0
cat__model_expedition xlt 4x4,0.0
cat__model_expedition xlt 3rd row,0.0
cat__model_expedition xlt,0.0
cat__model_expedition max 4x4,0.0
cat__model_expedition limited sport,0.0
cat__model_expedition limited 4x4 3.5,0.0
cat__model_expedition limited 4x4,0.0
cat__model_expedition limited 4x2suv,0.0
cat__model_expedition el xlt 4x4,0.0
cat__model_expedition el xlt,0.0
cat__model_expedition el limited 4x4,0.0
cat__model_325is,0.0
cat__model_expedition el,0.0
cat__model_expedition eddie bauer 4x4,0.0
cat__model_expedition eddie,0.0
cat__model_expedition 4x4,0.0
cat__model_325xi,0.0
cat__model_325ic,0.0
cat__model_explorer 4wd,0.0
cat__model_escape limited hybrid 4wd,0.0
cat__model_explorer 4x4,0.0
cat__model_explorer xlt,0.0
cat__model_explorer xls,0.0
cat__model_325i convertible,0.0
cat__model_explorer sport utility 4d,0.0
cat__model_explorer sport trac xlt,0.0
cat__model_explorer sport trac limited,0.0
cat__model_explorer sport trac,0.0
cat__model_explorer sport automatic,0.0
cat__model_explorer sport,0.0
cat__model_explorer police interceptor,0.0
cat__model_explorer platinum awd,0.0
cat__model_explorer limited automatic,0.0
cat__model_explorer limited 4x4,0.0
cat__model_explorer limited 4wd,0.0
cat__model_explorer limited,0.0
cat__model_explorer eddie bauer,0.0
cat__model_explorer durano navigator,0.0
cat__model_excursion xlt 4dr suv,0.0
cat__model_excursion xlt,0.0
cat__model_excursion limited,0.0
cat__model_excursion eddie bauer,0.0
cat__model_escape titanium sport,0.0
cat__model_escape titanium awd,0.0
cat__model_escape titanium 4x4 gas suv,0.0
cat__model_escape titanium 4x4,0.0
cat__model_escape titanium 4wd,0.0
cat__model_escape titanium,0.0
cat__model_escape sel ecoboost,0.0
cat__model_escape sel awd gas suv auto,0.0
cat__model_escape sel all-wheel drive,0.0
cat__model_escape sel 4x4 gas suv auto,0.0
cat__model_escape sel,0.0
cat__model_escape se sport utility 4d,0.0
cat__model_escape se awd 65k 1-owner new tires tow pkg camera sync,0.0
cat__model_escape se 4x4,0.0
cat__model_escape se 4wd,0.0
cat__model_escape s sport utility 4d,0.0
cat__model_328d,0.0
cat__model_escape titanium sport util,0.0
cat__model_escape xls,0.0
cat__model_escape xls awd! awd,0.0
cat__model_eurovan mv weekender,0.0
cat__model_328 i sulev,0.0
cat__model_ex35 awd,0.0
cat__model_ex35,0.0
cat__model_evoque se,0.0
cat__model_328 xigt sulev,0.0
cat__model_evoke,0.0
cat__model_eurovan weekender,0.0
cat__model_eurovan camper,0.0
cat__model_escape xlt 4wd,0.0
cat__model_eurovan,0.0
cat__model_escort,0.0
cat__model_escape xlt fwd v6 4-speed automatic,0.0
cat__model_escape xlt awdsuv,0.0
cat__model_escape xlt awd! awd,0.0
cat__model_escape xlt awd,0.0
cat__model_escape xlt 4x4,0.0
cat__model_frontier standard 2dr *king cab* standard 5 speed *manual *low miles *clean carfax *local *pickup,0.0
